gene	chrom	exon_start	exon_end	splice_start	splice_end
ABRAXAS1	4	83484986	83485072	83484978	83485080
ABRAXAS1	4	83482154	83482244	83482146	83482252
ABRAXAS1	4	83476643	83476679	83476635	83476687
ABRAXAS1	4	83472222	83472288	83472214	83472296
ABRAXAS1	4	83470203	83470396	83470195	83470404
ABRAXAS1	4	83469032	83469151	83469024	83469159
ABRAXAS1	4	83467454	83467538	83467446	83467546
ABRAXAS1	4	83463494	83463608	83463486	83463616
ABRAXAS1	4	83462469	83462902	83462461	83462910
ACD	16	67660122	67660220	67660114	67660228
ACD	16	67659903	67660045	67659895	67660053
ACD	16	67659702	67659795	67659694	67659803
ACD	16	67659537	67659613	67659529	67659621
ACD	16	67659375	67659419	67659367	67659427
ACD	16	67659229	67659263	67659221	67659271
ACD	16	67658928	67659079	67658920	67659087
ACD	16	67658720	67658816	67658712	67658824
ACD	16	67658555	67658641	67658547	67658649
ACD	16	67657986	67658362	67657978	67658370
ACD	16	67657762	67657853	67657754	67657861
ACD	16	67657606	67657684	67657598	67657692
AIP	11	67483159	67483257	67483151	67483265
AIP	11	67487006	67487185	67486998	67487193
AIP	11	67489267	67489455	67489259	67489463
AIP	11	67490038	67490214	67490030	67490222
AIP	11	67490316	67490457	67490308	67490465
AIP	11	67490788	67490993	67490780	67491001
AKT1	14	104792598	104792643	104792590	104792651
AKT1	14	104780088	104780216	104780080	104780224
AKT1	14	104776659	104776770	104776651	104776778
AKT1	14	104775652	104775799	104775644	104775807
AKT1	14	104775076	104775207	104775068	104775215
AKT1	14	104774938	104775003	104774930	104775011
AKT1	14	104773912	104773980	104773904	104773988
AKT1	14	104773455	104773580	104773447	104773588
AKT1	14	104773251	104773379	104773243	104773387
AKT1	14	104772878	104773092	104772870	104773100
AKT1	14	104772365	104772452	104772357	104772460
AKT1	14	104770745	104770847	104770737	104770855
AKT1	14	104770341	104770420	104770333	104770428
ALK	2	29919993	29920659	29919985	29920667
ALK	2	29717578	29717697	29717570	29717705
ALK	2	29694850	29695014	29694842	29695022
ALK	2	29531915	29532116	29531907	29532124
ALK	2	29383732	29383859	29383724	29383867
ALK	2	29328350	29328481	29328342	29328489
ALK	2	29320751	29320882	29320743	29320890
ALK	2	29318304	29318404	29318296	29318412
ALK	2	29296888	29297057	29296880	29297065
ALK	2	29275402	29275496	29275394	29275504
ALK	2	29275099	29275227	29275091	29275235
ALK	2	29251105	29251267	29251097	29251275
ALK	2	29239680	29239830	29239672	29239838
ALK	2	29233565	29233696	29233557	29233704
ALK	2	29232304	29232448	29232296	29232456
ALK	2	29228884	29229066	29228876	29229074
ALK	2	29227574	29227672	29227566	29227680
ALK	2	29226922	29227074	29226914	29227082
ALK	2	29225461	29225565	29225453	29225573
ALK	2	29223342	29223528	29223334	29223536
ALK	2	29222517	29222607	29222509	29222615
ALK	2	29222344	29222408	29222336	29222416
ALK	2	29220706	29220835	29220698	29220843
ALK	2	29213984	29214081	29213976	29214089
ALK	2	29209786	29209878	29209778	29209886
ALK	2	29207171	29207272	29207163	29207280
ALK	2	29197542	29197676	29197534	29197684
ALK	2	29196770	29196860	29196762	29196868
ALK	2	29193224	29193922	29193216	29193930
ANKRD26	10	27100085	27100326	27100077	27100334
ANKRD26	10	27093685	27093799	27093677	27093807
ANKRD26	10	27093349	27093522	27093341	27093530
ANKRD26	10	27092406	27092512	27092398	27092520
ANKRD26	10	27086539	27086609	27086531	27086617
ANKRD26	10	27082803	27082833	27082795	27082841
ANKRD26	10	27079089	27079161	27079081	27079169
ANKRD26	10	27077633	27077693	27077625	27077701
ANKRD26	10	27077338	27077540	27077330	27077548
ANKRD26	10	27067157	27067286	27067149	27067294
ANKRD26	10	27066487	27066548	27066479	27066556
ANKRD26	10	27063988	27064081	27063980	27064089
ANKRD26	10	27061144	27061242	27061136	27061250
ANKRD26	10	27060512	27060540	27060504	27060548
ANKRD26	10	27060345	27060417	27060337	27060425
ANKRD26	10	27053320	27053390	27053312	27053398
ANKRD26	10	27048801	27048979	27048793	27048987
ANKRD26	10	27046353	27046523	27046345	27046531
ANKRD26	10	27044157	27044190	27044149	27044198
ANKRD26	10	27043426	27043567	27043418	27043575
ANKRD26	10	27039965	27040178	27039957	27040186
ANKRD26	10	27037871	27038054	27037863	27038062
ANKRD26	10	27037186	27037323	27037178	27037331
ANKRD26	10	27034796	27035752	27034788	27035760
ANKRD26	10	27033225	27033377	27033217	27033385
ANKRD26	10	27029286	27029356	27029278	27029364
ANKRD26	10	27028852	27028945	27028844	27028953
ANKRD26	10	27024447	27024559	27024439	27024567
ANKRD26	10	27022558	27022687	27022550	27022695
ANKRD26	10	27017502	27017792	27017494	27017800
ANKRD26	10	27014494	27014711	27014486	27014719
ANKRD26	10	27012882	27013110	27012874	27013118
ANKRD26	10	27006917	27006962	27006909	27006970
ANKRD26	10	27005590	27005723	27005582	27005731
APC	5	112754891	112755025	112754883	112755033
APC	5	112766326	112766410	112766318	112766418
APC	5	112767189	112767390	112767181	112767398
APC	5	112775629	112775737	112775621	112775745
APC	5	112780790	112780903	112780782	112780911
APC	5	112792446	112792529	112792438	112792537
APC	5	112801279	112801383	112801271	112801391
APC	5	112815495	112815593	112815487	112815601
APC	5	112818966	112819344	112818958	112819352
APC	5	112821896	112821991	112821888	112821999
APC	5	112827108	112827247	112827100	112827255
APC	5	112827929	112828006	112827921	112828014
APC	5	112828856	112828972	112828848	112828980
APC	5	112834951	112835165	112834943	112835173
APC	5	112837553	112844126	112837545	112844134
ARID5B	10	61901710	61901730	61901702	61901738
ARID5B	10	61902159	61902413	61902151	61902421
ARID5B	10	61940183	61940408	61940175	61940416
ARID5B	10	62000091	62000321	62000083	62000329
ARID5B	10	62050888	62051000	62050880	62051008
ARID5B	10	62057117	62057318	62057109	62057326
ARID5B	10	62059243	62059295	62059235	62059303
ARID5B	10	62069700	62069797	62069692	62069805
ARID5B	10	62085702	62085900	62085694	62085908
ARID5B	10	62090862	62093030	62090854	62093038
ATG2B	14	96362815	96362976	96362807	96362984
ATG2B	14	96347179	96347341	96347171	96347349
ATG2B	14	96345233	96345385	96345225	96345393
ATG2B	14	96344654	96344756	96344646	96344764
ATG2B	14	96343119	96343281	96343111	96343289
ATG2B	14	96341522	96341701	96341514	96341709
ATG2B	14	96334405	96334501	96334397	96334509
ATG2B	14	96333688	96333873	96333680	96333881
ATG2B	14	96332501	96332655	96332493	96332663
ATG2B	14	96332305	96332410	96332297	96332418
ATG2B	14	96331376	96331637	96331368	96331645
ATG2B	14	96329484	96329634	96329476	96329642
ATG2B	14	96328674	96328766	96328666	96328774
ATG2B	14	96328347	96328535	96328339	96328543
ATG2B	14	96325649	96325922	96325641	96325930
ATG2B	14	96323896	96323998	96323888	96324006
ATG2B	14	96322540	96322735	96322532	96322743
ATG2B	14	96322112	96322254	96322104	96322262
ATG2B	14	96317698	96317855	96317690	96317863
ATG2B	14	96317145	96317317	96317137	96317325
ATG2B	14	96316533	96316683	96316525	96316691
ATG2B	14	96315384	96315583	96315376	96315591
ATG2B	14	96315154	96315234	96315146	96315242
ATG2B	14	96313329	96313435	96313321	96313443
ATG2B	14	96313065	96313157	96313057	96313165
ATG2B	14	96312089	96312159	96312081	96312167
ATG2B	14	96311542	96311618	96311534	96311626
ATG2B	14	96311117	96311287	96311109	96311295
ATG2B	14	96309453	96309594	96309445	96309602
ATG2B	14	96306714	96306916	96306706	96306924
ATG2B	14	96305589	96305815	96305581	96305823
ATG2B	14	96304495	96304603	96304487	96304611
ATG2B	14	96303061	96303255	96303053	96303263
ATG2B	14	96302007	96302108	96301999	96302116
ATG2B	14	96295482	96295560	96295474	96295568
ATG2B	14	96294960	96295167	96294952	96295175
ATG2B	14	96292029	96292098	96292021	96292106
ATG2B	14	96291600	96291682	96291592	96291690
ATG2B	14	96290814	96290935	96290806	96290943
ATG2B	14	96290436	96290590	96290428	96290598
ATG2B	14	96289656	96289805	96289648	96289813
ATG2B	14	96285755	96285985	96285747	96285993
ATM	11	108227625	108227696	108227617	108227704
ATM	11	108227776	108227888	108227768	108227896
ATM	11	108229178	108229323	108229170	108229331
ATM	11	108235670	108235834	108235662	108235842
ATM	11	108243953	108244118	108243945	108244126
ATM	11	108244788	108245026	108244780	108245034
ATM	11	108246964	108247127	108246956	108247135
ATM	11	108248933	108249102	108248925	108249110
ATM	11	108250701	108251072	108250693	108251080
ATM	11	108251837	108252031	108251829	108252039
ATM	11	108252817	108252912	108252809	108252920
ATM	11	108253814	108254039	108253806	108254047
ATM	11	108256215	108256340	108256207	108256348
ATM	11	108257481	108257606	108257473	108257614
ATM	11	108258986	108259075	108258978	108259083
ATM	11	108267171	108267342	108267163	108267350
ATM	11	108268410	108268609	108268402	108268617
ATM	11	108271064	108271146	108271056	108271154
ATM	11	108271251	108271406	108271243	108271414
ATM	11	108272532	108272607	108272524	108272615
ATM	11	108272722	108272852	108272714	108272860
ATM	11	108279491	108279608	108279483	108279616
ATM	11	108280995	108281168	108280987	108281176
ATM	11	108282710	108282879	108282702	108282887
ATM	11	108284227	108284473	108284219	108284481
ATM	11	108287600	108287715	108287592	108287723
ATM	11	108288977	108289103	108288969	108289111
ATM	11	108289602	108289801	108289594	108289809
ATM	11	108292619	108292793	108292611	108292801
ATM	11	108293313	108293477	108293305	108293485
ATM	11	108294927	108295059	108294919	108295067
ATM	11	108297287	108297382	108297279	108297390
ATM	11	108299714	108299885	108299706	108299893
ATM	11	108301648	108301789	108301640	108301797
ATM	11	108302853	108303029	108302845	108303037
ATM	11	108304675	108304852	108304667	108304860
ATM	11	108307897	108307984	108307889	108307992
ATM	11	108310160	108310315	108310152	108310323
ATM	11	108312411	108312498	108312403	108312506
ATM	11	108315823	108315911	108315815	108315919
ATM	11	108316011	108316113	108316003	108316121
ATM	11	108317373	108317521	108317365	108317529
ATM	11	108319954	108320058	108319946	108320066
ATM	11	108321301	108321420	108321293	108321428
ATM	11	108325310	108325544	108325302	108325552
ATM	11	108326058	108326225	108326050	108326233
ATM	11	108327645	108327758	108327637	108327766
ATM	11	108329021	108329238	108329013	108329246
ATM	11	108330214	108330421	108330206	108330429
ATM	11	108331444	108331557	108331436	108331565
ATM	11	108331879	108332037	108331871	108332045
ATM	11	108332762	108332900	108332754	108332908
ATM	11	108333886	108333968	108333878	108333976
ATM	11	108334969	108335109	108334961	108335117
ATM	11	108335845	108335961	108335837	108335969
ATM	11	108343222	108343371	108343214	108343379
ATM	11	108345743	108345908	108345735	108345916
ATM	11	108347279	108347365	108347271	108347373
ATM	11	108353766	108353880	108353758	108353888
ATM	11	108354811	108354874	108354803	108354882
ATM	11	108365082	108365218	108365074	108365226
ATM	11	108365325	108365508	108365317	108365516
ATR	3	142578646	142578704	142578638	142578712
ATR	3	142568063	142568154	142568055	142568162
ATR	3	142566121	142566261	142566113	142566269
ATR	3	142562232	142563109	142562224	142563117
ATR	3	142561243	142561421	142561235	142561429
ATR	3	142560263	142560454	142560255	142560462
ATR	3	142559251	142559441	142559243	142559449
ATR	3	142558624	142558776	142558616	142558784
ATR	3	142556383	142556575	142556375	142556583
ATR	3	142555877	142556139	142555869	142556147
ATR	3	142553825	142554015	142553817	142554023
ATR	3	142553640	142553740	142553632	142553748
ATR	3	142553227	142553398	142553219	142553406
ATR	3	142550132	142550302	142550124	142550310
ATR	3	142549479	142549673	142549471	142549681
ATR	3	142547725	142547910	142547717	142547918
ATR	3	142542665	142542757	142542657	142542765
ATR	3	142540904	142541034	142540896	142541042
ATR	3	142538482	142538625	142538474	142538633
ATR	3	142536108	142536201	142536100	142536209
ATR	3	142535080	142535205	142535072	142535213
ATR	3	142523993	142524199	142523985	142524207
ATR	3	142522728	142522841	142522720	142522849
ATR	3	142519669	142519784	142519661	142519792
ATR	3	142515395	142515515	142515387	142515523
ATR	3	142513501	142513638	142513493	142513646
ATR	3	142512260	142512470	142512252	142512478
ATR	3	142507931	142508109	142507923	142508117
ATR	3	142505139	142505303	142505131	142505311
ATR	3	142503362	142503453	142503354	142503461
ATR	3	142499627	142499718	142499619	142499726
ATR	3	142498597	142498774	142498589	142498782
ATR	3	142497013	142497192	142497005	142497200
ATR	3	142496361	142496520	142496353	142496528
ATR	3	142493132	142493311	142493124	142493319
ATR	3	142485140	142485282	142485132	142485290
ATR	3	142470086	142470183	142470078	142470191
ATR	3	142469337	142469569	142469329	142469577
ATR	3	142467934	142468068	142467926	142468076
ATR	3	142466324	142466533	142466316	142466541
ATR	3	142465097	142465240	142465089	142465248
ATR	3	142461940	142462090	142461932	142462098
ATR	3	142459227	142459383	142459219	142459391
ATR	3	142458958	142459111	142458950	142459119
ATR	3	142457604	142457755	142457596	142457763
ATR	3	142453128	142453233	142453120	142453241
ATR	3	142449429	142449602	142449421	142449610
AXIN2	17	65557806	65558620	65557798	65558628
AXIN2	17	65549520	65549660	65549512	65549668
AXIN2	17	65541455	65541557	65541447	65541565
AXIN2	17	65538203	65538343	65538195	65538351
AXIN2	17	65537324	65537835	65537316	65537843
AXIN2	17	65536869	65537063	65536861	65537071
AXIN2	17	65536320	65536553	65536312	65536561
AXIN2	17	65535626	65535721	65535618	65535729
AXIN2	17	65533912	65534079	65533904	65534087
AXIN2	17	65529976	65530102	65529968	65530110
BAP1	3	52409842	52409878	52409834	52409886
BAP1	3	52409714	52409743	52409706	52409751
BAP1	3	52409554	52409608	52409546	52409616
BAP1	3	52408474	52408606	52408466	52408614
BAP1	3	52407958	52408077	52407950	52408085
BAP1	3	52407399	52407460	52407391	52407468
BAP1	3	52407174	52407316	52407166	52407324
BAP1	3	52406829	52406907	52406821	52406915
BAP1	3	52406253	52406376	52406245	52406384
BAP1	3	52405765	52405912	52405757	52405920
BAP1	3	52405110	52405294	52405102	52405302
BAP1	3	52404453	52404586	52404445	52404594
BAP1	3	52403416	52403894	52403408	52403902
BAP1	3	52403138	52403298	52403130	52403306
BAP1	3	52402779	52402871	52402771	52402879
BAP1	3	52402602	52402674	52402594	52402682
BAP1	3	52402288	52402421	52402280	52402429
BARD1	2	214809412	214809569	214809404	214809577
BARD1	2	214797061	214797117	214797053	214797125
BARD1	2	214792297	214792445	214792289	214792453
BARD1	2	214780560	214781509	214780552	214781517
BARD1	2	214769232	214769312	214769224	214769320
BARD1	2	214767482	214767654	214767474	214767662
BARD1	2	214752447	214752555	214752439	214752563
BARD1	2	214745722	214745854	214745714	214745862
BARD1	2	214745067	214745159	214745059	214745167
BARD1	2	214730411	214730508	214730403	214730516
BARD1	2	214728676	214729008	214728668	214729016
BLM	15	90747393	90747490	90747385	90747498
BLM	15	90749367	90750067	90749359	90750075
BLM	15	90751787	90751946	90751779	90751954
BLM	15	90754811	90754938	90754803	90754946
BLM	15	90760147	90760279	90760139	90760287
BLM	15	90760594	90761255	90760586	90761263
BLM	15	90762966	90763157	90762958	90763165
BLM	15	90765296	90765414	90765288	90765422
BLM	15	90766910	90767023	90766902	90767031
BLM	15	90769133	90769231	90769125	90769239
BLM	15	90769438	90769586	90769430	90769594
BLM	15	90782822	90782928	90782814	90782936
BLM	15	90784921	90785081	90784913	90785089
BLM	15	90790649	90790844	90790641	90790852
BLM	15	90794167	90794357	90794159	90794365
BLM	15	90798190	90798337	90798182	90798345
BLM	15	90803521	90803720	90803513	90803728
BLM	15	90804167	90804359	90804159	90804367
BLM	15	90809137	90809259	90809129	90809267
BLM	15	90811205	90811406	90811197	90811414
BLM	15	90815102	90815279	90815094	90815287
BMPR1A	10	86876019	86876085	86876011	86876093
BMPR1A	10	86890062	86890224	86890054	86890232
BMPR1A	10	86892127	86892229	86892119	86892237
BMPR1A	10	86899794	86899890	86899786	86899898
BMPR1A	10	86900027	86900126	86900019	86900134
BMPR1A	10	86912240	86912384	86912232	86912392
BMPR1A	10	86917134	86917326	86917126	86917334
BMPR1A	10	86919172	86919469	86919164	86919477
BMPR1A	10	86921520	86921695	86921512	86921703
BMPR1A	10	86923376	86923506	86923368	86923514
BMPR1A	10	86923594	86923719	86923586	86923727
BRAF	7	140924566	140924703	140924558	140924711
BRAF	7	140850111	140850212	140850103	140850220
BRAF	7	140834609	140834872	140834601	140834880
BRAF	7	140808892	140808995	140808884	140809003
BRAF	7	140807960	140808062	140807952	140808070
BRAF	7	140801412	140801560	140801404	140801568
BRAF	7	140800362	140800481	140800354	140800489
BRAF	7	140794308	140794467	140794300	140794475
BRAF	7	140787548	140787584	140787540	140787592
BRAF	7	140783021	140783157	140783013	140783165
BRAF	7	140781576	140781693	140781568	140781701
BRAF	7	140777991	140778075	140777983	140778083
BRAF	7	140776912	140777088	140776904	140777096
BRAF	7	140754187	140754233	140754179	140754241
BRAF	7	140753275	140753393	140753267	140753401
BRAF	7	140749287	140749418	140749279	140749426
BRAF	7	140739812	140739946	140739804	140739954
BRAF	7	140734597	140734770	140734589	140734778
BRCA1	17	43124017	43124096	43124009	43124104
BRCA1	17	43115726	43115779	43115718	43115787
BRCA1	17	43106456	43106533	43106448	43106541
BRCA1	17	43104868	43104956	43104860	43104964
BRCA1	17	43104122	43104261	43104114	43104269
BRCA1	17	43099775	43099880	43099767	43099888
BRCA1	17	43097244	43097289	43097236	43097297
BRCA1	17	43095846	43095922	43095838	43095930
BRCA1	17	43091435	43094860	43091427	43094868
BRCA1	17	43090944	43091032	43090936	43091040
BRCA1	17	43082404	43082575	43082396	43082583
BRCA1	17	43076488	43076614	43076480	43076622
BRCA1	17	43074331	43074521	43074323	43074529
BRCA1	17	43070928	43071238	43070920	43071246
BRCA1	17	43067608	43067695	43067600	43067703
BRCA1	17	43063874	43063951	43063866	43063959
BRCA1	17	43063333	43063373	43063325	43063381
BRCA1	17	43057052	43057135	43057044	43057143
BRCA1	17	43051063	43051117	43051055	43051125
BRCA1	17	43049121	43049194	43049113	43049202
BRCA1	17	43047643	43047703	43047635	43047711
BRCA1	17	43045678	43045802	43045670	43045810
BRCA2	13	32316461	32316527	32316453	32316535
BRCA2	13	32319077	32319325	32319069	32319333
BRCA2	13	32325076	32325184	32325068	32325192
BRCA2	13	32326101	32326150	32326093	32326158
BRCA2	13	32326242	32326282	32326234	32326290
BRCA2	13	32326499	32326613	32326491	32326621
BRCA2	13	32329443	32329492	32329435	32329500
BRCA2	13	32330919	32331030	32330911	32331038
BRCA2	13	32332272	32333387	32332264	32333395
BRCA2	13	32336265	32341196	32336257	32341204
BRCA2	13	32344558	32344653	32344550	32344661
BRCA2	13	32346827	32346896	32346819	32346904
BRCA2	13	32354861	32355288	32354853	32355296
BRCA2	13	32356428	32356609	32356420	32356617
BRCA2	13	32357742	32357929	32357734	32357937
BRCA2	13	32362523	32362693	32362515	32362701
BRCA2	13	32363179	32363533	32363171	32363541
BRCA2	13	32370402	32370557	32370394	32370565
BRCA2	13	32370956	32371100	32370948	32371108
BRCA2	13	32376670	32376791	32376662	32376799
BRCA2	13	32379317	32379515	32379309	32379523
BRCA2	13	32379750	32379913	32379742	32379921
BRCA2	13	32380007	32380145	32379999	32380153
BRCA2	13	32394689	32394933	32394681	32394941
BRCA2	13	32396898	32397044	32396890	32397052
BRCA2	13	32398162	32398770	32398154	32398778
BRIP1	17	61861447	61861539	61861439	61861547
BRIP1	17	61859796	61859907	61859788	61859915
BRIP1	17	61857058	61857231	61857050	61857239
BRIP1	17	61849129	61849256	61849121	61849264
BRIP1	17	61847101	61847220	61847093	61847228
BRIP1	17	61808467	61808757	61808459	61808765
BRIP1	17	61801253	61801474	61801245	61801482
BRIP1	17	61799100	61799299	61799092	61799307
BRIP1	17	61793597	61793729	61793589	61793737
BRIP1	17	61784270	61784424	61784262	61784432
BRIP1	17	61780840	61781005	61780832	61781013
BRIP1	17	61780261	61780401	61780253	61780409
BRIP1	17	61776401	61776562	61776393	61776570
BRIP1	17	61744432	61744591	61744424	61744599
BRIP1	17	61743013	61743134	61743005	61743142
BRIP1	17	61715951	61716063	61715943	61716071
BRIP1	17	61693430	61693512	61693422	61693520
BRIP1	17	61685836	61686165	61685828	61686173
BRIP1	17	61683296	61684140	61683288	61684148
BUB1B	15	40161221	40161255	40161213	40161263
BUB1B	15	40165053	40165196	40165045	40165204
BUB1B	15	40170062	40170121	40170054	40170129
BUB1B	15	40170537	40170681	40170529	40170689
BUB1B	15	40176477	40176673	40176469	40176681
BUB1B	15	40183714	40183883	40183706	40183891
BUB1B	15	40185165	40185379	40185157	40185387
BUB1B	15	40185551	40185642	40185543	40185650
BUB1B	15	40196545	40196774	40196537	40196782
BUB1B	15	40199615	40199727	40199607	40199735
BUB1B	15	40200244	40200359	40200236	40200367
BUB1B	15	40200931	40200980	40200923	40200988
BUB1B	15	40202405	40202465	40202397	40202473
BUB1B	15	40202589	40202694	40202581	40202702
BUB1B	15	40206184	40206458	40206176	40206466
BUB1B	15	40208637	40208770	40208629	40208778
BUB1B	15	40209635	40209775	40209627	40209783
BUB1B	15	40210110	40210210	40210102	40210218
BUB1B	15	40212499	40212648	40212491	40212656
BUB1B	15	40213332	40213474	40213324	40213482
BUB1B	15	40217496	40217667	40217488	40217675
BUB1B	15	40218456	40218562	40218448	40218570
BUB1B	15	40220564	40220759	40220556	40220767
CBL	11	119206418	119206612	119206410	119206620
CBL	11	119232448	119232695	119232440	119232703
CBL	11	119271735	119271881	119271727	119271889
CBL	11	119273868	119274024	119273860	119274032
CBL	11	119274832	119274953	119274824	119274961
CBL	11	119275997	119276134	119275989	119276142
CBL	11	119277757	119277844	119277749	119277852
CBL	11	119278166	119278297	119278158	119278305
CBL	11	119278510	119278713	119278502	119278721
CBL	11	119284969	119285100	119284961	119285108
CBL	11	119285189	119285566	119285181	119285574
CBL	11	119287852	119287946	119287844	119287954
CBL	11	119296918	119297034	119296910	119297042
CBL	11	119297384	119297481	119297376	119297489
CBL	11	119298358	119298540	119298350	119298548
CBL	11	119299495	119299781	119299487	119299789
CDC73	1	193122201	193122331	193122193	193122339
CDC73	1	193125112	193125217	193125104	193125225
CDC73	1	193130174	193130243	193130166	193130251
CDC73	1	193135391	193135453	193135383	193135461
CDC73	1	193135537	193135589	193135529	193135597
CDC73	1	193138085	193138173	193138077	193138181
CDC73	1	193141850	193142066	193141842	193142074
CDC73	1	193147867	193147965	193147859	193147973
CDC73	1	193150304	193150382	193150296	193150390
CDC73	1	193152380	193152444	193152372	193152452
CDC73	1	193203795	193203852	193203787	193203860
CDC73	1	193212065	193212100	193212057	193212108
CDC73	1	193212390	193212477	193212382	193212485
CDC73	1	193232993	193233154	193232985	193233162
CDC73	1	193236256	193236356	193236248	193236364
CDC73	1	193249730	193249871	193249722	193249879
CDC73	1	193250676	193250712	193250668	193250720
CDH1	16	68737416	68737463	68737408	68737471
CDH1	16	68738297	68738411	68738289	68738419
CDH1	16	68801670	68801893	68801662	68801901
CDH1	16	68808424	68808567	68808416	68808575
CDH1	16	68808693	68808848	68808685	68808856
CDH1	16	68810197	68810341	68810189	68810349
CDH1	16	68811684	68811859	68811676	68811867
CDH1	16	68812135	68812263	68812127	68812271
CDH1	16	68813313	68813495	68813305	68813503
CDH1	16	68815515	68815759	68815507	68815767
CDH1	16	68819280	68819425	68819272	68819433
CDH1	16	68822001	68822225	68821993	68822233
CDH1	16	68823399	68823626	68823391	68823634
CDH1	16	68828174	68828304	68828166	68828312
CDH1	16	68829654	68829797	68829646	68829805
CDH1	16	68833290	68833499	68833282	68833507
CDK12	17	39462072	39463117	39462064	39463125
CDK12	17	39470879	39471763	39470871	39471771
CDK12	17	39490557	39490733	39490549	39490741
CDK12	17	39492751	39492890	39492743	39492898
CDK12	17	39494524	39494694	39494516	39494702
CDK12	17	39501250	39501439	39501242	39501447
CDK12	17	39509705	39509761	39509697	39509769
CDK12	17	39511529	39511630	39511521	39511638
CDK12	17	39515731	39515808	39515723	39515816
CDK12	17	39517440	39517556	39517432	39517564
CDK12	17	39519956	39520087	39519948	39520095
CDK12	17	39524674	39524885	39524666	39524893
CDK12	17	39525864	39526316	39525856	39526324
CDK12	17	39530604	39531316	39530596	39531324
CDK4	12	57751500	57751717	57751492	57751725
CDK4	12	57751207	57751342	57751199	57751350
CDK4	12	57750923	57751090	57750915	57751098
CDK4	12	57750656	57750765	57750648	57750773
CDK4	12	57749454	57749504	57749446	57749512
CDK4	12	57749182	57749317	57749174	57749325
CDK4	12	57748525	57748617	57748517	57748625
CDKN1B	12	12717840	12718314	12717832	12718322
CDKN1B	12	12718825	12718946	12718817	12718954
CDKN1C	11	2884670	2885456	2884662	2885464
CDKN1C	11	2884004	2884134	2883996	2884142
CDKN2A	9	21974678	21974827	21974670	21974835
CDKN2A	9	21970902	21971208	21970894	21971216
CDKN2A	9	21968229	21968242	21968221	21968250
CEBPA	19	33301338	33302414	33301330	33302422
CFTR	7	117480095	117480147	117480087	117480155
CFTR	7	117504253	117504363	117504245	117504371
CFTR	7	117509034	117509142	117509026	117509150
CFTR	7	117530899	117531114	117530891	117531122
CFTR	7	117534276	117534365	117534268	117534373
CFTR	7	117535248	117535411	117535240	117535419
CFTR	7	117536548	117536673	117536540	117536681
CFTR	7	117540100	117540346	117540092	117540354
CFTR	7	117542016	117542108	117542008	117542116
CFTR	7	117548641	117548823	117548633	117548831
CFTR	7	117559464	117559655	117559456	117559663
CFTR	7	117587739	117587833	117587731	117587841
CFTR	7	117590353	117590439	117590345	117590447
CFTR	7	117591934	117592657	117591926	117592665
CFTR	7	117594930	117595058	117594922	117595066
CFTR	7	117602826	117602863	117602818	117602871
CFTR	7	117603532	117603782	117603524	117603790
CFTR	7	117606674	117606753	117606666	117606761
CFTR	7	117610519	117610669	117610511	117610677
CFTR	7	117611581	117611808	117611573	117611816
CFTR	7	117614613	117614713	117614605	117614721
CFTR	7	117627522	117627770	117627514	117627778
CFTR	7	117642438	117642593	117642430	117642601
CFTR	7	117652842	117652931	117652834	117652939
CFTR	7	117664688	117664860	117664680	117664868
CFTR	7	117665459	117665564	117665451	117665572
CFTR	7	117666908	117667108	117666900	117667116
CHEK2	22	28734403	28734721	28734395	28734729
CHEK2	22	28725243	28725367	28725235	28725375
CHEK2	22	28724977	28725124	28724969	28725132
CHEK2	22	28719395	28719485	28719387	28719493
CHEK2	22	28711909	28712017	28711901	28712025
CHEK2	22	28710006	28710059	28709998	28710067
CHEK2	22	28703505	28703566	28703497	28703574
CHEK2	22	28699838	28699937	28699830	28699945
CHEK2	22	28696901	28696987	28696893	28696995
CHEK2	22	28695710	28695873	28695702	28695881
CHEK2	22	28695127	28695242	28695119	28695250
CHEK2	22	28694032	28694117	28694024	28694125
CHEK2	22	28689135	28689215	28689127	28689223
CHEK2	22	28687897	28687986	28687889	28687994
COL7A1	3	48595075	48595159	48595067	48595167
COL7A1	3	48594368	48594548	48594360	48594556
COL7A1	3	48593537	48593696	48593529	48593704
COL7A1	3	48593356	48593449	48593348	48593457
COL7A1	3	48593102	48593263	48593094	48593271
COL7A1	3	48592775	48592938	48592767	48592946
COL7A1	3	48592570	48592699	48592562	48592707
COL7A1	3	48592351	48592467	48592343	48592475
COL7A1	3	48592102	48592248	48592094	48592256
COL7A1	3	48591898	48592014	48591890	48592022
COL7A1	3	48591673	48591822	48591665	48591830
COL7A1	3	48591464	48591592	48591456	48591600
COL7A1	3	48590673	48590816	48590665	48590824
COL7A1	3	48590459	48590584	48590451	48590592
COL7A1	3	48590213	48590356	48590205	48590364
COL7A1	3	48589599	48589718	48589591	48589726
COL7A1	3	48589327	48589470	48589319	48589478
COL7A1	3	48588870	48588995	48588862	48589003
COL7A1	3	48588642	48588788	48588634	48588796
COL7A1	3	48588282	48588404	48588274	48588412
COL7A1	3	48587793	48587939	48587785	48587947
COL7A1	3	48587420	48587554	48587412	48587562
COL7A1	3	48587190	48587336	48587182	48587344
COL7A1	3	48586972	48587108	48586964	48587116
COL7A1	3	48586563	48586689	48586555	48586697
COL7A1	3	48586332	48586478	48586324	48586486
COL7A1	3	48586074	48586246	48586066	48586254
COL7A1	3	48585940	48585975	48585932	48585983
COL7A1	3	48585830	48585856	48585822	48585864
COL7A1	3	48585690	48585734	48585682	48585742
COL7A1	3	48585557	48585619	48585549	48585627
COL7A1	3	48585036	48585116	48585028	48585124
COL7A1	3	48584910	48584945	48584902	48584953
COL7A1	3	48584734	48584769	48584726	48584777
COL7A1	3	48584485	48584556	48584477	48584564
COL7A1	3	48584298	48584375	48584290	48584383
COL7A1	3	48584035	48584061	48584027	48584069
COL7A1	3	48583900	48583953	48583892	48583961
COL7A1	3	48583718	48583780	48583710	48583788
COL7A1	3	48583556	48583615	48583548	48583623
COL7A1	3	48583393	48583428	48583385	48583436
COL7A1	3	48583127	48583171	48583119	48583179
COL7A1	3	48583013	48583048	48583005	48583056
COL7A1	3	48582609	48582653	48582601	48582661
COL7A1	3	48582478	48582513	48582470	48582521
COL7A1	3	48582323	48582358	48582315	48582366
COL7A1	3	48581911	48581943	48581903	48581951
COL7A1	3	48581706	48581759	48581698	48581767
COL7A1	3	48581573	48581632	48581565	48581640
COL7A1	3	48581448	48581483	48581440	48581491
COL7A1	3	48581260	48581340	48581252	48581348
COL7A1	3	48581122	48581157	48581114	48581165
COL7A1	3	48580882	48580926	48580874	48580934
COL7A1	3	48580581	48580652	48580573	48580660
COL7A1	3	48580300	48580344	48580292	48580352
COL7A1	3	48580031	48580057	48580023	48580065
COL7A1	3	48579785	48579814	48579777	48579822
COL7A1	3	48579588	48579668	48579580	48579676
COL7A1	3	48579480	48579515	48579472	48579523
COL7A1	3	48579369	48579404	48579361	48579412
COL7A1	3	48579197	48579277	48579189	48579285
COL7A1	3	48578919	48578954	48578911	48578962
COL7A1	3	48578453	48578515	48578445	48578523
COL7A1	3	48578321	48578365	48578313	48578373
COL7A1	3	48576992	48577027	48576984	48577035
COL7A1	3	48576884	48576919	48576876	48576927
COL7A1	3	48576676	48576771	48576668	48576779
COL7A1	3	48576522	48576557	48576514	48576565
COL7A1	3	48576400	48576435	48576392	48576443
COL7A1	3	48576249	48576296	48576241	48576304
COL7A1	3	48575867	48575902	48575859	48575910
COL7A1	3	48575626	48575748	48575618	48575756
COL7A1	3	48575339	48575539	48575331	48575547
COL7A1	3	48575207	48575242	48575199	48575250
COL7A1	3	48575064	48575126	48575056	48575134
COL7A1	3	48574797	48574865	48574789	48574873
COL7A1	3	48574677	48574721	48574669	48574729
COL7A1	3	48574488	48574550	48574480	48574558
COL7A1	3	48574262	48574306	48574254	48574314
COL7A1	3	48573855	48573890	48573847	48573898
COL7A1	3	48573690	48573725	48573682	48573733
COL7A1	3	48573513	48573557	48573505	48573565
COL7A1	3	48573316	48573348	48573308	48573356
COL7A1	3	48573174	48573236	48573166	48573244
COL7A1	3	48573021	48573056	48573013	48573064
COL7A1	3	48572862	48572942	48572854	48572950
COL7A1	3	48572671	48572739	48572663	48572747
COL7A1	3	48572503	48572538	48572495	48572546
COL7A1	3	48572380	48572421	48572372	48572429
COL7A1	3	48572127	48572171	48572119	48572179
COL7A1	3	48572001	48572045	48571993	48572053
COL7A1	3	48571243	48571278	48571235	48571286
COL7A1	3	48571101	48571160	48571093	48571168
COL7A1	3	48570861	48570968	48570853	48570976
COL7A1	3	48570639	48570710	48570631	48570718
COL7A1	3	48570465	48570500	48570457	48570508
COL7A1	3	48570275	48570334	48570267	48570342
COL7A1	3	48570134	48570178	48570126	48570186
COL7A1	3	48569880	48569915	48569872	48569923
COL7A1	3	48569725	48569760	48569717	48569768
COL7A1	3	48569592	48569648	48569584	48569656
COL7A1	3	48569375	48569446	48569367	48569454
COL7A1	3	48568784	48568855	48568776	48568863
COL7A1	3	48568499	48568534	48568491	48568542
COL7A1	3	48568090	48568170	48568082	48568178
COL7A1	3	48567838	48567891	48567830	48567899
COL7A1	3	48567710	48567763	48567702	48567771
COL7A1	3	48567574	48567636	48567566	48567644
COL7A1	3	48567128	48567190	48567120	48567198
COL7A1	3	48566907	48567023	48566899	48567031
COL7A1	3	48566660	48566737	48566652	48566745
COL7A1	3	48566510	48566563	48566502	48566571
COL7A1	3	48566267	48566315	48566259	48566323
COL7A1	3	48565636	48565668	48565628	48565676
COL7A1	3	48565410	48565496	48565402	48565504
COL7A1	3	48565109	48565201	48565101	48565209
COL7A1	3	48564783	48564980	48564775	48564988
COL7A1	3	48564406	48564422	48564398	48564430
CSF3R	1	36479433	36479496	36479425	36479504
CSF3R	1	36475377	36475673	36475369	36475681
CSF3R	1	36473764	36473887	36473756	36473895
CSF3R	1	36473435	36473622	36473427	36473630
CSF3R	1	36472517	36472686	36472509	36472694
CSF3R	1	36472238	36472391	36472230	36472399
CSF3R	1	36472066	36472139	36472058	36472147
CSF3R	1	36471433	36471646	36471425	36471654
CSF3R	1	36469652	36469840	36469644	36469848
CSF3R	1	36469156	36469257	36469148	36469265
CSF3R	1	36468075	36468221	36468067	36468229
CSF3R	1	36467822	36467962	36467814	36467970
CSF3R	1	36467558	36467651	36467550	36467659
CSF3R	1	36467230	36467311	36467222	36467319
CSF3R	1	36466357	36466827	36466349	36466835
CTC1	17	8248004	8248036	8247996	8248044
CTC1	17	8242985	8243148	8242977	8243156
CTC1	17	8238392	8238629	8238384	8238637
CTC1	17	8238031	8238242	8238023	8238250
CTC1	17	8237375	8237519	8237367	8237527
CTC1	17	8236058	8236342	8236050	8236350
CTC1	17	8235831	8235959	8235823	8235967
CTC1	17	8235053	8235285	8235045	8235293
CTC1	17	8234749	8234926	8234741	8234934
CTC1	17	8234455	8234655	8234447	8234663
CTC1	17	8232906	8233032	8232898	8233040
CTC1	17	8232361	8232475	8232353	8232483
CTC1	17	8231903	8232227	8231895	8232235
CTC1	17	8231726	8231815	8231718	8231823
CTC1	17	8231276	8231469	8231268	8231477
CTC1	17	8230563	8230651	8230555	8230659
CTC1	17	8230294	8230468	8230286	8230476
CTC1	17	8229891	8229968	8229883	8229976
CTC1	17	8229302	8229446	8229294	8229454
CTC1	17	8229142	8229206	8229134	8229214
CTC1	17	8228727	8228892	8228719	8228900
CTC1	17	8228503	8228629	8228495	8228637
CTC1	17	8228180	8228319	8228172	8228327
CTNNA1	5	138781925	138782029	138781917	138782037
CTNNA1	5	138783177	138783372	138783169	138783380
CTNNA1	5	138810038	138810204	138810030	138810212
CTNNA1	5	138812183	138812302	138812175	138812310
CTNNA1	5	138824530	138824799	138824522	138824807
CTNNA1	5	138827515	138827718	138827507	138827726
CTNNA1	5	138886212	138886292	138886204	138886300
CTNNA1	5	138887490	138887642	138887482	138887650
CTNNA1	5	138904349	138904441	138904341	138904449
CTNNA1	5	138917742	138917898	138917734	138917906
CTNNA1	5	138924510	138924710	138924502	138924718
CTNNA1	5	138925256	138925407	138925248	138925415
CTNNA1	5	138929246	138929356	138929238	138929364
CTNNA1	5	138930473	138930654	138930465	138930662
CTNNA1	5	138930830	138930935	138930822	138930943
CTNNA1	5	138932578	138932712	138932570	138932720
CTNNA1	5	138933802	138934089	138933794	138934097
CTR9	11	10751413	10751457	10751405	10751465
CTR9	11	10752672	10752770	10752664	10752778
CTR9	11	10754958	10755197	10754950	10755205
CTR9	11	10755678	10755795	10755670	10755803
CTR9	11	10756749	10756838	10756741	10756846
CTR9	11	10760173	10760321	10760165	10760329
CTR9	11	10761947	10762054	10761939	10762062
CTR9	11	10763431	10763538	10763423	10763546
CTR9	11	10763643	10763879	10763635	10763887
CTR9	11	10764112	10764201	10764104	10764209
CTR9	11	10764308	10764436	10764300	10764444
CTR9	11	10764548	10764731	10764540	10764739
CTR9	11	10766402	10766490	10766394	10766498
CTR9	11	10767806	10767991	10767798	10767999
CTR9	11	10768074	10768161	10768066	10768169
CTR9	11	10768343	10768491	10768335	10768499
CTR9	11	10770210	10770326	10770202	10770334
CTR9	11	10770487	10770632	10770479	10770640
CTR9	11	10771545	10771616	10771537	10771624
CTR9	11	10772520	10772655	10772512	10772663
CTR9	11	10773127	10773273	10773119	10773281
CTR9	11	10774012	10774169	10774004	10774177
CTR9	11	10775207	10775303	10775199	10775311
CTR9	11	10775521	10775633	10775513	10775641
CTR9	11	10778679	10779105	10778671	10779113
CYLD	16	50749699	50750202	50749691	50750210
CYLD	16	50751604	50751906	50751596	50751914
CYLD	16	50754319	50754424	50754311	50754432
CYLD	16	50775166	50775174	50775158	50775182
CYLD	16	50776179	50776277	50776171	50776285
CYLD	16	50777825	50777941	50777817	50777949
CYLD	16	50779665	50780044	50779657	50780052
CYLD	16	50781246	50781411	50781238	50781419
CYLD	16	50782325	50782466	50782317	50782474
CYLD	16	50784329	50784451	50784321	50784459
CYLD	16	50786855	50786946	50786847	50786954
CYLD	16	50787786	50787852	50787778	50787860
CYLD	16	50791558	50791690	50791550	50791698
CYLD	16	50792597	50792705	50792589	50792713
CYLD	16	50793546	50793664	50793538	50793672
CYLD	16	50794212	50794428	50794204	50794436
CYLD	16	50796324	50796508	50796316	50796516
DDB2	11	47215137	47215263	47215129	47215271
DDB2	11	47216336	47216472	47216328	47216480
DDB2	11	47216858	47217049	47216850	47217057
DDB2	11	47232814	47232959	47232806	47232967
DDB2	11	47234573	47234672	47234565	47234680
DDB2	11	47234757	47234934	47234749	47234942
DDB2	11	47235270	47235412	47235262	47235420
DDB2	11	47237837	47238001	47237829	47238009
DDB2	11	47238138	47238183	47238130	47238191
DDB2	11	47238800	47238849	47238792	47238857
DDX41	5	177516919	177516945	177516911	177516953
DDX41	5	177516725	177516835	177516717	177516843
DDX41	5	177516288	177516447	177516280	177516455
DDX41	5	177516119	177516193	177516111	177516201
DDX41	5	177515929	177515989	177515921	177515997
DDX41	5	177515685	177515821	177515677	177515829
DDX41	5	177515186	177515258	177515178	177515266
DDX41	5	177514916	177515069	177514908	177515077
DDX41	5	177514701	177514837	177514693	177514845
DDX41	5	177513685	177513847	177513677	177513855
DDX41	5	177513353	177513484	177513345	177513492
DDX41	5	177513011	177513082	177513003	177513090
DDX41	5	177512780	177512876	177512772	177512884
DDX41	5	177512496	177512645	177512488	177512653
DDX41	5	177512322	177512393	177512314	177512401
DDX41	5	177512096	177512206	177512088	177512214
DDX41	5	177511791	177511927	177511783	177511935
DICER1	14	95133315	95133458	95133307	95133466
DICER1	14	95132515	95132677	95132507	95132685
DICER1	14	95131509	95131639	95131501	95131647
DICER1	14	95130058	95130192	95130050	95130200
DICER1	14	95129472	95129632	95129464	95129640
DICER1	14	95126580	95126748	95126572	95126756
DICER1	14	95124196	95124668	95124188	95124676
DICER1	14	95117622	95117754	95117614	95117762
DICER1	14	95116453	95116695	95116445	95116703
DICER1	14	95115667	95115821	95115659	95115829
DICER1	14	95113092	95113224	95113084	95113232
DICER1	14	95112172	95112247	95112164	95112255
DICER1	14	95111317	95111456	95111309	95111464
DICER1	14	95108324	95108503	95108316	95108511
DICER1	14	95107880	95108093	95107872	95108101
DICER1	14	95107608	95107761	95107600	95107769
DICER1	14	95106041	95106223	95106033	95106231
DICER1	14	95105678	95105783	95105670	95105791
DICER1	14	95105071	95105246	95105063	95105254
DICER1	14	95103346	95104126	95103338	95104134
DICER1	14	95099780	95099935	95099772	95099943
DICER1	14	95095825	95096713	95095817	95096721
DICER1	14	95093888	95094156	95093880	95094164
DICER1	14	95091203	95091365	95091195	95091373
DICER1	14	95091034	95091109	95091026	95091117
DICER1	14	95090498	95090663	95090490	95090671
DIS3L2	2	232014928	232014979	232014920	232014987
DIS3L2	2	232015514	232015671	232015506	232015679
DIS3L2	2	232024277	232024330	232024269	232024338
DIS3L2	2	232029979	232030080	232029971	232030088
DIS3L2	2	232087487	232087721	232087479	232087729
DIS3L2	2	232130619	232130719	232130611	232130727
DIS3L2	2	232136472	232136719	232136464	232136727
DIS3L2	2	232163459	232163632	232163451	232163640
DIS3L2	2	232210326	232210405	232210318	232210413
DIS3L2	2	232238533	232238645	232238525	232238653
DIS3L2	2	232249239	232249346	232249231	232249354
DIS3L2	2	232263207	232263440	232263199	232263448
DIS3L2	2	232300040	232300119	232300032	232300127
DIS3L2	2	232329813	232329996	232329805	232330004
DIS3L2	2	232330690	232330776	232330682	232330784
DIS3L2	2	232333840	232333987	232333832	232333995
DIS3L2	2	232334369	232334499	232334361	232334507
DIS3L2	2	232334631	232334735	232334623	232334743
DIS3L2	2	232335773	232335874	232335765	232335882
DIS3L2	2	232336469	232336630	232336461	232336638
DKC1	X	154762966	154762981	154762958	154762989
DKC1	X	154764899	154764966	154764891	154764974
DKC1	X	154765444	154765530	154765436	154765538
DKC1	X	154765907	154765998	154765899	154766006
DKC1	X	154766216	154766400	154766208	154766408
DKC1	X	154766997	154767061	154766989	154767069
DKC1	X	154767256	154767382	154767248	154767390
DKC1	X	154768302	154768432	154768294	154768440
DKC1	X	154769167	154769310	154769159	154769318
DKC1	X	154770759	154770879	154770751	154770887
DKC1	X	154773131	154773249	154773123	154773257
DKC1	X	154774602	154774705	154774594	154774713
DKC1	X	154775195	154775273	154775187	154775281
DKC1	X	154776187	154776324	154776179	154776332
DKC1	X	154776799	154776867	154776791	154776875
DNAH9	17	11598499	11598915	11598491	11598923
DNAH9	17	11608129	11608325	11608121	11608333
DNAH9	17	11610396	11610554	11610388	11610562
DNAH9	17	11611650	11611780	11611642	11611788
DNAH9	17	11617411	11617622	11617403	11617630
DNAH9	17	11619548	11619781	11619540	11619789
DNAH9	17	11629417	11629584	11629409	11629592
DNAH9	17	11632587	11632703	11632579	11632711
DNAH9	17	11636634	11636784	11636626	11636792
DNAH9	17	11640270	11640384	11640262	11640392
DNAH9	17	11644631	11644699	11644623	11644707
DNAH9	17	11647072	11647198	11647064	11647206
DNAH9	17	11651069	11651324	11651061	11651332
DNAH9	17	11652761	11653002	11652753	11653010
DNAH9	17	11664833	11664968	11664825	11664976
DNAH9	17	11669064	11669260	11669056	11669268
DNAH9	17	11669370	11669794	11669362	11669802
DNAH9	17	11679757	11679979	11679749	11679987
DNAH9	17	11680723	11680889	11680715	11680897
DNAH9	17	11689566	11690436	11689558	11690444
DNAH9	17	11693868	11693998	11693860	11694006
DNAH9	17	11694321	11694447	11694313	11694455
DNAH9	17	11699731	11699883	11699723	11699891
DNAH9	17	11701122	11701247	11701114	11701255
DNAH9	17	11704203	11704442	11704195	11704450
DNAH9	17	11705025	11705185	11705017	11705193
DNAH9	17	11719334	11719490	11719326	11719498
DNAH9	17	11727818	11727922	11727810	11727930
DNAH9	17	11738880	11739037	11738872	11739045
DNAH9	17	11742175	11742313	11742167	11742321
DNAH9	17	11744797	11745084	11744789	11745092
DNAH9	17	11747556	11747766	11747548	11747774
DNAH9	17	11752833	11752960	11752825	11752968
DNAH9	17	11756568	11756676	11756560	11756684
DNAH9	17	11757545	11757692	11757537	11757700
DNAH9	17	11763440	11763614	11763432	11763622
DNAH9	17	11768453	11768626	11768445	11768634
DNAH9	17	11769122	11769329	11769114	11769337
DNAH9	17	11781009	11781174	11781001	11781182
DNAH9	17	11783646	11783748	11783638	11783756
DNAH9	17	11784300	11784539	11784292	11784547
DNAH9	17	11793503	11793664	11793495	11793672
DNAH9	17	11797597	11797793	11797589	11797801
DNAH9	17	11807732	11807894	11807724	11807902
DNAH9	17	11810246	11810369	11810238	11810377
DNAH9	17	11821920	11822062	11821912	11822070
DNAH9	17	11822438	11822599	11822430	11822607
DNAH9	17	11822801	11823034	11822793	11823042
DNAH9	17	11834638	11834898	11834630	11834906
DNAH9	17	11854003	11854428	11853995	11854436
DNAH9	17	11869134	11869253	11869126	11869261
DNAH9	17	11871598	11871786	11871590	11871794
DNAH9	17	11874949	11875184	11874941	11875192
DNAH9	17	11880078	11880200	11880070	11880208
DNAH9	17	11881209	11881413	11881201	11881421
DNAH9	17	11883586	11883750	11883578	11883758
DNAH9	17	11886825	11886965	11886817	11886973
DNAH9	17	11891777	11891947	11891769	11891955
DNAH9	17	11894374	11894496	11894366	11894504
DNAH9	17	11902719	11902912	11902711	11902920
DNAH9	17	11905661	11905809	11905653	11905817
DNAH9	17	11923814	11923941	11923806	11923949
DNAH9	17	11929866	11930093	11929858	11930101
DNAH9	17	11932014	11932205	11932006	11932213
DNAH9	17	11933880	11934071	11933872	11934079
DNAH9	17	11937352	11937522	11937344	11937530
DNAH9	17	11942303	11942485	11942295	11942493
DNAH9	17	11961867	11962256	11961859	11962264
DNAH9	17	11969300	11969527	11969292	11969535
DNAJC21	5	34929820	34929916	34929812	34929924
DNAJC21	5	34933815	34933908	34933807	34933916
DNAJC21	5	34935710	34935833	34935702	34935841
DNAJC21	5	34936144	34936266	34936136	34936274
DNAJC21	5	34937326	34937630	34937318	34937638
DNAJC21	5	34938858	34939009	34938850	34939017
DNAJC21	5	34941096	34941183	34941088	34941191
DNAJC21	5	34944867	34945025	34944859	34945033
DNAJC21	5	34945761	34945803	34945753	34945811
DNAJC21	5	34950170	34950342	34950162	34950350
DNAJC21	5	34953926	34954001	34953918	34954009
DNAJC21	5	34954553	34954714	34954545	34954722
DOCK8	9	214977	215029	214969	215037
DOCK8	9	271627	271729	271619	271737
DOCK8	9	286461	286636	286453	286644
DOCK8	9	289510	289581	289502	289589
DOCK8	9	304581	304704	304573	304712
DOCK8	9	311954	312166	311946	312174
DOCK8	9	317043	317128	317035	317136
DOCK8	9	325671	325737	325663	325745
DOCK8	9	328022	328171	328014	328179
DOCK8	9	332398	332478	332390	332486
DOCK8	9	334225	334384	334217	334392
DOCK8	9	336582	336718	336574	336726
DOCK8	9	339006	339099	338998	339107
DOCK8	9	340159	340321	340151	340329
DOCK8	9	368018	368135	368010	368143
DOCK8	9	370230	370300	370222	370308
DOCK8	9	371428	371566	371420	371574
DOCK8	9	372185	372286	372177	372294
DOCK8	9	376210	376305	376202	376313
DOCK8	9	376977	377211	376969	377219
DOCK8	9	379771	379935	379763	379943
DOCK8	9	382513	382685	382505	382693
DOCK8	9	386331	386426	386323	386434
DOCK8	9	390471	390566	390463	390574
DOCK8	9	396785	396934	396777	396942
DOCK8	9	399146	399259	399138	399267
DOCK8	9	404918	405073	404910	405081
DOCK8	9	406930	407069	406922	407077
DOCK8	9	414782	414951	414774	414959
DOCK8	9	418068	418207	418060	418215
DOCK8	9	420401	420583	420393	420591
DOCK8	9	420949	421078	420941	421086
DOCK8	9	422048	422135	422040	422143
DOCK8	9	426885	426981	426877	426989
DOCK8	9	428362	428496	428354	428504
DOCK8	9	429702	429854	429694	429862
DOCK8	9	432166	432324	432158	432332
DOCK8	9	433875	433975	433867	433983
DOCK8	9	434783	434975	434775	434983
DOCK8	9	439245	439388	439237	439396
DOCK8	9	441286	441417	441278	441425
DOCK8	9	441875	442009	441867	442017
DOCK8	9	443427	443516	443419	443524
DOCK8	9	446370	446606	446362	446614
DOCK8	9	449784	449927	449776	449935
DOCK8	9	452011	452117	452003	452125
DOCK8	9	463517	463687	463509	463695
DOCK8	9	464159	464219	464151	464227
DPYD	1	97920884	97920922	97920876	97920930
DPYD	1	97883264	97883374	97883256	97883382
DPYD	1	97828114	97828196	97828106	97828204
DPYD	1	97740392	97740479	97740384	97740487
DPYD	1	97721510	97721671	97721502	97721679
DPYD	1	97699351	97699547	97699343	97699555
DPYD	1	97691717	97691798	97691709	97691806
DPYD	1	97679095	97679182	97679087	97679190
DPYD	1	97595059	97595166	97595051	97595174
DPYD	1	97593218	97593387	97593210	97593395
DPYD	1	97573760	97573970	97573752	97573978
DPYD	1	97549560	97549744	97549552	97549752
DPYD	1	97515726	97515941	97515718	97515949
DPYD	1	97450059	97450223	97450051	97450231
DPYD	1	97382393	97382461	97382385	97382469
DPYD	1	97373561	97373644	97373553	97373652
DPYD	1	97306177	97306297	97306169	97306305
DPYD	1	97305259	97305378	97305251	97305386
DPYD	1	97234852	97234994	97234844	97235002
DPYD	1	97193069	97193248	97193061	97193256
DPYD	1	97098489	97098632	97098481	97098640
DPYD	1	97082330	97082470	97082322	97082478
DPYD	1	97078976	97079146	97078968	97079154
EFL1	15	82261688	82261778	82261680	82261786
EFL1	15	82259088	82259155	82259080	82259163
EFL1	15	82252691	82252775	82252683	82252783
EFL1	15	82241270	82241403	82241262	82241411
EFL1	15	82240418	82240555	82240410	82240563
EFL1	15	82238307	82238521	82238299	82238529
EFL1	15	82230848	82230971	82230840	82230979
EFL1	15	82229034	82229110	82229026	82229118
EFL1	15	82228191	82228327	82228183	82228335
EFL1	15	82227450	82227572	82227442	82227580
EFL1	15	82225165	82225264	82225157	82225272
EFL1	15	82220078	82220229	82220070	82220237
EFL1	15	82219652	82219818	82219644	82219826
EFL1	15	82214717	82214855	82214709	82214863
EFL1	15	82163853	82163984	82163845	82163992
EFL1	15	82157713	82157860	82157705	82157868
EFL1	15	82151465	82152423	82151457	82152431
EFL1	15	82138658	82138842	82138650	82138850
EFL1	15	82130373	82130561	82130365	82130569
EGFR	7	55019278	55019365	55019270	55019373
EGFR	7	55142286	55142437	55142278	55142445
EGFR	7	55143305	55143488	55143297	55143496
EGFR	7	55146606	55146740	55146598	55146748
EGFR	7	55151294	55151362	55151286	55151370
EGFR	7	55152546	55152664	55152538	55152672
EGFR	7	55154011	55154152	55154003	55154160
EGFR	7	55155830	55155946	55155822	55155954
EGFR	7	55156533	55156659	55156525	55156667
EGFR	7	55156759	55156832	55156751	55156840
EGFR	7	55157663	55157753	55157655	55157761
EGFR	7	55160139	55160338	55160131	55160346
EGFR	7	55161499	55161631	55161491	55161639
EGFR	7	55163733	55163823	55163725	55163831
EGFR	7	55165280	55165437	55165272	55165445
EGFR	7	55171175	55171213	55171167	55171221
EGFR	7	55172983	55173124	55172975	55173132
EGFR	7	55173921	55174043	55173913	55174051
EGFR	7	55174722	55174820	55174714	55174828
EGFR	7	55181293	55181478	55181285	55181486
EGFR	7	55191719	55191874	55191711	55191882
EGFR	7	55192766	55192841	55192758	55192849
EGFR	7	55198717	55198863	55198709	55198871
EGFR	7	55200316	55200413	55200308	55200421
EGFR	7	55201188	55201355	55201180	55201363
EGFR	7	55201735	55201782	55201727	55201790
EGFR	7	55202517	55202625	55202509	55202633
EGFR	7	55205256	55205617	55205248	55205625
ELANE	19	852329	852395	852321	852403
ELANE	19	852876	853032	852868	853040
ELANE	19	853262	853403	853254	853411
ELANE	19	855564	855794	855556	855802
ELANE	19	855958	856164	855950	856172
ELP1	9	108930997	108931146	108930989	108931154
ELP1	9	108929769	108929921	108929761	108929929
ELP1	9	108927372	108927453	108927364	108927461
ELP1	9	108926523	108926603	108926515	108926611
ELP1	9	108922842	108922927	108922834	108922935
ELP1	9	108919253	108919349	108919245	108919357
ELP1	9	108918811	108918901	108918803	108918909
ELP1	9	108917547	108917670	108917539	108917678
ELP1	9	108916204	108916297	108916196	108916305
ELP1	9	108912264	108912494	108912256	108912502
ELP1	9	108911010	108911180	108911002	108911188
ELP1	9	108908305	108908404	108908297	108908412
ELP1	9	108906303	108906485	108906295	108906493
ELP1	9	108903563	108903669	108903555	108903677
ELP1	9	108902839	108902942	108902831	108902950
ELP1	9	108901628	108901681	108901620	108901689
ELP1	9	108901425	108901530	108901417	108901538
ELP1	9	108900260	108900375	108900252	108900383
ELP1	9	108899822	108899895	108899814	108899903
ELP1	9	108898671	108898749	108898663	108898757
ELP1	9	108898502	108898581	108898494	108898589
ELP1	9	108897148	108897285	108897140	108897293
ELP1	9	108896953	108897038	108896945	108897046
ELP1	9	108896496	108896644	108896488	108896652
ELP1	9	108893943	108894066	108893935	108894074
ELP1	9	108892986	108893083	108892978	108893091
ELP1	9	108891203	108891404	108891195	108891412
ELP1	9	108889332	108889393	108889324	108889401
ELP1	9	108882125	108882187	108882117	108882195
ELP1	9	108881705	108881765	108881697	108881773
ELP1	9	108880052	108880165	108880044	108880173
ELP1	9	108879446	108879557	108879438	108879565
ELP1	9	108878623	108878750	108878615	108878758
ELP1	9	108877995	108878149	108877987	108878157
ELP1	9	108874895	108874970	108874887	108874978
ELP1	9	108869115	108869182	108869107	108869190
EPCAM	2	47369506	47369581	47369498	47369589
EPCAM	2	47373463	47373570	47373455	47373578
EPCAM	2	47373808	47374048	47373800	47374056
EPCAM	2	47375234	47375299	47375226	47375307
EPCAM	2	47377014	47377077	47377006	47377085
EPCAM	2	47378953	47379054	47378945	47379062
EPCAM	2	47379769	47379969	47379761	47379977
EPCAM	2	47385166	47385210	47385158	47385218
EPCAM	2	47386572	47386613	47386564	47386621
ERCC1	19	45423270	45423374	45423262	45423382
ERCC1	19	45421178	45421393	45421170	45421401
ERCC1	19	45420324	45420427	45420316	45420435
ERCC1	19	45419098	45419197	45419090	45419205
ERCC1	19	45416821	45416897	45416813	45416905
ERCC1	19	45414861	45414960	45414853	45414968
ERCC1	19	45413963	45414034	45413955	45414042
ERCC1	19	45413677	45413745	45413669	45413753
ERCC1	19	45409675	45409725	45409667	45409733
ERCC2	19	45370536	45370540	45370528	45370548
ERCC2	19	45370133	45370232	45370125	45370240
ERCC2	19	45369070	45369147	45369062	45369155
ERCC2	19	45368930	45368992	45368922	45369000
ERCC2	19	45368630	45368743	45368622	45368751
ERCC2	19	45365042	45365158	45365034	45365166
ERCC2	19	45364838	45364954	45364830	45364962
ERCC2	19	45364424	45364547	45364416	45364555
ERCC2	19	45364235	45364331	45364227	45364339
ERCC2	19	45363986	45364119	45363978	45364127
ERCC2	19	45363743	45363911	45363735	45363919
ERCC2	19	45361524	45361642	45361516	45361650
ERCC2	19	45357630	45357699	45357622	45357707
ERCC2	19	45357474	45357543	45357466	45357551
ERCC2	19	45357270	45357371	45357262	45357379
ERCC2	19	45355665	45355728	45355657	45355736
ERCC2	19	45354730	45354851	45354722	45354859
ERCC2	19	45353242	45353334	45353234	45353342
ERCC2	19	45353083	45353155	45353075	45353163
ERCC2	19	45352746	45352816	45352738	45352824
ERCC2	19	45352506	45352649	45352498	45352657
ERCC2	19	45352209	45352352	45352201	45352360
ERCC2	19	45351629	45351721	45351621	45351729
ERCC3	2	127294054	127294081	127294046	127294089
ERCC3	2	127293513	127293718	127293505	127293726
ERCC3	2	127292610	127292846	127292602	127292854
ERCC3	2	127290224	127290273	127290216	127290281
ERCC3	2	127289689	127289824	127289681	127289832
ERCC3	2	127289337	127289501	127289329	127289509
ERCC3	2	127288660	127288864	127288652	127288872
ERCC3	2	127286703	127287017	127286695	127287025
ERCC3	2	127280447	127280631	127280439	127280639
ERCC3	2	127279173	127279375	127279165	127279383
ERCC3	2	127272865	127272961	127272857	127272969
ERCC3	2	127271336	127271453	127271328	127271461
ERCC3	2	127261228	127261346	127261220	127261354
ERCC3	2	127259296	127259448	127259288	127259456
ERCC3	2	127257596	127257727	127257588	127257735
ERCC4	16	13920166	13920372	13920158	13920380
ERCC4	16	13922031	13922211	13922023	13922219
ERCC4	16	13926561	13926756	13926553	13926764
ERCC4	16	13928028	13928235	13928020	13928243
ERCC4	16	13930710	13930890	13930702	13930898
ERCC4	16	13932157	13932285	13932149	13932293
ERCC4	16	13934192	13934302	13934184	13934310
ERCC4	16	13935146	13935743	13935138	13935751
ERCC4	16	13937766	13937858	13937758	13937866
ERCC4	16	13944723	13944835	13944715	13944843
ERCC4	16	13947614	13948347	13947606	13948355
ERCC5	13	102846267	102846354	102846259	102846362
ERCC5	13	102852118	102852293	102852110	102852301
ERCC5	13	102853757	102853872	102853749	102853880
ERCC5	13	102854288	102854374	102854280	102854382
ERCC5	13	102856052	102856112	102856044	102856120
ERCC5	13	102858275	102858418	102858267	102858426
ERCC5	13	102861507	102861714	102861499	102861722
ERCC5	13	102862030	102863103	102862022	102863111
ERCC5	13	102865667	102865911	102865659	102865919
ERCC5	13	102866262	102866381	102866254	102866389
ERCC5	13	102866632	102866845	102866624	102866853
ERCC5	13	102868113	102868257	102868105	102868265
ERCC5	13	102872198	102872398	102872190	102872406
ERCC5	13	102873259	102873343	102873251	102873351
ERCC5	13	102875307	102875903	102875299	102875911
ERCC6L2	9	95876039	95876084	95876031	95876092
ERCC6L2	9	95880869	95881293	95880861	95881301
ERCC6L2	9	95897849	95897971	95897841	95897979
ERCC6L2	9	95907078	95907271	95907070	95907279
ERCC6L2	9	95915668	95915829	95915660	95915837
ERCC6L2	9	95916227	95916434	95916219	95916442
ERCC6L2	9	95921175	95921315	95921167	95921323
ERCC6L2	9	95922305	95922418	95922297	95922426
ERCC6L2	9	95923260	95923379	95923252	95923387
ERCC6L2	9	95928079	95928150	95928071	95928158
ERCC6L2	9	95928719	95928864	95928711	95928872
ERCC6L2	9	95941454	95941549	95941446	95941557
ERCC6L2	9	95955914	95956013	95955906	95956021
ERCC6L2	9	95966562	95966714	95966554	95966722
ERCC6L2	9	95970576	95970656	95970568	95970664
ERCC6L2	9	95971933	95973088	95971925	95973096
ERCC6L2	9	95978061	95978215	95978053	95978223
ERCC6L2	9	96004520	96004701	96004512	96004709
ERCC6L2	9	96012225	96013203	96012217	96013211
ETV6	12	11650128	11650160	11650120	11650168
ETV6	12	11752450	11752579	11752442	11752587
ETV6	12	11839140	11839304	11839132	11839312
ETV6	12	11853427	11853561	11853419	11853569
ETV6	12	11869424	11869969	11869416	11869977
ETV6	12	11884445	11884587	11884437	11884595
ETV6	12	11885926	11886026	11885918	11886034
ETV6	12	11890941	11891046	11890933	11891054
EXT1	8	118110085	118111046	118110077	118111054
EXT1	8	117837108	117837201	117837100	117837209
EXT1	8	117835444	117835551	117835436	117835559
EXT1	8	117830230	117830349	117830222	117830357
EXT1	8	117822465	117822597	117822457	117822605
EXT1	8	117819676	117819794	117819668	117819802
EXT1	8	117818435	117818530	117818427	117818538
EXT1	8	117812872	117812961	117812864	117812969
EXT1	8	117807217	117807377	117807209	117807385
EXT1	8	117804722	117804893	117804714	117804901
EXT1	8	117799712	117799897	117799704	117799905
EXT2	11	44107713	44108248	44107705	44108256
EXT2	11	44109194	44109283	44109186	44109291
EXT2	11	44114185	44114301	44114177	44114309
EXT2	11	44124789	44124984	44124781	44124992
EXT2	11	44126816	44126955	44126808	44126963
EXT2	11	44130045	44130138	44130037	44130146
EXT2	11	44171611	44171742	44171603	44171750
EXT2	11	44197829	44198018	44197821	44198026
EXT2	11	44206793	44206959	44206785	44206967
EXT2	11	44232353	44232496	44232345	44232504
EXT2	11	44234115	44234243	44234107	44234251
EXT2	11	44236293	44236375	44236285	44236383
EXT2	11	44244149	44244287	44244141	44244295
FAAP100	17	81552166	81552330	81552158	81552338
FAAP100	17	81551928	81552052	81551920	81552060
FAAP100	17	81550248	81551203	81550240	81551211
FAAP100	17	81549206	81549362	81549198	81549370
FAAP100	17	81546909	81547678	81546901	81547686
FAAP100	17	81545746	81545882	81545738	81545890
FAAP100	17	81544004	81544120	81543996	81544128
FAAP100	17	81541309	81541395	81541301	81541403
FAAP100	17	81540819	81540950	81540811	81540958
FAN1	15	30904664	30905897	30904656	30905905
FAN1	15	30908118	30908258	30908110	30908266
FAN1	15	30910614	30910815	30910606	30910823
FAN1	15	30913858	30914091	30913850	30914099
FAN1	15	30918164	30918295	30918156	30918303
FAN1	15	30920545	30920653	30920537	30920661
FAN1	15	30922235	30922354	30922227	30922362
FAN1	15	30925127	30925291	30925119	30925299
FAN1	15	30925789	30925939	30925781	30925947
FAN1	15	30928553	30928656	30928545	30928664
FAN1	15	30929203	30929397	30929195	30929405
FAN1	15	30930543	30930671	30930535	30930679
FAN1	15	30937119	30937256	30937111	30937264
FANCA	16	89816537	89816615	89816529	89816623
FANCA	16	89815877	89815986	89815869	89815994
FANCA	16	89814520	89814613	89814512	89814621
FANCA	16	89810929	89811071	89810921	89811079
FANCA	16	89810707	89810802	89810699	89810810
FANCA	16	89808294	89808367	89808286	89808375
FANCA	16	89805280	89805392	89805272	89805400
FANCA	16	89803259	89803341	89803251	89803349
FANCA	16	89799605	89799638	89799597	89799646
FANCA	16	89799166	89799232	89799158	89799240
FANCA	16	89795906	89796018	89795898	89796026
FANCA	16	89792471	89792547	89792463	89792555
FANCA	16	89791927	89792068	89791919	89792076
FANCA	16	89791403	89791536	89791395	89791544
FANCA	16	89784854	89784964	89784846	89784972
FANCA	16	89783007	89783102	89782999	89783110
FANCA	16	89782859	89782918	89782851	89782926
FANCA	16	89779869	89779957	89779861	89779965
FANCA	16	89778943	89779003	89778935	89779011
FANCA	16	89778801	89778850	89778793	89778858
FANCA	16	89775742	89775815	89775734	89775823
FANCA	16	89773271	89773384	89773263	89773392
FANCA	16	89771678	89771814	89771670	89771822
FANCA	16	89770564	89770634	89770556	89770642
FANCA	16	89770166	89770259	89770158	89770267
FANCA	16	89769837	89770024	89769829	89770032
FANCA	16	89767141	89767237	89767133	89767245
FANCA	16	89764890	89765066	89764882	89765074
FANCA	16	89761949	89762022	89761941	89762030
FANCA	16	89758577	89758705	89758569	89758713
FANCA	16	89752138	89752222	89752130	89752230
FANCA	16	89749730	89749902	89749722	89749910
FANCA	16	89748659	89748767	89748651	89748775
FANCA	16	89746831	89746890	89746823	89746898
FANCA	16	89746584	89746688	89746576	89746696
FANCA	16	89744959	89745071	89744951	89745079
FANCA	16	89742800	89742938	89742792	89742946
FANCA	16	89740804	89740866	89740796	89740874
FANCA	16	89739994	89740099	89739986	89740107
FANCA	16	89739478	89739553	89739470	89739561
FANCA	16	89739133	89739289	89739125	89739297
FANCA	16	89738882	89738974	89738874	89738982
FANCA	16	89738601	89738708	89738593	89738716
FANCB	X	14864560	14865510	14864552	14865518
FANCB	X	14859182	14859334	14859174	14859342
FANCB	X	14857862	14857954	14857854	14857962
FANCB	X	14853039	14853167	14853031	14853175
FANCB	X	14850505	14850674	14850497	14850682
FANCB	X	14844856	14845286	14844848	14845294
FANCB	X	14844503	14844740	14844495	14844748
FANCB	X	14843567	14843981	14843559	14843989
FANCC	9	95249127	95249291	95249119	95249299
FANCC	9	95247432	95247516	95247424	95247524
FANCC	9	95240649	95240743	95240641	95240751
FANCC	9	95172037	95172147	95172029	95172155
FANCC	9	95171079	95171143	95171071	95171151
FANCC	9	95149923	95150087	95149915	95150095
FANCC	9	95135346	95135502	95135338	95135510
FANCC	9	95126529	95126581	95126521	95126589
FANCC	9	95125086	95125185	95125078	95125193
FANCC	9	95117315	95117390	95117307	95117398
FANCC	9	95114629	95114710	95114621	95114718
FANCC	9	95111463	95111637	95111455	95111645
FANCC	9	95107066	95107269	95107058	95107277
FANCC	9	95101707	95101850	95101699	95101858
FANCD2	3	10028658	10028721	10028650	10028729
FANCD2	3	10032832	10032972	10032824	10032980
FANCD2	3	10034469	10034536	10034461	10034544
FANCD2	3	10034695	10034798	10034687	10034806
FANCD2	3	10035173	10035233	10035165	10035241
FANCD2	3	10036287	10036339	10036279	10036347
FANCD2	3	10039279	10039357	10039271	10039365
FANCD2	3	10039721	10039845	10039713	10039853
FANCD2	3	10041623	10041710	10041615	10041718
FANCD2	3	10042559	10042663	10042551	10042671
FANCD2	3	10043050	10043150	10043042	10043158
FANCD2	3	10043484	10043592	10043476	10043600
FANCD2	3	10043829	10043864	10043821	10043872
FANCD2	3	10046580	10046723	10046572	10046731
FANCD2	3	10047917	10048051	10047909	10048059
FANCD2	3	10049374	10049505	10049366	10049513
FANCD2	3	10052387	10052497	10052379	10052505
FANCD2	3	10060294	10060403	10060286	10060411
FANCD2	3	10062151	10062211	10062143	10062219
FANCD2	3	10063792	10063911	10063784	10063919
FANCD2	3	10064356	10064429	10064348	10064437
FANCD2	3	10064729	10064875	10064721	10064883
FANCD2	3	10065394	10065494	10065386	10065502
FANCD2	3	10065864	10065979	10065856	10065987
FANCD2	3	10067209	10067317	10067201	10067325
FANCD2	3	10072871	10072981	10072863	10072989
FANCD2	3	10073253	10073362	10073245	10073370
FANCD2	3	10074530	10074673	10074522	10074681
FANCD2	3	10078081	10078197	10078073	10078205
FANCD2	3	10081100	10081228	10081092	10081236
FANCD2	3	10081346	10081464	10081338	10081472
FANCD2	3	10085812	10085922	10085804	10085930
FANCD2	3	10087134	10087264	10087126	10087272
FANCD2	3	10088449	10088542	10088441	10088550
FANCD2	3	10088828	10088950	10088820	10088958
FANCD2	3	10090292	10090385	10090284	10090393
FANCD2	3	10092181	10092252	10092173	10092260
FANCD2	3	10093285	10093323	10093277	10093331
FANCD2	3	10094289	10094363	10094281	10094371
FANCD2	3	10095200	10095274	10095192	10095282
FANCD2	3	10096326	10096472	10096318	10096480
FANCD2	3	10098720	10098815	10098712	10098823
FANCD2	3	10101188	10101262	10101180	10101270
FANCE	6	35452546	35452793	35452538	35452801
FANCE	6	35455747	35456353	35455739	35456361
FANCE	6	35457556	35457600	35457548	35457608
FANCE	6	35457916	35457984	35457908	35457992
FANCE	6	35458297	35458440	35458289	35458448
FANCE	6	35459331	35459454	35459323	35459462
FANCE	6	35459682	35459760	35459674	35459768
FANCE	6	35460552	35460618	35460544	35460626
FANCE	6	35462789	35462914	35462781	35462922
FANCE	6	35466244	35466345	35466236	35466353
FANCF	11	22624686	22625810	22624678	22625818
FANCG	9	35079441	35079524	35079433	35079532
FANCG	9	35079151	35079241	35079143	35079249
FANCG	9	35078605	35078736	35078597	35078744
FANCG	9	35078141	35078343	35078133	35078351
FANCG	9	35077264	35077399	35077256	35077407
FANCG	9	35076971	35077101	35076963	35077109
FANCG	9	35076724	35076870	35076716	35076878
FANCG	9	35076432	35076583	35076424	35076591
FANCG	9	35075962	35076028	35075954	35076036
FANCG	9	35075465	35075754	35075457	35075762
FANCG	9	35075279	35075325	35075271	35075333
FANCG	9	35074927	35075082	35074919	35075090
FANCG	9	35074371	35074494	35074363	35074502
FANCG	9	35074108	35074216	35074100	35074224
FANCI	15	89247648	89247731	89247640	89247739
FANCI	15	89258704	89258776	89258696	89258784
FANCI	15	89260713	89260843	89260705	89260851
FANCI	15	89261585	89261741	89261577	89261749
FANCI	15	89261821	89261878	89261813	89261886
FANCI	15	89263419	89263460	89263411	89263468
FANCI	15	89263903	89264026	89263895	89264034
FANCI	15	89264522	89264607	89264514	89264615
FANCI	15	89268399	89268525	89268391	89268533
FANCI	15	89273377	89273469	89273369	89273477
FANCI	15	89274168	89274304	89274160	89274312
FANCI	15	89276711	89276891	89276703	89276899
FANCI	15	89278687	89278774	89278679	89278782
FANCI	15	89281170	89281300	89281162	89281308
FANCI	15	89281765	89281835	89281757	89281843
FANCI	15	89283136	89283250	89283128	89283258
FANCI	15	89285096	89285218	89285088	89285226
FANCI	15	89290213	89290281	89290205	89290289
FANCI	15	89291613	89291714	89291605	89291722
FANCI	15	89292688	89292864	89292680	89292872
FANCI	15	89292942	89293063	89292934	89293071
FANCI	15	89293833	89293997	89293825	89294005
FANCI	15	89294915	89295094	89294907	89295102
FANCI	15	89299800	89299966	89299792	89299974
FANCI	15	89300300	89300385	89300292	89300393
FANCI	15	89301326	89301442	89301318	89301450
FANCI	15	89303864	89303915	89303856	89303923
FANCI	15	89305115	89305242	89305107	89305250
FANCI	15	89305341	89305409	89305333	89305417
FANCI	15	89305605	89305698	89305597	89305706
FANCI	15	89306007	89306194	89305999	89306202
FANCI	15	89307476	89307529	89307468	89307537
FANCI	15	89307613	89307672	89307605	89307680
FANCI	15	89312904	89312972	89312896	89312980
FANCI	15	89314612	89314707	89314604	89314715
FANCI	15	89315282	89315389	89315274	89315397
FANCI	15	89316397	89316459	89316389	89316467
FANCL	2	58241218	58241313	58241210	58241321
FANCL	2	58232054	58232112	58232046	58232120
FANCL	2	58229814	58229874	58229806	58229882
FANCL	2	58226728	58226784	58226720	58226792
FANCL	2	58221942	58222042	58221934	58222050
FANCL	2	58204130	58204226	58204122	58204234
FANCL	2	58198594	58198662	58198586	58198670
FANCL	2	58165724	58165874	58165716	58165882
FANCL	2	58163434	58163517	58163426	58163525
FANCL	2	58163029	58163074	58163021	58163082
FANCL	2	58162866	58162947	58162858	58162955
FANCL	2	58161522	58161638	58161514	58161646
FANCL	2	58160108	58160179	58160100	58160187
FANCL	2	58159765	58159800	58159757	58159808
FANCM	14	45136032	45136539	45136024	45136547
FANCM	14	45137069	45137241	45137061	45137249
FANCM	14	45140632	45140709	45140624	45140717
FANCM	14	45148837	45148995	45148829	45149003
FANCM	14	45151397	45151528	45151389	45151536
FANCM	14	45153920	45154052	45153912	45154060
FANCM	14	45154697	45154822	45154689	45154830
FANCM	14	45155373	45155459	45155365	45155467
FANCM	14	45159096	45159280	45159088	45159288
FANCM	14	45164359	45164565	45164351	45164573
FANCM	14	45166950	45167163	45166942	45167171
FANCM	14	45170589	45170746	45170581	45170754
FANCM	14	45173055	45173210	45173047	45173218
FANCM	14	45175071	45176976	45175063	45176984
FANCM	14	45181430	45181524	45181422	45181532
FANCM	14	45181637	45181705	45181629	45181713
FANCM	14	45183774	45183902	45183766	45183910
FANCM	14	45185217	45185373	45185209	45185381
FANCM	14	45187781	45187887	45187773	45187895
FANCM	14	45188802	45189362	45188794	45189370
FANCM	14	45196172	45196547	45196164	45196555
FANCM	14	45198644	45198935	45198636	45198943
FANCM	14	45199870	45200008	45199862	45200016
FAS	10	88990877	88990906	88990869	88990914
FAS	10	89003029	89003194	89003021	89003202
FAS	10	89007700	89007837	89007692	89007845
FAS	10	89008889	89008997	89008881	89009005
FAS	10	89010539	89010600	89010531	89010608
FAS	10	89010753	89010815	89010745	89010823
FAS	10	89011999	89012081	89011991	89012089
FAS	10	89013343	89013367	89013335	89013375
FAS	10	89014119	89014450	89014111	89014458
FH	1	241519591	241519722	241519583	241519730
FH	1	241517182	241517316	241517174	241517324
FH	1	241513603	241513713	241513595	241513721
FH	1	241511967	241512143	241511959	241512151
FH	1	241508603	241508785	241508595	241508793
FH	1	241506003	241506168	241505995	241506176
FH	1	241504042	241504245	241504034	241504253
FH	1	241502443	241502570	241502435	241502578
FH	1	241500437	241500590	241500429	241500598
FH	1	241497828	241497970	241497820	241497978
FLCN	17	17227889	17228137	17227881	17228145
FLCN	17	17226176	17226322	17226168	17226330
FLCN	17	17223922	17224143	17223914	17224151
FLCN	17	17222501	17222661	17222493	17222669
FLCN	17	17221537	17221628	17221529	17221636
FLCN	17	17219019	17219209	17219011	17219217
FLCN	17	17217069	17217182	17217061	17217190
FLCN	17	17216380	17216503	17216372	17216511
FLCN	17	17215185	17215316	17215177	17215324
FLCN	17	17214985	17215090	17214977	17215098
FLCN	17	17213655	17213856	17213647	17213864
G6PC3	17	44070966	44071183	44070958	44071191
G6PC3	17	44074160	44074266	44074152	44074274
G6PC3	17	44074680	44074770	44074672	44074778
G6PC3	17	44074969	44075087	44074961	44075095
G6PC3	17	44075310	44075451	44075302	44075459
G6PC3	17	44075680	44076043	44075672	44076051
GALNT12	9	98807699	98808069	98807691	98808077
GALNT12	9	98823256	98823425	98823248	98823433
GALNT12	9	98826752	98826941	98826744	98826949
GALNT12	9	98831772	98831957	98831764	98831965
GALNT12	9	98835249	98835366	98835241	98835374
GALNT12	9	98836972	98837148	98836964	98837156
GALNT12	9	98840002	98840133	98839994	98840141
GALNT12	9	98844096	98844209	98844088	98844217
GALNT12	9	98845977	98846123	98845969	98846131
GALNT12	9	98848952	98849092	98848944	98849100
GATA1	X	48791110	48791329	48791102	48791337
GATA1	X	48791844	48792221	48791836	48792229
GATA1	X	48792323	48792468	48792315	48792476
GATA1	X	48793172	48793297	48793164	48793305
GATA1	X	48793793	48794164	48793785	48794172
GATA2	3	128486803	128487031	128486795	128487039
GATA2	3	128485727	128486368	128485719	128486376
GATA2	3	128483860	128484005	128483852	128484013
GATA2	3	128481819	128481944	128481811	128481952
GATA2	3	128481019	128481318	128481011	128481326
GBA1	1	155241086	155241112	155241078	155241120
GBA1	1	155240630	155240717	155240622	155240725
GBA1	1	155239886	155240077	155239878	155240085
GBA1	1	155239616	155239762	155239608	155239770
GBA1	1	155238517	155238650	155238509	155238658
GBA1	1	155238134	155238306	155238126	155238314
GBA1	1	155237341	155237578	155237333	155237586
GBA1	1	155236245	155236469	155236237	155236477
GBA1	1	155235681	155235844	155235673	155235852
GBA1	1	155235195	155235311	155235187	155235319
GBA1	1	155234995	155235100	155234987	155235108
GFI1	1	92483373	92483487	92483365	92483495
GFI1	1	92482864	92483046	92482856	92483054
GFI1	1	92480601	92481088	92480593	92481096
GFI1	1	92480348	92480485	92480340	92480493
GFI1	1	92478588	92478753	92478580	92478761
GFI1	1	92476029	92476207	92476021	92476215
GPC3	X	133985275	133985449	133985267	133985457
GPC3	X	133953050	133953211	133953042	133953219
GPC3	X	133753482	133754176	133753474	133754184
GPC3	X	133699895	133700028	133699887	133700036
GPC3	X	133692369	133692494	133692361	133692502
GPC3	X	133661730	133661850	133661722	133661858
GPC3	X	133596440	133596599	133596432	133596607
GPC3	X	133536124	133536293	133536116	133536301
GPR161	1	168104477	168104850	168104469	168104858
GPR161	1	168096508	168097232	168096500	168097240
GPR161	1	168090564	168090668	168090556	168090676
GPR161	1	168087585	168087704	168087577	168087712
GPR161	1	168085531	168085796	168085523	168085804
GRB10	7	50732272	50732322	50732264	50732330
GRB10	7	50703821	50703908	50703813	50703916
GRB10	7	50674436	50674658	50674428	50674666
GRB10	7	50669722	50669863	50669714	50669871
GRB10	7	50626822	50626978	50626814	50626986
GRB10	7	50619170	50619285	50619162	50619293
GRB10	7	50618071	50618139	50618063	50618147
GRB10	7	50616210	50616347	50616202	50616355
GRB10	7	50614770	50614880	50614762	50614888
GRB10	7	50612741	50612839	50612733	50612847
GRB10	7	50606337	50606414	50606329	50606422
GRB10	7	50605290	50605406	50605282	50605414
GRB10	7	50604311	50604377	50604303	50604385
GRB10	7	50603998	50604085	50603990	50604093
GRB10	7	50595437	50595530	50595429	50595538
GRB10	7	50592952	50593098	50592944	50593106
GREM1	15	32730691	32731245	32730683	32731253
GSKIP	14	96382248	96382505	96382240	96382513
GSKIP	14	96385523	96385684	96385515	96385692
HAX1	1	154272724	154272776	154272716	154272784
HAX1	1	154273336	154273598	154273328	154273606
HAX1	1	154273774	154273961	154273766	154273969
HAX1	1	154274950	154275001	154274942	154275009
HAX1	1	154275154	154275260	154275146	154275268
HAX1	1	154275393	154275483	154275385	154275491
HAX1	1	154275616	154275701	154275608	154275709
HLA-A	6	29942554	29942626	29942546	29942634
HLA-A	6	29942757	29943026	29942749	29943034
HLA-A	6	29943268	29943543	29943260	29943551
HLA-A	6	29944122	29944397	29944114	29944405
HLA-A	6	29944500	29944616	29944492	29944624
HLA-A	6	29945059	29945091	29945051	29945099
HLA-A	6	29945234	29945281	29945226	29945289
HLA-A	6	29945451	29945455	29945443	29945463
HLA-B	6	31357086	31357158	31357078	31357166
HLA-B	6	31356688	31356957	31356680	31356965
HLA-B	6	31356167	31356442	31356159	31356450
HLA-B	6	31355317	31355592	31355309	31355600
HLA-B	6	31355107	31355223	31355099	31355231
HLA-B	6	31354633	31354665	31354625	31354673
HLA-B	6	31354483	31354526	31354475	31354534
HLA-C	6	31271999	31272071	31271991	31272079
HLA-C	6	31271599	31271868	31271591	31271876
HLA-C	6	31271073	31271348	31271065	31271356
HLA-C	6	31270210	31270485	31270202	31270493
HLA-C	6	31269966	31270085	31269958	31270093
HLA-C	6	31269493	31269525	31269485	31269533
HLA-C	6	31269338	31269385	31269330	31269393
HLA-C	6	31269169	31269173	31269161	31269181
HLA-DPA1	6	33073471	33073570	33073463	33073578
HLA-DPA1	6	33069641	33069886	33069633	33069894
HLA-DPA1	6	33069019	33069300	33069011	33069308
HLA-DPA1	6	33068650	33068804	33068642	33068812
HLA-DQA1	6	32637459	32637540	32637451	32637548
HLA-DQA1	6	32641310	32641558	32641302	32641566
HLA-DQA1	6	32641972	32642253	32641964	32642261
HLA-DQA1	6	32642610	32642764	32642602	32642772
HLA-DQB1	6	32666499	32666607	32666491	32666615
HLA-DQB1	6	32664798	32665067	32664790	32665075
HLA-DQB1	6	32661967	32662248	32661959	32662256
HLA-DQB1	6	32661347	32661457	32661339	32661465
HLA-DQB1	6	32660236	32660249	32660228	32660257
HLA-DRB1	6	32589643	32589742	32589635	32589750
HLA-DRB1	6	32584109	32584378	32584101	32584386
HLA-DRB1	6	32581557	32581838	32581549	32581846
HLA-DRB1	6	32580746	32580856	32580738	32580864
HLA-DRB1	6	32580247	32580270	32580239	32580278
HLA-DRB1	6	32579091	32579104	32579083	32579112
HMBS	11	119085034	119085066	119085026	119085074
HMBS	11	119088255	119088308	119088247	119088316
HMBS	11	119088635	119088707	119088627	119088715
HMBS	11	119089082	119089131	119089074	119089139
HMBS	11	119089217	119089272	119089209	119089280
HMBS	11	119089683	119089760	119089675	119089768
HMBS	11	119089990	119090067	119089982	119090075
HMBS	11	119090190	119090265	119090182	119090273
HMBS	11	119091413	119091526	119091405	119091534
HMBS	11	119092125	119092163	119092117	119092171
HMBS	11	119092404	119092523	119092396	119092531
HMBS	11	119092758	119092811	119092750	119092819
HMBS	11	119092935	119093021	119092927	119093029
HMBS	11	119093110	119093283	119093102	119093291
HOXB13	17	48727993	48728593	48727985	48728601
HOXB13	17	48726790	48727043	48726782	48727051
HRAS	11	534212	534322	534204	534330
HRAS	11	533766	533944	533758	533952
HRAS	11	533453	533612	533445	533620
HRAS	11	532636	532755	532628	532763
IGF2	11	2135367	2135523	2135359	2135531
IGF2	11	2133517	2133665	2133509	2133673
IGF2	11	2132987	2133223	2132979	2133231
IKZF1	7	50319062	50319101	50319054	50319109
IKZF1	7	50327638	50327757	50327630	50327765
IKZF1	7	50376533	50376793	50376525	50376801
IKZF1	7	50382540	50382707	50382532	50382715
IKZF1	7	50387345	50387470	50387337	50387478
IKZF1	7	50391729	50391863	50391721	50391871
IKZF1	7	50399918	50400627	50399910	50400635
ITK	5	157180978	157181115	157180970	157181123
ITK	5	157208889	157208993	157208881	157209001
ITK	5	157211287	157211368	157211279	157211376
ITK	5	157214191	157214319	157214183	157214327
ITK	5	157217867	157217907	157217859	157217915
ITK	5	157222863	157223014	157222855	157223022
ITK	5	157228296	157228361	157228288	157228369
ITK	5	157232340	157232394	157232332	157232402
ITK	5	157238109	157238191	157238101	157238199
ITK	5	157240062	157240195	157240054	157240203
ITK	5	157241646	157241720	157241638	157241728
ITK	5	157243623	157243794	157243615	157243802
ITK	5	157244262	157244478	157244254	157244486
ITK	5	157245726	157245790	157245718	157245798
ITK	5	157245881	157245999	157245873	157246007
ITK	5	157248850	157249007	157248842	157249015
ITK	5	157252607	157252678	157252599	157252686
KCNQ1	11	2445099	2445484	2445091	2445492
KCNQ1	11	2527928	2528018	2527920	2528026
KCNQ1	11	2570628	2570754	2570620	2570762
KCNQ1	11	2571325	2571403	2571317	2571411
KCNQ1	11	2572013	2572109	2572005	2572117
KCNQ1	11	2572846	2572986	2572838	2572994
KCNQ1	11	2583435	2583545	2583427	2583553
KCNQ1	11	2585212	2585307	2585204	2585315
KCNQ1	11	2587570	2587692	2587562	2587700
KCNQ1	11	2588713	2588854	2588705	2588862
KCNQ1	11	2661961	2662081	2661953	2662089
KCNQ1	11	2768844	2768919	2768836	2768927
KCNQ1	11	2775960	2776054	2775952	2776062
KCNQ1	11	2776986	2777032	2776978	2777040
KCNQ1	11	2777976	2778037	2777968	2778045
KCNQ1	11	2847767	2848003	2847759	2848011
KIF1B	1	10232329	10232434	10232321	10232442
KIF1B	1	10256247	10256323	10256239	10256331
KIF1B	1	10258493	10258672	10258485	10258680
KIF1B	1	10261905	10261970	10261897	10261978
KIF1B	1	10267380	10267558	10267372	10267566
KIF1B	1	10268152	10268263	10268144	10268271
KIF1B	1	10271502	10271579	10271494	10271587
KIF1B	1	10272241	10272306	10272233	10272314
KIF1B	1	10273014	10273031	10273006	10273039
KIF1B	1	10275428	10275503	10275420	10275511
KIF1B	1	10276321	10276399	10276313	10276407
KIF1B	1	10277986	10278128	10277978	10278136
KIF1B	1	10279097	10279138	10279089	10279146
KIF1B	1	10282322	10282533	10282314	10282541
KIF1B	1	10291082	10291161	10291074	10291169
KIF1B	1	10292047	10292122	10292039	10292130
KIF1B	1	10295086	10295165	10295078	10295173
KIF1B	1	10295660	10295766	10295652	10295774
KIF1B	1	10296582	10296665	10296574	10296673
KIF1B	1	10296897	10297077	10296889	10297085
KIF1B	1	10297174	10297246	10297166	10297254
KIF1B	1	10320043	10320136	10320035	10320144
KIF1B	1	10321709	10321857	10321701	10321865
KIF1B	1	10323884	10324062	10323876	10324070
KIF1B	1	10324758	10324895	10324750	10324903
KIF1B	1	10326111	10326359	10326103	10326367
KIF1B	1	10334520	10334638	10334512	10334646
KIF1B	1	10336657	10336742	10336649	10336750
KIF1B	1	10337074	10337203	10337066	10337211
KIF1B	1	10337371	10337533	10337363	10337541
KIF1B	1	10339769	10339859	10339761	10339867
KIF1B	1	10342050	10342168	10342042	10342176
KIF1B	1	10343232	10343287	10343224	10343295
KIF1B	1	10345845	10345953	10345837	10345961
KIF1B	1	10347761	10347827	10347753	10347835
KIF1B	1	10348649	10348733	10348641	10348741
KIF1B	1	10352631	10352736	10352623	10352744
KIF1B	1	10360929	10361043	10360921	10361051
KIF1B	1	10361692	10361825	10361684	10361833
KIF1B	1	10363283	10363344	10363275	10363352
KIF1B	1	10365100	10365245	10365092	10365253
KIF1B	1	10365409	10365648	10365401	10365656
KIF1B	1	10368467	10368538	10368459	10368546
KIF1B	1	10371141	10371262	10371133	10371270
KIF1B	1	10374316	10374465	10374308	10374473
KIF1B	1	10374854	10375046	10374846	10375054
KIF1B	1	10375255	10375373	10375247	10375381
KIF1B	1	10376545	10376587	10376537	10376595
KIT	4	54658015	54658081	54658007	54658089
KIT	4	54695512	54695781	54695504	54695789
KIT	4	54698284	54698565	54698276	54698573
KIT	4	54699630	54699766	54699622	54699774
KIT	4	54703724	54703892	54703716	54703900
KIT	4	54707098	54707287	54707090	54707295
KIT	4	54709424	54709539	54709416	54709547
KIT	4	54723584	54723698	54723576	54723706
KIT	4	54725857	54726050	54725849	54726058
KIT	4	54727218	54727324	54727210	54727332
KIT	4	54727416	54727542	54727408	54727550
KIT	4	54727823	54727927	54727815	54727935
KIT	4	54728011	54728121	54728003	54728129
KIT	4	54729335	54729485	54729327	54729493
KIT	4	54731328	54731419	54731320	54731427
KIT	4	54731871	54731998	54731863	54732006
KIT	4	54733070	54733192	54733062	54733200
KIT	4	54736498	54736609	54736490	54736617
KIT	4	54736721	54736820	54736713	54736828
KIT	4	54737175	54737280	54737167	54737288
KIT	4	54738429	54738557	54738421	54738565
KLLN	10	87861951	87862487	87861943	87862495
KRAS	12	25245274	25245384	25245266	25245392
KRAS	12	25227234	25227412	25227226	25227420
KRAS	12	25225614	25225773	25225606	25225781
KRAS	12	25209795	25209911	25209787	25209919
L3MBTL1	20	43513504	43513639	43513496	43513647
L3MBTL1	20	43513838	43514061	43513830	43514069
L3MBTL1	20	43514635	43514776	43514627	43514784
L3MBTL1	20	43515009	43515159	43515001	43515167
L3MBTL1	20	43515292	43515415	43515284	43515423
L3MBTL1	20	43516093	43516177	43516085	43516185
L3MBTL1	20	43528657	43528745	43528649	43528753
L3MBTL1	20	43529264	43529368	43529256	43529376
L3MBTL1	20	43530284	43530419	43530276	43530427
L3MBTL1	20	43530798	43530889	43530790	43530897
L3MBTL1	20	43532773	43532924	43532765	43532932
L3MBTL1	20	43533342	43533418	43533334	43533426
L3MBTL1	20	43534008	43534093	43534000	43534101
L3MBTL1	20	43534284	43534394	43534276	43534402
L3MBTL1	20	43534828	43534942	43534820	43534950
L3MBTL1	20	43535837	43535936	43535829	43535944
L3MBTL1	20	43536097	43536294	43536089	43536302
L3MBTL1	20	43536409	43536458	43536401	43536466
L3MBTL1	20	43540151	43540308	43540143	43540316
L3MBTL1	20	43540753	43540815	43540745	43540823
L3MBTL1	20	43540934	43541128	43540926	43541136
LIG4	13	108208533	108211268	108208525	108211276
LZTR1	22	20982372	20982571	20982364	20982579
LZTR1	22	20983027	20983089	20983019	20983097
LZTR1	22	20985841	20985897	20985833	20985905
LZTR1	22	20987504	20987583	20987496	20987591
LZTR1	22	20988010	20988118	20988002	20988126
LZTR1	22	20988789	20988872	20988781	20988880
LZTR1	22	20989625	20989682	20989617	20989690
LZTR1	22	20990386	20990525	20990378	20990533
LZTR1	22	20991628	20991829	20991620	20991837
LZTR1	22	20992214	20992369	20992206	20992377
LZTR1	22	20992794	20992904	20992786	20992912
LZTR1	22	20993662	20993754	20993654	20993762
LZTR1	22	20993924	20994019	20993916	20994027
LZTR1	22	20994104	20994269	20994096	20994277
LZTR1	22	20994558	20994727	20994550	20994735
LZTR1	22	20994870	20995026	20994862	20995034
LZTR1	22	20995746	20995872	20995738	20995880
LZTR1	22	20995963	20996112	20995955	20996120
LZTR1	22	20996696	20996801	20996688	20996809
LZTR1	22	20996886	20996966	20996878	20996974
LZTR1	22	20997232	20997348	20997224	20997356
MAD2L2	1	11680562	11680601	11680554	11680609
MAD2L2	1	11680353	11680471	11680345	11680479
MAD2L2	1	11677543	11677614	11677535	11677622
MAD2L2	1	11676848	11676948	11676840	11676956
MAD2L2	1	11676046	11676140	11676038	11676148
MAD2L2	1	11675658	11675731	11675650	11675739
MAD2L2	1	11675082	11675174	11675074	11675182
MAD2L2	1	11674775	11674816	11674767	11674824
MAP2K1	15	66387348	66387427	66387340	66387435
MAP2K1	15	66435027	66435237	66435019	66435245
MAP2K1	15	66436746	66436892	66436738	66436900
MAP2K1	15	66443280	66443357	66443272	66443365
MAP2K1	15	66444656	66444707	66444648	66444715
MAP2K1	15	66481755	66481879	66481747	66481887
MAP2K1	15	66484990	66485191	66484982	66485199
MAP2K1	15	66487228	66487292	66487220	66487300
MAP2K1	15	66489215	66489276	66489207	66489284
MAP2K1	15	66489718	66489763	66489710	66489771
MAP2K1	15	66490502	66490615	66490494	66490623
MAP2K2	19	4123784	4123875	4123776	4123883
MAP2K2	19	4117419	4117629	4117411	4117637
MAP2K2	19	4110509	4110655	4110501	4110663
MAP2K2	19	4102376	4102453	4102368	4102461
MAP2K2	19	4101229	4101280	4101221	4101288
MAP2K2	19	4101019	4101143	4101011	4101151
MAP2K2	19	4099201	4099414	4099193	4099422
MAP2K2	19	4097279	4097343	4097271	4097351
MAP2K2	19	4095388	4095449	4095380	4095457
MAP2K2	19	4094453	4094498	4094445	4094506
MAP2K2	19	4090598	4090708	4090590	4090716
MAX	14	65102304	65102339	65102296	65102347
MAX	14	65101546	65101572	65101538	65101580
MAX	14	65093708	65093815	65093700	65093823
MAX	14	65077913	65078036	65077905	65078044
MAX	14	65076476	65076663	65076468	65076671
MBD4	3	129439730	129439833	129439722	129439841
MBD4	3	129437720	129437950	129437712	129437958
MBD4	3	129436461	129437308	129436453	129437316
MBD4	3	129434062	129434136	129434054	129434144
MBD4	3	129433850	129433984	129433842	129433992
MBD4	3	129433098	129433247	129433090	129433255
MBD4	3	129432503	129432606	129432495	129432614
MBD4	3	129431501	129431578	129431493	129431586
MC1R	16	89919259	89920212	89919251	89920220
MECOM	3	169663336	169663372	169663328	169663380
MECOM	3	169381187	169381524	169381179	169381532
MECOM	3	169143698	169143832	169143690	169143840
MECOM	3	169131429	169131531	169131421	169131539
MECOM	3	169127844	169128060	169127836	169128068
MECOM	3	169122580	169122727	169122572	169122735
MECOM	3	169121056	169121209	169121048	169121217
MECOM	3	169115383	169116739	169115375	169116747
MECOM	3	169112787	169112874	169112779	169112882
MECOM	3	169107926	169107952	169107918	169107960
MECOM	3	169102060	169102226	169102052	169102234
MECOM	3	169100885	169100962	169100877	169100970
MECOM	3	169095076	169095245	169095068	169095253
MECOM	3	169092958	169093102	169092950	169093110
MECOM	3	169090000	169090236	169089992	169090244
MECOM	3	169089000	169089183	169088992	169089191
MECOM	3	169084909	169085043	169084901	169085051
MEN1	11	64809665	64810109	64809657	64810117
MEN1	11	64807891	64808099	64807883	64808107
MEN1	11	64807552	64807680	64807544	64807688
MEN1	11	64807179	64807219	64807171	64807227
MEN1	11	64807011	64807098	64807003	64807106
MEN1	11	64806232	64806368	64806224	64806376
MEN1	11	64805635	64805770	64805627	64805778
MEN1	11	64805034	64805198	64805026	64805206
MEN1	11	64804334	64804816	64804326	64804824
MEST	7	130492314	130492339	130492306	130492347
MEST	7	130495368	130495522	130495360	130495530
MEST	7	130497156	130497235	130497148	130497243
MEST	7	130497936	130498013	130497928	130498021
MEST	7	130498139	130498275	130498131	130498283
MEST	7	130498419	130498477	130498411	130498485
MEST	7	130499875	130499915	130499867	130499923
MEST	7	130500462	130500532	130500454	130500540
MEST	7	130500789	130500890	130500781	130500898
MEST	7	130502644	130502720	130502636	130502728
MEST	7	130503933	130503996	130503925	130504004
MEST	7	130504939	130505056	130504931	130505064
MET	7	116699085	116700284	116699077	116700292
MET	7	116731668	116731859	116731660	116731867
MET	7	116739950	116740084	116739942	116740092
MET	7	116740852	116741025	116740844	116741033
MET	7	116755355	116755515	116755347	116755523
MET	7	116757437	116757539	116757429	116757547
MET	7	116757638	116757774	116757630	116757782
MET	7	116758459	116758620	116758451	116758628
MET	7	116759391	116759490	116759383	116759498
MET	7	116763050	116763268	116763042	116763276
MET	7	116769645	116769791	116769637	116769799
MET	7	116771498	116771654	116771490	116771662
MET	7	116771849	116771989	116771841	116771997
MET	7	116774881	116775111	116774873	116775119
MET	7	116777389	116777469	116777381	116777477
MET	7	116778776	116778957	116778768	116778965
MET	7	116781988	116782097	116781980	116782105
MET	7	116783304	116783469	116783296	116783477
MET	7	116795655	116795791	116795647	116795799
MET	7	116795887	116796124	116795879	116796132
MITF	3	69739598	69739701	69739590	69739709
MITF	3	69879134	69879383	69879126	69879391
MITF	3	69937822	69938049	69937814	69938057
MITF	3	69939098	69939181	69939090	69939189
MITF	3	69941236	69941331	69941228	69941339
MITF	3	69949051	69949168	69949043	69949176
MITF	3	69951812	69951886	69951804	69951894
MITF	3	69956455	69956530	69956447	69956538
MITF	3	69959273	69959420	69959265	69959428
MITF	3	69964847	69965248	69964839	69965256
MLH1	3	36993548	36993663	36993540	36993671
MLH1	3	36996619	36996709	36996611	36996717
MLH1	3	37000955	37001053	37000947	37001061
MLH1	3	37004401	37004474	37004393	37004482
MLH1	3	37006991	37007063	37006983	37007071
MLH1	3	37008814	37008905	37008806	37008913
MLH1	3	37011820	37011862	37011812	37011870
MLH1	3	37012011	37012099	37012003	37012107
MLH1	3	37014432	37014544	37014424	37014552
MLH1	3	37017506	37017599	37017498	37017607
MLH1	3	37020310	37020463	37020302	37020471
MLH1	3	37025637	37026007	37025629	37026015
MLH1	3	37028784	37028932	37028776	37028940
MLH1	3	37040186	37040294	37040178	37040302
MLH1	3	37042268	37042331	37042260	37042339
MLH1	3	37047519	37047683	37047511	37047691
MLH1	3	37048517	37048609	37048509	37048617
MLH1	3	37048904	37049017	37048896	37049025
MLH1	3	37050486	37050653	37050478	37050661
MLH3	14	75046376	75049655	75046368	75049663
MLH3	14	75042379	75042477	75042371	75042485
MLH3	14	75041615	75041700	75041607	75041708
MLH3	14	75039911	75040015	75039903	75040023
MLH3	14	75038340	75038412	75038332	75038420
MLH3	14	75033419	75033490	75033411	75033498
MLH3	14	75032068	75032179	75032060	75032187
MLH3	14	75030543	75030702	75030535	75030710
MLH3	14	75022995	75023018	75022987	75023026
MLH3	14	75022814	75022892	75022806	75022900
MLH3	14	75018829	75018980	75018821	75018988
MLH3	14	75017082	75017201	75017074	75017209
MPL	1	43337849	43337927	43337841	43337935
MPL	1	43338099	43338231	43338091	43338239
MPL	1	43338542	43338720	43338534	43338728
MPL	1	43339271	43339569	43339263	43339577
MPL	1	43339964	43340126	43339956	43340134
MPL	1	43340387	43340513	43340379	43340521
MPL	1	43346445	43346629	43346437	43346637
MPL	1	43346792	43346934	43346784	43346942
MPL	1	43348843	43349002	43348835	43349010
MPL	1	43349263	43349359	43349255	43349367
MPL	1	43352216	43352303	43352208	43352311
MPL	1	43352518	43352772	43352510	43352780
MRE11	11	94492782	94492801	94492774	94492809
MRE11	11	94490833	94490965	94490825	94490973
MRE11	11	94485924	94486084	94485916	94486092
MRE11	11	94479674	94479761	94479666	94479769
MRE11	11	94478735	94478876	94478727	94478884
MRE11	11	94476289	94476403	94476281	94476411
MRE11	11	94471574	94471759	94471566	94471767
MRE11	11	94470471	94470642	94470463	94470650
MRE11	11	94467813	94467893	94467805	94467901
MRE11	11	94464113	94464239	94464105	94464247
MRE11	11	94460936	94461036	94460928	94461044
MRE11	11	94459408	94459581	94459400	94459589
MRE11	11	94456276	94456338	94456268	94456346
MRE11	11	94447219	94447438	94447211	94447446
MRE11	11	94445810	94445893	94445802	94445901
MRE11	11	94437177	94437235	94437169	94437243
MRE11	11	94435832	94435899	94435824	94435907
MRE11	11	94429911	94429986	94429903	94429994
MRE11	11	94420125	94420181	94420117	94420189
MSH2	2	47403192	47403402	47403184	47403410
MSH2	2	47408401	47408555	47408393	47408563
MSH2	2	47410094	47410372	47410086	47410380
MSH2	2	47412414	47412560	47412406	47412568
MSH2	2	47414269	47414418	47414261	47414426
MSH2	2	47416296	47416429	47416288	47416437
MSH2	2	47429742	47429941	47429734	47429949
MSH2	2	47445548	47445657	47445540	47445665
MSH2	2	47463031	47463154	47463023	47463162
MSH2	2	47466658	47466808	47466650	47466816
MSH2	2	47470965	47471062	47470957	47471070
MSH2	2	47475025	47475270	47475017	47475278
MSH2	2	47476367	47476571	47476359	47476579
MSH2	2	47478272	47478519	47478264	47478527
MSH2	2	47480696	47480871	47480688	47480879
MSH2	2	47482779	47482949	47482771	47482957
MSH3	5	80654728	80654964	80654720	80654972
MSH3	5	80656411	80656531	80656403	80656539
MSH3	5	80665143	80665363	80665135	80665371
MSH3	5	80670097	80670309	80670089	80670317
MSH3	5	80672244	80672360	80672236	80672368
MSH3	5	80672741	80672858	80672733	80672866
MSH3	5	80674983	80675128	80674975	80675136
MSH3	5	80678927	80679093	80678919	80679101
MSH3	5	80725453	80725565	80725445	80725573
MSH3	5	80728851	80728965	80728843	80728973
MSH3	5	80741464	80741548	80741456	80741556
MSH3	5	80744506	80744615	80744498	80744623
MSH3	5	80761546	80761678	80761538	80761686
MSH3	5	80767933	80768120	80767925	80768128
MSH3	5	80768835	80769003	80768827	80769011
MSH3	5	80775694	80775758	80775686	80775766
MSH3	5	80778720	80778836	80778712	80778844
MSH3	5	80787565	80787672	80787557	80787680
MSH3	5	80792733	80792844	80792725	80792852
MSH3	5	80813584	80813741	80813576	80813749
MSH3	5	80854130	80854316	80854122	80854324
MSH3	5	80864813	80864942	80864805	80864950
MSH3	5	80873116	80873287	80873108	80873295
MSH3	5	80875751	80875862	80875743	80875870
MSH6	2	47783234	47783493	47783226	47783501
MSH6	2	47790927	47791123	47790919	47791131
MSH6	2	47795894	47796063	47795886	47796071
MSH6	2	47798611	47801155	47798603	47801163
MSH6	2	47803420	47803685	47803412	47803693
MSH6	2	47804910	47805027	47804902	47805035
MSH6	2	47805618	47805707	47805610	47805715
MSH6	2	47806204	47806358	47806196	47806366
MSH6	2	47806452	47806651	47806444	47806659
MSH6	2	47806779	47806860	47806771	47806868
MTAP	9	21802749	21802781	21802741	21802789
MTAP	9	21815433	21815519	21815425	21815527
MTAP	9	21816714	21816772	21816706	21816780
MTAP	9	21818035	21818202	21818027	21818210
MTAP	9	21837908	21838010	21837900	21838018
MTAP	9	21854631	21854870	21854623	21854878
MTAP	9	21859303	21859425	21859295	21859433
MTAP	9	21861976	21862014	21861968	21862022
MUTYH	1	45334391	45334505	45334383	45334513
MUTYH	1	45333413	45333561	45333405	45333569
MUTYH	1	45333285	45333324	45333277	45333332
MUTYH	1	45333097	45333170	45333089	45333178
MUTYH	1	45332918	45332959	45332910	45332967
MUTYH	1	45332763	45332834	45332755	45332842
MUTYH	1	45332574	45332687	45332566	45332695
MUTYH	1	45332391	45332488	45332383	45332496
MUTYH	1	45332166	45332310	45332158	45332318
MUTYH	1	45332023	45332086	45332015	45332094
MUTYH	1	45331661	45331849	45331653	45331857
MUTYH	1	45331420	45331556	45331412	45331564
MUTYH	1	45331182	45331334	45331174	45331342
MUTYH	1	45330516	45330557	45330508	45330565
MUTYH	1	45329306	45329437	45329298	45329445
NAF1	4	163166363	163166727	163166355	163166735
NAF1	4	163164217	163164391	163164209	163164399
NAF1	4	163148341	163148434	163148333	163148442
NAF1	4	163145782	163145864	163145774	163145872
NAF1	4	163140223	163140383	163140215	163140391
NAF1	4	163137199	163137250	163137191	163137258
NAF1	4	163133154	163133256	163133146	163133264
NAF1	4	163128897	163129348	163128889	163129356
NAPRT	8	143578093	143578318	143578085	143578326
NAPRT	8	143577816	143577943	143577808	143577951
NAPRT	8	143577657	143577739	143577649	143577747
NAPRT	8	143577269	143577399	143577261	143577407
NAPRT	8	143577062	143577177	143577054	143577185
NAPRT	8	143576646	143576842	143576638	143576850
NAPRT	8	143576432	143576572	143576424	143576580
NAPRT	8	143576078	143576162	143576070	143576170
NAPRT	8	143575622	143575702	143575614	143575710
NAPRT	8	143575423	143575525	143575415	143575533
NAPRT	8	143575191	143575345	143575183	143575353
NAPRT	8	143574986	143575093	143574978	143575101
NAPRT	8	143574838	143574900	143574830	143574908
NBN	8	89984525	89984561	89984517	89984569
NBN	8	89982722	89982855	89982714	89982863
NBN	8	89981375	89981523	89981367	89981531
NBN	8	89980734	89980893	89980726	89980901
NBN	8	89978220	89978323	89978212	89978331
NBN	8	89971173	89971290	89971165	89971298
NBN	8	89970364	89970557	89970356	89970565
NBN	8	89964410	89964507	89964402	89964515
NBN	8	89958725	89958854	89958717	89958862
NBN	8	89955283	89955555	89955275	89955563
NBN	8	89953244	89953691	89953236	89953699
NBN	8	89947824	89947892	89947816	89947900
NBN	8	89946140	89946295	89946132	89946303
NBN	8	89943253	89943366	89943245	89943374
NBN	8	89937026	89937075	89937018	89937083
NBN	8	89935582	89935612	89935574	89935620
NF1	17	31095310	31095369	31095302	31095377
NF1	17	31155983	31156126	31155975	31156134
NF1	17	31159010	31159093	31159002	31159101
NF1	17	31163186	31163376	31163178	31163384
NF1	17	31169891	31169997	31169883	31170005
NF1	17	31181422	31181489	31181414	31181497
NF1	17	31181710	31181785	31181702	31181793
NF1	17	31182508	31182665	31182500	31182673
NF1	17	31200422	31200595	31200414	31200603
NF1	17	31201037	31201159	31201029	31201167
NF1	17	31201411	31201485	31201403	31201493
NF1	17	31206240	31206371	31206232	31206379
NF1	17	31214451	31214585	31214443	31214593
NF1	17	31219005	31219118	31218997	31219126
NF1	17	31221850	31221929	31221842	31221937
NF1	17	31223444	31223567	31223436	31223575
NF1	17	31225095	31225250	31225087	31225258
NF1	17	31226435	31226684	31226427	31226692
NF1	17	31227218	31227291	31227210	31227299
NF1	17	31227523	31227606	31227515	31227614
NF1	17	31229025	31229465	31229017	31229473
NF1	17	31229835	31229974	31229827	31229982
NF1	17	31230260	31230382	31230252	31230390
NF1	17	31230842	31230925	31230834	31230933
NF1	17	31232073	31232189	31232065	31232197
NF1	17	31232700	31232881	31232692	31232889
NF1	17	31233002	31233213	31232994	31233221
NF1	17	31235611	31235772	31235603	31235780
NF1	17	31235918	31236021	31235910	31236029
NF1	17	31248984	31249119	31248976	31249127
NF1	17	31252938	31253000	31252930	31253008
NF1	17	31258344	31258502	31258336	31258510
NF1	17	31259032	31259129	31259024	31259137
NF1	17	31260369	31260515	31260361	31260523
NF1	17	31261711	31261857	31261703	31261865
NF1	17	31265229	31265339	31265221	31265347
NF1	17	31325820	31326252	31325812	31326260
NF1	17	31327499	31327839	31327491	31327847
NF1	17	31330296	31330498	31330288	31330506
NF1	17	31334838	31335031	31334830	31335039
NF1	17	31336333	31336473	31336325	31336481
NF1	17	31336635	31336914	31336627	31336922
NF1	17	31337368	31337582	31337360	31337590
NF1	17	31337819	31337880	31337811	31337888
NF1	17	31338025	31338139	31338017	31338147
NF1	17	31338704	31338805	31338696	31338813
NF1	17	31340505	31340645	31340497	31340653
NF1	17	31343009	31343135	31343001	31343143
NF1	17	31349120	31349251	31349112	31349259
NF1	17	31350183	31350318	31350175	31350326
NF1	17	31352257	31352414	31352249	31352422
NF1	17	31356460	31356582	31356452	31356590
NF1	17	31356960	31357090	31356952	31357098
NF1	17	31357269	31357369	31357261	31357377
NF1	17	31358480	31358622	31358472	31358630
NF1	17	31358969	31359015	31358961	31359023
NF1	17	31360487	31360703	31360479	31360711
NF1	17	31374013	31374155	31374005	31374163
NF2	22	29603999	29604112	29603991	29604120
NF2	22	29636751	29636876	29636743	29636884
NF2	22	29639090	29639212	29639082	29639220
NF2	22	29642202	29642285	29642194	29642293
NF2	22	29654657	29654725	29654649	29654733
NF2	22	29655594	29655676	29655586	29655684
NF2	22	29658189	29658264	29658181	29658272
NF2	22	29661205	29661339	29661197	29661347
NF2	22	29664990	29665064	29664982	29665072
NF2	22	29668333	29668446	29668325	29668454
NF2	22	29671826	29671948	29671818	29671956
NF2	22	29673269	29673486	29673261	29673494
NF2	22	29674836	29674941	29674828	29674949
NF2	22	29678196	29678323	29678188	29678331
NF2	22	29681439	29681601	29681431	29681609
NF2	22	29694752	29694802	29694744	29694810
NHP2	5	178153658	178153817	178153650	178153825
NHP2	5	178153491	178153560	178153483	178153568
NHP2	5	178150888	178150993	178150880	178151001
NHP2	5	178149713	178149838	178149705	178149846
NLRP2	19	54970016	54970295	54970008	54970303
NLRP2	19	54974500	54974544	54974492	54974552
NLRP2	19	54977752	54977823	54977744	54977831
NLRP2	19	54981617	54981682	54981609	54981690
NLRP2	19	54982162	54983728	54982154	54983736
NLRP2	19	54985047	54985217	54985039	54985225
NLRP2	19	54986151	54986315	54986143	54986323
NLRP2	19	54990022	54990192	54990014	54990200
NLRP2	19	54990502	54990672	54990494	54990680
NLRP2	19	54994269	54994439	54994261	54994447
NLRP2	19	54997317	54997487	54997309	54997495
NLRP2	19	55000760	55000898	55000752	55000906
NLRP5	19	56003807	56004095	56003799	56004103
NLRP5	19	56008788	56008853	56008780	56008861
NLRP5	19	56015742	56015798	56015734	56015806
NLRP5	19	56019342	56019398	56019334	56019406
NLRP5	19	56020375	56020431	56020367	56020439
NLRP5	19	56026913	56028509	56026905	56028517
NLRP5	19	56032611	56032781	56032603	56032789
NLRP5	19	56033542	56033709	56033534	56033717
NLRP5	19	56038025	56038195	56038017	56038203
NLRP5	19	56040922	56041092	56040914	56041100
NLRP5	19	56050418	56050588	56050410	56050596
NLRP5	19	56053638	56053808	56053630	56053816
NLRP5	19	56058240	56058410	56058232	56058418
NLRP5	19	56061396	56061528	56061388	56061536
NLRP7	19	54941435	54941711	54941427	54941719
NLRP7	19	54940931	54941005	54940923	54941013
NLRP7	19	54938888	54940466	54938880	54940474
NLRP7	19	54938044	54938241	54938036	54938249
NLRP7	19	54936261	54936431	54936253	54936439
NLRP7	19	54934489	54934659	54934481	54934667
NLRP7	19	54933569	54933739	54933561	54933747
NLRP7	19	54930499	54930666	54930491	54930674
NLRP7	19	54927605	54927775	54927597	54927783
NLRP7	19	54923740	54923872	54923732	54923880
NOP10	15	34343020	34343073	34343012	34343081
NOP10	15	34341968	34342108	34341960	34342116
NPM1	5	171387949	171388006	171387941	171388014
NPM1	5	171390051	171390130	171390043	171390138
NPM1	5	171391305	171391424	171391297	171391432
NPM1	5	171391706	171391799	171391698	171391807
NPM1	5	171392710	171392816	171392702	171392824
NPM1	5	171392914	171392978	171392906	171392986
NPM1	5	171400153	171400210	171400145	171400218
NPM1	5	171400839	171400925	171400831	171400933
NPM1	5	171405302	171405403	171405294	171405411
NPM1	5	171407700	171407774	171407692	171407782
NPM1	5	171410527	171410565	171410519	171410573
NRAS	1	114716050	114716160	114716042	114716168
NRAS	1	114713800	114713978	114713792	114713986
NRAS	1	114709569	114709728	114709561	114709736
NRAS	1	114708535	114708654	114708527	114708662
NSD1	5	177135104	177136030	177135096	177136038
NSD1	5	177191884	177192019	177191876	177192027
NSD1	5	177204120	177204292	177204112	177204300
NSD1	5	177209636	177212195	177209628	177212203
NSD1	5	177235821	177235945	177235813	177235953
NSD1	5	177238237	177238507	177238229	177238515
NSD1	5	177239756	177239865	177239748	177239873
NSD1	5	177244195	177244270	177244187	177244278
NSD1	5	177246678	177246796	177246670	177246804
NSD1	5	177248181	177248324	177248173	177248332
NSD1	5	177251730	177251853	177251722	177251861
NSD1	5	177256951	177257151	177256943	177257159
NSD1	5	177259989	177260168	177259981	177260176
NSD1	5	177267562	177267718	177267554	177267726
NSD1	5	177269602	177269807	177269594	177269815
NSD1	5	177273672	177273784	177273664	177273792
NSD1	5	177280565	177280834	177280557	177280842
NSD1	5	177282465	177282581	177282457	177282589
NSD1	5	177283787	177283928	177283779	177283936
NSD1	5	177288819	177288925	177288811	177288933
NSD1	5	177291954	177292158	177291946	177292166
NSD1	5	177293832	177295459	177293824	177295467
NTHL1	16	2047709	2047823	2047701	2047831
NTHL1	16	2046128	2046366	2046120	2046374
NTHL1	16	2044630	2044800	2044622	2044808
NTHL1	16	2043567	2043726	2043559	2043734
NTHL1	16	2040133	2040238	2040125	2040246
NTHL1	16	2039924	2040047	2039916	2040055
PADI6	1	17372246	17372361	17372238	17372369
PADI6	1	17373056	17373233	17373048	17373241
PADI6	1	17375427	17375499	17375419	17375507
PADI6	1	17379920	17379987	17379912	17379995
PADI6	1	17381047	17381164	17381039	17381172
PADI6	1	17381967	17382092	17381959	17382100
PADI6	1	17388381	17388559	17388373	17388567
PADI6	1	17388777	17388880	17388769	17388888
PADI6	1	17392114	17392225	17392106	17392233
PADI6	1	17393975	17394082	17393967	17394090
PADI6	1	17394300	17394454	17394292	17394462
PADI6	1	17394951	17395107	17394943	17395115
PADI6	1	17395540	17395663	17395532	17395671
PADI6	1	17397071	17397141	17397063	17397149
PADI6	1	17398686	17398847	17398678	17398855
PADI6	1	17401205	17401438	17401197	17401446
PALB2	16	23641110	23641157	23641102	23641165
PALB2	16	23638070	23638129	23638062	23638137
PALB2	16	23637850	23637952	23637842	23637960
PALB2	16	23634862	23636334	23634854	23636342
PALB2	16	23629640	23630469	23629632	23630477
PALB2	16	23629204	23629275	23629196	23629283
PALB2	16	23626236	23626397	23626228	23626405
PALB2	16	23624009	23624094	23624001	23624102
PALB2	16	23622969	23623130	23622961	23623138
PALB2	16	23621362	23621478	23621354	23621486
PALB2	16	23614004	23614091	23613996	23614099
PALB2	16	23607864	23608012	23607856	23608020
PALB2	16	23603459	23603669	23603451	23603677
PALLD	4	168511505	168512412	168511497	168512420
PALLD	4	168668190	168668368	168668182	168668376
PALLD	4	168681332	168681398	168681324	168681406
PALLD	4	168682998	168683103	168682990	168683111
PALLD	4	168685485	168685559	168685477	168685567
PALLD	4	168690603	168690744	168690595	168690752
PALLD	4	168691269	168691292	168691261	168691300
PALLD	4	168709028	168709147	168709020	168709155
PALLD	4	168711581	168711923	168711573	168711931
PALLD	4	168890922	168891057	168890914	168891065
PALLD	4	168894579	168894677	168894571	168894685
PALLD	4	168896549	168896599	168896541	168896607
PALLD	4	168898493	168898714	168898485	168898722
PALLD	4	168903757	168903906	168903749	168903914
PALLD	4	168913927	168914021	168913919	168914029
PALLD	4	168915895	168916027	168915887	168916035
PALLD	4	168921534	168921741	168921526	168921749
PALLD	4	168924255	168924420	168924247	168924428
PALLD	4	168924945	168925078	168924937	168925086
PALLD	4	168925233	168925246	168925225	168925254
PARN	16	14630107	14630125	14630099	14630133
PARN	16	14629597	14629674	14629589	14629682
PARN	16	14628172	14628251	14628164	14628259
PARN	16	14627269	14627336	14627261	14627344
PARN	16	14627106	14627187	14627098	14627195
PARN	16	14617590	14617650	14617582	14617658
PARN	16	14610644	14610809	14610636	14610817
PARN	16	14609058	14609123	14609050	14609131
PARN	16	14608281	14608319	14608273	14608327
PARN	16	14606484	14606526	14606476	14606534
PARN	16	14604146	14604226	14604138	14604234
PARN	16	14599904	14599960	14599896	14599968
PARN	16	14593301	14593378	14593293	14593386
PARN	16	14586318	14586361	14586310	14586369
PARN	16	14584749	14584791	14584741	14584799
PARN	16	14584347	14584422	14584339	14584430
PARN	16	14582181	14582291	14582173	14582299
PARN	16	14580874	14580943	14580866	14580951
PARN	16	14555654	14555709	14555646	14555717
PARN	16	14554065	14554151	14554057	14554159
PARN	16	14552021	14552095	14552013	14552103
PARN	16	14482638	14482827	14482630	14482835
PARN	16	14446888	14447081	14446880	14447089
PARN	16	14436717	14436772	14436709	14436780
PAX5	9	37033986	37034031	37033978	37034039
PAX5	9	37020636	37020801	37020628	37020809
PAX5	9	37014997	37015194	37014989	37015202
PAX5	9	37006473	37006537	37006465	37006545
PAX5	9	37002648	37002776	37002640	37002784
PAX5	9	36966549	36966724	36966541	36966732
PAX5	9	36923355	36923484	36923347	36923492
PAX5	9	36882004	36882105	36881996	36882113
PAX5	9	36846843	36846929	36846835	36846937
PAX5	9	36840560	36840636	36840552	36840644
PAX6	11	31806402	31806411	31806394	31806419
PAX6	11	31802704	31802834	31802696	31802842
PAX6	11	31801871	31801912	31801863	31801920
PAX6	11	31801561	31801776	31801553	31801784
PAX6	11	31800691	31800856	31800683	31800864
PAX6	11	31794630	31794788	31794622	31794796
PAX6	11	31794032	31794114	31794024	31794122
PAX6	11	31793652	31793802	31793644	31793810
PAX6	11	31793438	31793553	31793430	31793561
PAX6	11	31790710	31790860	31790702	31790868
PAX6	11	31789934	31790019	31789926	31790027
PDGFRA	4	54258769	54258817	54258761	54258825
PDGFRA	4	54261095	54261412	54261087	54261420
PDGFRA	4	54263667	54263927	54263659	54263935
PDGFRA	4	54264919	54265049	54264911	54265057
PDGFRA	4	54267289	54267460	54267281	54267468
PDGFRA	4	54267552	54267741	54267544	54267749
PDGFRA	4	54270633	54270748	54270625	54270756
PDGFRA	4	54272394	54272520	54272386	54272528
PDGFRA	4	54273537	54273730	54273529	54273738
PDGFRA	4	54274531	54274625	54274523	54274633
PDGFRA	4	54274841	54274973	54274833	54274981
PDGFRA	4	54277388	54277492	54277380	54277500
PDGFRA	4	54277896	54278006	54277888	54278014
PDGFRA	4	54278362	54278515	54278354	54278523
PDGFRA	4	54280316	54280482	54280308	54280490
PDGFRA	4	54285371	54285486	54285363	54285494
PDGFRA	4	54285841	54285963	54285833	54285971
PDGFRA	4	54287430	54287541	54287422	54287549
PDGFRA	4	54288799	54288898	54288791	54288906
PDGFRA	4	54289009	54289114	54289001	54289122
PDGFRA	4	54290313	54290554	54290305	54290562
PDGFRA	4	54295125	54295272	54295117	54295280
PDGFRB	5	150137008	150137047	150137000	150137055
PDGFRB	5	150135555	150135878	150135547	150135886
PDGFRB	5	150134750	150135016	150134742	150135024
PDGFRB	5	150133881	150134008	150133873	150134016
PDGFRB	5	150133586	150133760	150133578	150133768
PDGFRB	5	150132750	150132942	150132742	150132950
PDGFRB	5	150131979	150132094	150131971	150132102
PDGFRB	5	150130539	150130662	150130531	150130670
PDGFRB	5	150129757	150129968	150129749	150129976
PDGFRB	5	150126520	150126614	150126512	150126622
PDGFRB	5	150125445	150125577	150125437	150125585
PDGFRB	5	150124727	150124831	150124719	150124839
PDGFRB	5	150124250	150124360	150124242	150124368
PDGFRB	5	150123042	150123201	150123034	150123209
PDGFRB	5	150121880	150122040	150121872	150122048
PDGFRB	5	150121204	150121322	150121196	150121330
PDGFRB	5	150120888	150121010	150120880	150121018
PDGFRB	5	150120012	150120123	150120004	150120131
PDGFRB	5	150119467	150119566	150119459	150119574
PDGFRB	5	150118747	150118852	150118739	150118860
PDGFRB	5	150117618	150117850	150117610	150117858
PDGFRB	5	150115763	150115946	150115755	150115954
PHOX2B	4	41748370	41748610	41748362	41748618
PHOX2B	4	41747349	41747536	41747341	41747544
PHOX2B	4	41745807	41746322	41745799	41746330
PIK3CA	3	179198826	179199177	179198818	179199185
PIK3CA	3	179199690	179199899	179199682	179199907
PIK3CA	3	179201290	179201540	179201282	179201548
PIK3CA	3	179203544	179203789	179203536	179203797
PIK3CA	3	179204503	179204588	179204495	179204596
PIK3CA	3	179209595	179209700	179209587	179209708
PIK3CA	3	179210186	179210338	179210178	179210346
PIK3CA	3	179210431	179210565	179210423	179210573
PIK3CA	3	179218210	179218334	179218202	179218342
PIK3CA	3	179219196	179219277	179219188	179219285
PIK3CA	3	179219571	179219735	179219563	179219743
PIK3CA	3	179219949	179220052	179219941	179220060
PIK3CA	3	179220986	179221157	179220978	179221165
PIK3CA	3	179224081	179224187	179224073	179224195
PIK3CA	3	179224700	179224821	179224692	179224829
PIK3CA	3	179225962	179226040	179225954	179226048
PIK3CA	3	179229272	179229442	179229264	179229450
PIK3CA	3	179230004	179230121	179229996	179230129
PIK3CA	3	179230225	179230376	179230217	179230384
PIK3CA	3	179234094	179234364	179234086	179234372
PMS2	7	6008997	6009019	6008989	6009027
PMS2	7	6005892	6006031	6005884	6006039
PMS2	7	6003972	6004058	6003964	6004066
PMS2	7	6003690	6003792	6003682	6003800
PMS2	7	6002453	6002636	6002445	6002644
PMS2	7	5999108	5999275	5999100	5999283
PMS2	7	5997326	5997423	5997318	5997431
PMS2	7	5995534	5995633	5995526	5995641
PMS2	7	5991973	5992057	5991965	5992065
PMS2	7	5989800	5989955	5989792	5989963
PMS2	7	5986759	5987620	5986751	5987628
PMS2	7	5982824	5982991	5982816	5982999
PMS2	7	5978596	5978696	5978588	5978704
PMS2	7	5977588	5977757	5977580	5977765
PMS2	7	5973399	5973542	5973391	5973550
POLD1	19	50398852	50399053	50398844	50399061
POLD1	19	50399371	50399484	50399363	50399492
POLD1	19	50401778	50401924	50401770	50401932
POLD1	19	50401999	50402124	50401991	50402132
POLD1	19	50402205	50402373	50402197	50402381
POLD1	19	50402454	50402535	50402446	50402543
POLD1	19	50402612	50402741	50402604	50402749
POLD1	19	50403053	50403219	50403045	50403227
POLD1	19	50403493	50403597	50403485	50403605
POLD1	19	50406182	50406322	50406174	50406330
POLD1	19	50406407	50406517	50406399	50406525
POLD1	19	50406983	50407174	50406975	50407182
POLD1	19	50407327	50407415	50407319	50407423
POLD1	19	50408785	50408901	50408777	50408909
POLD1	19	50409122	50409235	50409114	50409243
POLD1	19	50409519	50409666	50409511	50409674
POLD1	19	50413426	50413521	50413418	50413529
POLD1	19	50413742	50413879	50413734	50413887
POLD1	19	50414815	50414990	50414807	50414998
POLD1	19	50415438	50415590	50415430	50415598
POLD1	19	50415724	50415826	50415716	50415834
POLD1	19	50416396	50416528	50416388	50416536
POLD1	19	50416610	50416723	50416602	50416731
POLD1	19	50417045	50417097	50417037	50417105
POLD1	19	50417172	50417269	50417164	50417277
POLD1	19	50417842	50417947	50417834	50417955
POLE	12	132687254	132687315	132687246	132687323
POLE	12	132681138	132681279	132681130	132681287
POLE	12	132680607	132680687	132680599	132680695
POLE	12	132680178	132680222	132680170	132680230
POLE	12	132679954	132680046	132679946	132680054
POLE	12	132679497	132679651	132679489	132679659
POLE	12	132677578	132677719	132677570	132677727
POLE	12	132677363	132677443	132677355	132677451
POLE	12	132676546	132676653	132676538	132676661
POLE	12	132676094	132676204	132676086	132676212
POLE	12	132675735	132675820	132675727	132675828
POLE	12	132675398	132675517	132675390	132675525
POLE	12	132673575	132673707	132673567	132673715
POLE	12	132673164	132673277	132673156	132673285
POLE	12	132672627	132672839	132672619	132672847
POLE	12	132672215	132672322	132672207	132672330
POLE	12	132668811	132668939	132668803	132668947
POLE	12	132668635	132668737	132668627	132668745
POLE	12	132668356	132668502	132668348	132668510
POLE	12	132667503	132667648	132667495	132667656
POLE	12	132665302	132665450	132665294	132665458
POLE	12	132664370	132664462	132664362	132664470
POLE	12	132664004	132664148	132663996	132664156
POLE	12	132661527	132661684	132661519	132661692
POLE	12	132660969	132661164	132660961	132661172
POLE	12	132659295	132659509	132659287	132659517
POLE	12	132657868	132657970	132657860	132657978
POLE	12	132657349	132657429	132657341	132657437
POLE	12	132657136	132657258	132657128	132657266
POLE	12	132649677	132649889	132649669	132649897
POLE	12	132649306	132649515	132649298	132649523
POLE	12	132648929	132649072	132648921	132649080
POLE	12	132643837	132643977	132643829	132643985
POLE	12	132643407	132643560	132643399	132643568
POLE	12	132643224	132643330	132643216	132643338
POLE	12	132642820	132642996	132642812	132643004
POLE	12	132642506	132642729	132642498	132642737
POLE	12	132642177	132642397	132642169	132642405
POLE	12	132641647	132641851	132641639	132641859
POLE	12	132639125	132639298	132639117	132639306
POLE	12	132638014	132638139	132638006	132638147
POLE	12	132635892	132636024	132635884	132636032
POLE	12	132634186	132634378	132634178	132634386
POLE	12	132632664	132632795	132632656	132632803
POLE	12	132632315	132632508	132632307	132632516
POLE	12	132626117	132626317	132626109	132626325
POLE	12	132625645	132625770	132625637	132625778
POLE	12	132624905	132624994	132624897	132625002
POLE	12	132624697	132624810	132624689	132624818
POLH	6	43582320	43582456	43582312	43582464
POLH	6	43583007	43583141	43582999	43583149
POLH	6	43587272	43587489	43587264	43587497
POLH	6	43597696	43597865	43597688	43597873
POLH	6	43600988	43601091	43600980	43601099
POLH	6	43603892	43604011	43603884	43604019
POLH	6	43604615	43604738	43604607	43604746
POLH	6	43605254	43605319	43605246	43605327
POLH	6	43610554	43610723	43610546	43610731
POLH	6	43613660	43614557	43613652	43614565
POT1	7	124897165	124897173	124897157	124897181
POT1	7	124892266	124892380	124892258	124892388
POT1	7	124870911	124871041	124870903	124871049
POT1	7	124863350	124863640	124863342	124863648
POT1	7	124858957	124859112	124858949	124859120
POT1	7	124852972	124853138	124852964	124853146
POT1	7	124851872	124851951	124851864	124851959
POT1	7	124846942	124846998	124846934	124847006
POT1	7	124842807	124842963	124842799	124842971
POT1	7	124840973	124841178	124840965	124841186
POT1	7	124835279	124835414	124835271	124835422
POT1	7	124829254	124829342	124829246	124829350
POT1	7	124827214	124827305	124827206	124827313
POT1	7	124825252	124825357	124825244	124825365
POT1	7	124823962	124824074	124823954	124824082
PPM1D	17	60600415	60600886	60600407	60600894
PPM1D	17	60623521	60623749	60623513	60623757
PPM1D	17	60633853	60633977	60633845	60633985
PPM1D	17	60647892	60648082	60647884	60648090
PPM1D	17	60656599	60656841	60656591	60656849
PPM1D	17	60662995	60663552	60662987	60663560
PRF1	10	70600364	70600902	70600356	70600910
PRF1	10	70598053	70599181	70598045	70599189
PRKAR1A	17	68515400	68515576	68515392	68515584
PRKAR1A	17	68522756	68522926	68522748	68522934
PRKAR1A	17	68523725	68523816	68523717	68523824
PRKAR1A	17	68524016	68524077	68524008	68524085
PRKAR1A	17	68524912	68524958	68524904	68524966
PRKAR1A	17	68525754	68525912	68525746	68525920
PRKAR1A	17	68527840	68527900	68527832	68527908
PRKAR1A	17	68528870	68528991	68528862	68528999
PRKAR1A	17	68529920	68530001	68529912	68530009
PRKAR1A	17	68530277	68530449	68530269	68530457
PRSS1	7	142749485	142749524	142749477	142749532
PRSS1	7	142750555	142750714	142750547	142750722
PRSS1	7	142751774	142752027	142751766	142752035
PRSS1	7	142752431	142752567	142752423	142752575
PRSS1	7	142752868	142753020	142752860	142753028
PTCH1	9	95508161	95508361	95508153	95508369
PTCH1	9	95506407	95506599	95506399	95506607
PTCH1	9	95485685	95485874	95485677	95485882
PTCH1	9	95482134	95482203	95482126	95482211
PTCH1	9	95481949	95482040	95481941	95482048
PTCH1	9	95480390	95480588	95480382	95480596
PTCH1	9	95479969	95480090	95479961	95480098
PTCH1	9	95479000	95479147	95478992	95479155
PTCH1	9	95478055	95478186	95478047	95478194
PTCH1	9	95477547	95477702	95477539	95477710
PTCH1	9	95476759	95476857	95476751	95476865
PTCH1	9	95476034	95476159	95476026	95476167
PTCH1	9	95469813	95469931	95469805	95469939
PTCH1	9	95468751	95469153	95468743	95469161
PTCH1	9	95467116	95467425	95467108	95467433
PTCH1	9	95461856	95461998	95461848	95462006
PTCH1	9	95459600	95459783	95459592	95459791
PTCH1	9	95458013	95458293	95458005	95458301
PTCH1	9	95456276	95456413	95456268	95456421
PTCH1	9	95453478	95453620	95453470	95453628
PTCH1	9	95449841	95449940	95449833	95449948
PTCH1	9	95449069	95449323	95449061	95449331
PTCH1	9	95446912	95447451	95446904	95447459
PTEN	10	87864470	87864548	87864462	87864556
PTEN	10	87894025	87894109	87894017	87894117
PTEN	10	87925513	87925557	87925505	87925565
PTEN	10	87931046	87931089	87931038	87931097
PTEN	10	87933013	87933251	87933005	87933259
PTEN	10	87952118	87952259	87952110	87952267
PTEN	10	87957853	87958019	87957845	87958027
PTEN	10	87960894	87961118	87960886	87961126
PTEN	10	87965287	87965472	87965279	87965480
PTPN11	12	112419112	112419125	112419104	112419133
PTPN11	12	112446276	112446398	112446268	112446406
PTPN11	12	112450318	112450512	112450310	112450520
PTPN11	12	112453195	112453387	112453187	112453395
PTPN11	12	112454564	112454680	112454556	112454688
PTPN11	12	112455950	112456063	112455942	112456071
PTPN11	12	112472944	112473040	112472936	112473048
PTPN11	12	112477651	112477730	112477643	112477738
PTPN11	12	112477857	112478015	112477849	112478023
PTPN11	12	112482074	112482205	112482066	112482213
PTPN11	12	112486475	112486629	112486467	112486637
PTPN11	12	112488443	112488510	112488435	112488518
PTPN11	12	112489024	112489175	112489016	112489183
PTPN11	12	112502144	112502256	112502136	112502264
PTPN11	12	112504695	112504764	112504687	112504772
RAD21	8	116866586	116866729	116866578	116866737
RAD21	8	116863130	116863259	116863122	116863267
RAD21	8	116861841	116861940	116861833	116861948
RAD21	8	116858352	116858458	116858344	116858466
RAD21	8	116857267	116857473	116857259	116857481
RAD21	8	116856646	116856771	116856638	116856779
RAD21	8	116856166	116856288	116856158	116856296
RAD21	8	116854245	116854468	116854237	116854476
RAD21	8	116852549	116852708	116852541	116852716
RAD21	8	116851948	116852096	116851940	116852104
RAD21	8	116850618	116850767	116850610	116850775
RAD21	8	116848946	116849029	116848938	116849037
RAD21	8	116847500	116847691	116847492	116847699
RAD50	5	132557325	132557453	132557317	132557461
RAD50	5	132559284	132559367	132559276	132559375
RAD50	5	132575777	132575928	132575769	132575936
RAD50	5	132579317	132579502	132579309	132579510
RAD50	5	132579862	132580066	132579854	132580074
RAD50	5	132587562	132587690	132587554	132587698
RAD50	5	132587924	132588089	132587916	132588097
RAD50	5	132588687	132588880	132588679	132588888
RAD50	5	132589631	132589837	132589623	132589845
RAD50	5	132591224	132591406	132591216	132591414
RAD50	5	132591877	132592034	132591869	132592042
RAD50	5	132594869	132595044	132594861	132595052
RAD50	5	132595573	132595810	132595565	132595818
RAD50	5	132603300	132603489	132603292	132603497
RAD50	5	132603920	132604046	132603912	132604054
RAD50	5	132604806	132604999	132604798	132605007
RAD50	5	132608615	132608725	132608607	132608733
RAD50	5	132609117	132609209	132609109	132609217
RAD50	5	132609283	132609396	132609275	132609404
RAD50	5	132616003	132616130	132615995	132616138
RAD50	5	132618070	132618294	132618062	132618302
RAD50	5	132637115	132637200	132637107	132637208
RAD50	5	132638081	132638223	132638073	132638231
RAD50	5	132640672	132640805	132640664	132640813
RAD50	5	132642178	132642364	132642170	132642372
RAD51	15	40698759	40698845	40698751	40698853
RAD51	15	40701064	40701201	40701056	40701209
RAD51	15	40706177	40706294	40706169	40706302
RAD51	15	40709025	40709116	40709017	40709124
RAD51	15	40718805	40718899	40718797	40718907
RAD51	15	40728711	40728824	40728703	40728832
RAD51	15	40729505	40729634	40729497	40729642
RAD51	15	40729853	40729974	40729845	40729982
RAD51	15	40731055	40731178	40731047	40731186
RAD51B	14	67823544	67823627	67823536	67823635
RAD51B	14	67825464	67825577	67825456	67825585
RAD51B	14	67835080	67835196	67835072	67835204
RAD51B	14	67865003	67865139	67864995	67865147
RAD51B	14	67885869	67885988	67885861	67885996
RAD51B	14	67887021	67887204	67887013	67887212
RAD51B	14	68291884	68291980	68291876	68291988
RAD51B	14	68411424	68411527	68411416	68411535
RAD51B	14	68468172	68468250	68468164	68468258
RAD51B	14	68477648	68477664	68477640	68477672
RAD51C	17	58692644	58692788	58692636	58692796
RAD51C	17	58694931	58695189	58694923	58695197
RAD51C	17	58696693	58696859	58696685	58696867
RAD51C	17	58703196	58703329	58703188	58703337
RAD51C	17	58709859	58709990	58709851	58709998
RAD51C	17	58720746	58720812	58720738	58720820
RAD51C	17	58724040	58724100	58724032	58724108
RAD51C	17	58732484	58732544	58732476	58732552
RAD51C	17	58734118	58734222	58734110	58734230
RAD51D	17	35119532	35119613	35119524	35119621
RAD51D	17	35119111	35119172	35119103	35119180
RAD51D	17	35118501	35118619	35118493	35118627
RAD51D	17	35107366	35107447	35107358	35107455
RAD51D	17	35106988	35107122	35106980	35107130
RAD51D	17	35106386	35106481	35106378	35106489
RAD51D	17	35103454	35103544	35103446	35103552
RAD51D	17	35103254	35103324	35103246	35103332
RAD51D	17	35101201	35101365	35101193	35101373
RAD51D	17	35100953	35101036	35100945	35101044
RAF1	3	12618515	12618721	12618507	12618729
RAF1	3	12611950	12612062	12611942	12612070
RAF1	3	12609233	12609335	12609225	12609343
RAF1	3	12608766	12608923	12608758	12608931
RAF1	3	12606201	12606299	12606193	12606307
RAF1	3	12604136	12604289	12604128	12604297
RAF1	3	12600388	12600415	12600380	12600423
RAF1	3	12600152	12600279	12600144	12600287
RAF1	3	12599691	12599808	12599683	12599816
RAF1	3	12591708	12591792	12591700	12591800
RAF1	3	12590798	12590974	12590790	12590982
RAF1	3	12587591	12587637	12587583	12587645
RAF1	3	12585681	12585799	12585673	12585807
RAF1	3	12585122	12585253	12585114	12585261
RAF1	3	12584847	12584981	12584839	12584989
RAF1	3	12584514	12584657	12584506	12584665
RB1	13	48303913	48304049	48303905	48304057
RB1	13	48307280	48307406	48307272	48307414
RB1	13	48342599	48342714	48342591	48342722
RB1	13	48345080	48345199	48345072	48345207
RB1	13	48347825	48347863	48347817	48347871
RB1	13	48348956	48349023	48348948	48349031
RB1	13	48360017	48360127	48360009	48360135
RB1	13	48362815	48362957	48362807	48362965
RB1	13	48364894	48364971	48364886	48364979
RB1	13	48367494	48367603	48367486	48367611
RB1	13	48368527	48368604	48368519	48368612
RB1	13	48373405	48373492	48373397	48373500
RB1	13	48376918	48377034	48376910	48377042
RB1	13	48379594	48379650	48379586	48379658
RB1	13	48380053	48380084	48380045	48380092
RB1	13	48380165	48380241	48380157	48380249
RB1	13	48381247	48381443	48381239	48381451
RB1	13	48452993	48453111	48452985	48453119
RB1	13	48456204	48456349	48456196	48456357
RB1	13	48459688	48459833	48459680	48459841
RB1	13	48463731	48463835	48463723	48463843
RB1	13	48464998	48465111	48464990	48465119
RB1	13	48465205	48465368	48465197	48465376
RB1	13	48473360	48473390	48473352	48473398
RB1	13	48476701	48476843	48476693	48476851
RB1	13	48477355	48477404	48477347	48477412
RB1	13	48479998	48480071	48479990	48480079
RECQL4	8	144517701	144517784	144517693	144517792
RECQL4	8	144517602	144517635	144517594	144517643
RECQL4	8	144517414	144517508	144517406	144517516
RECQL4	8	144517050	144517190	144517042	144517198
RECQL4	8	144515988	144516764	144515980	144516772
RECQL4	8	144515764	144515890	144515756	144515898
RECQL4	8	144515326	144515457	144515318	144515465
RECQL4	8	144515150	144515242	144515142	144515250
RECQL4	8	144514936	144515072	144514928	144515080
RECQL4	8	144514442	144514525	144514434	144514533
RECQL4	8	144514189	144514362	144514181	144514370
RECQL4	8	144513928	144514107	144513920	144514115
RECQL4	8	144513571	144513712	144513563	144513720
RECQL4	8	144513218	144513480	144513210	144513488
RECQL4	8	144512847	144513138	144512839	144513146
RECQL4	8	144512642	144512771	144512634	144512779
RECQL4	8	144512392	144512561	144512384	144512569
RECQL4	8	144512144	144512324	144512136	144512332
RECQL4	8	144511911	144512067	144511903	144512075
RECQL4	8	144511681	144511789	144511673	144511797
RECQL4	8	144511431	144511555	144511423	144511563
REST	4	56910639	56911536	56910631	56911544
REST	4	56919787	56919870	56919779	56919878
REST	4	56929841	56932152	56929833	56932160
RET	10	43077259	43077331	43077251	43077339
RET	10	43100459	43100722	43100451	43100730
RET	10	43102342	43102629	43102334	43102637
RET	10	43104952	43105193	43104944	43105201
RET	10	43106376	43106571	43106368	43106579
RET	10	43109031	43109230	43109023	43109238
RET	10	43111207	43111465	43111199	43111473
RET	10	43112099	43112224	43112091	43112232
RET	10	43112853	43112963	43112845	43112971
RET	10	43113556	43113675	43113548	43113683
RET	10	43114480	43114736	43114472	43114744
RET	10	43116584	43116731	43116576	43116739
RET	10	43118373	43118480	43118365	43118488
RET	10	43119531	43119745	43119523	43119753
RET	10	43120081	43120203	43120073	43120211
RET	10	43121946	43122016	43121938	43122024
RET	10	43123671	43123808	43123663	43123816
RET	10	43124883	43124982	43124875	43124990
RET	10	43126575	43126722	43126567	43126730
RET	10	43128112	43128269	43128104	43128277
RFWD3	16	74660932	74661449	74660924	74661457
RFWD3	16	74651920	74652122	74651912	74652130
RFWD3	16	74649132	74649202	74649124	74649210
RFWD3	16	74644541	74644735	74644533	74644743
RFWD3	16	74644362	74644453	74644354	74644461
RFWD3	16	74637856	74637970	74637848	74637978
RFWD3	16	74636346	74636577	74636338	74636585
RFWD3	16	74632523	74632673	74632515	74632681
RFWD3	16	74630781	74630957	74630773	74630965
RFWD3	16	74628452	74628666	74628444	74628674
RFWD3	16	74626343	74626554	74626335	74626562
RFWD3	16	74623928	74624071	74623920	74624079
RHBDF2	17	76481375	76481524	76481367	76481532
RHBDF2	17	76479733	76479854	76479725	76479862
RHBDF2	17	76479082	76479277	76479074	76479285
RHBDF2	17	76478806	76479009	76478798	76479017
RHBDF2	17	76477657	76477785	76477649	76477793
RHBDF2	17	76477180	76477298	76477172	76477306
RHBDF2	17	76476830	76477024	76476822	76477032
RHBDF2	17	76475030	76475141	76475022	76475149
RHBDF2	17	76474730	76474804	76474722	76474812
RHBDF2	17	76474373	76474534	76474365	76474542
RHBDF2	17	76474033	76474142	76474025	76474150
RHBDF2	17	76473839	76473902	76473831	76473910
RHBDF2	17	76473648	76473742	76473640	76473750
RHBDF2	17	76473252	76473327	76473244	76473335
RHBDF2	17	76473005	76473105	76472997	76473113
RHBDF2	17	76472686	76472839	76472678	76472847
RHBDF2	17	76471633	76472052	76471625	76472060
RINT1	7	105532316	105532357	105532308	105532365
RINT1	7	105532824	105532869	105532816	105532877
RINT1	7	105536565	105536749	105536557	105536757
RINT1	7	105542408	105542649	105542400	105542657
RINT1	7	105546910	105547083	105546902	105547091
RINT1	7	105547184	105547333	105547176	105547341
RINT1	7	105548554	105548710	105548546	105548718
RINT1	7	105550055	105550165	105550047	105550173
RINT1	7	105550261	105550486	105550253	105550494
RINT1	7	105551570	105551707	105551562	105551715
RINT1	7	105555028	105555227	105555020	105555235
RINT1	7	105563733	105563947	105563725	105563955
RINT1	7	105565277	105565457	105565269	105565465
RINT1	7	105565530	105565648	105565522	105565656
RINT1	7	105567119	105567311	105567111	105567319
RNF43	17	58415326	58415577	58415318	58415585
RNF43	17	58370911	58371033	58370903	58371041
RNF43	17	58363526	58363600	58363518	58363608
RNF43	17	58363275	58363406	58363267	58363414
RNF43	17	58362544	58362648	58362536	58362656
RNF43	17	58360783	58360944	58360775	58360952
RNF43	17	58360149	58360251	58360141	58360259
RNF43	17	58357468	58358823	58357460	58358831
RNF43	17	58354943	58354986	58354935	58354994
RPA1	17	1830094	1830126	1830086	1830134
RPA1	17	1842803	1842853	1842795	1842861
RPA1	17	1843920	1843998	1843912	1844006
RPA1	17	1844578	1844686	1844570	1844694
RPA1	17	1853101	1853189	1853093	1853197
RPA1	17	1872434	1872526	1872426	1872534
RPA1	17	1875661	1875793	1875653	1875801
RPA1	17	1877212	1877314	1877204	1877322
RPA1	17	1878993	1879061	1878985	1879069
RPA1	17	1879215	1879407	1879207	1879415
RPA1	17	1879560	1879699	1879552	1879707
RPA1	17	1880543	1880691	1880535	1880699
RPA1	17	1883812	1883944	1883804	1883952
RPA1	17	1888675	1888851	1888667	1888859
RPA1	17	1891833	1891940	1891825	1891948
RPA1	17	1895009	1895095	1895001	1895103
RPA1	17	1897071	1897175	1897063	1897183
RPL11	1	23691824	23691829	23691816	23691837
RPL11	1	23692609	23692759	23692601	23692767
RPL11	1	23693807	23693913	23693799	23693921
RPL11	1	23694660	23694791	23694652	23694799
RPL11	1	23695798	23695908	23695790	23695916
RPL11	1	23696344	23696373	23696336	23696381
RPL15	3	23917860	23918031	23917852	23918039
RPL15	3	23918440	23918576	23918432	23918584
RPL15	3	23919196	23919501	23919188	23919509
RPL23	17	38853698	38853710	38853690	38853718
RPL23	17	38853022	38853105	38853014	38853113
RPL23	17	38852604	38852732	38852596	38852740
RPL23	17	38850362	38850475	38850354	38850483
RPL23	17	38850132	38850214	38850124	38850222
RPL26	17	8382143	8382310	8382135	8382318
RPL26	17	8379796	8379936	8379788	8379944
RPL26	17	8377564	8377692	8377556	8377700
RPL27	17	42998751	42998831	42998743	42998839
RPL27	17	42999933	43000102	42999925	43000110
RPL27	17	43002673	43002783	43002665	43002791
RPL27	17	43002872	43002920	43002864	43002928
RPL31	2	101002702	101002808	101002694	101002816
RPL31	2	101004158	101004283	101004150	101004291
RPL31	2	101005959	101006071	101005951	101006079
RPL31	2	101006350	101006381	101006342	101006389
RPL35A	3	197950968	197950978	197950960	197950986
RPL35A	3	197951159	197951311	197951151	197951319
RPL35A	3	197954003	197954147	197953995	197954155
RPL35A	3	197955750	197955773	197955742	197955781
RPL36	19	5690508	5690600	5690500	5690608
RPL36	19	5691319	5691453	5691311	5691461
RPL36	19	5691532	5691621	5691524	5691629
RPL5	1	92832115	92832117	92832107	92832125
RPL5	1	92833389	92833458	92833381	92833466
RPL5	1	92833545	92833660	92833537	92833668
RPL5	1	92834779	92834913	92834771	92834921
RPL5	1	92836190	92836392	92836182	92836400
RPL5	1	92837456	92837633	92837448	92837641
RPL5	1	92840551	92840639	92840543	92840647
RPL5	1	92841766	92841865	92841758	92841873
RPS10	6	34425072	34425221	34425064	34425229
RPS10	6	34424669	34424840	34424661	34424848
RPS10	6	34421730	34421807	34421722	34421815
RPS10	6	34418369	34418424	34418361	34418432
RPS10	6	34417506	34417547	34417498	34417555
RPS17	15	82540426	82540428	82540418	82540436
RPS17	15	82539981	82540132	82539973	82540140
RPS17	15	82538880	82538985	82538872	82538993
RPS17	15	82538306	82538371	82538298	82538379
RPS17	15	82536801	82536881	82536793	82536889
RPS19	19	41860775	41860845	41860767	41860853
RPS19	19	41861112	41861212	41861104	41861220
RPS19	19	41869031	41869214	41869023	41869222
RPS19	19	41869699	41869753	41869691	41869761
RPS19	19	41871351	41871377	41871343	41871385
RPS20	8	56074381	56074383	56074373	56074391
RPS20	8	56074060	56074159	56074052	56074167
RPS20	8	56073695	56073768	56073687	56073776
RPS20	8	56073090	56073272	56073082	56073280
RPS24	10	78033902	78033904	78033894	78033912
RPS24	10	78035352	78035417	78035344	78035425
RPS24	10	78035511	78035720	78035503	78035728
RPS24	10	78037194	78037304	78037186	78037312
RPS24	10	78040204	78040206	78040196	78040214
RPS26	12	56042167	56042169	56042159	56042177
RPS26	12	56042425	56042602	56042417	56042610
RPS26	12	56043363	56043493	56043355	56043501
RPS26	12	56044119	56044154	56044111	56044162
RPS27	1	153990797	153990802	153990789	153990810
RPS27	1	153991115	153991223	153991107	153991231
RPS27	1	153991566	153991676	153991558	153991684
RPS27	1	153992065	153992093	153992057	153992101
RPS27A	2	55232825	55232872	55232817	55232880
RPS27A	2	55233363	55233417	55233355	55233425
RPS27A	2	55234119	55234204	55234111	55234212
RPS27A	2	55234831	55234962	55234823	55234970
RPS27A	2	55235428	55235577	55235420	55235585
RPS28	19	8321531	8321569	8321523	8321577
RPS28	19	8321656	8321703	8321648	8321711
RPS28	19	8321953	8322075	8321945	8322083
RPS29	14	49586285	49586346	49586277	49586354
RPS29	14	49585950	49586049	49585942	49586057
RPS29	14	49583667	49583675	49583659	49583683
RPS7	2	3575610	3575684	3575602	3575692
RPS7	2	3575817	3575888	3575809	3575896
RPS7	2	3576487	3576630	3576479	3576638
RPS7	2	3577710	3577774	3577702	3577782
RPS7	2	3580110	3580260	3580102	3580268
RPS7	2	3580805	3580882	3580797	3580890
RTEL1	20	63659403	63659504	63659395	63659512
RTEL1	20	63661298	63661496	63661290	63661504
RTEL1	20	63661850	63661943	63661842	63661951
RTEL1	20	63662546	63662627	63662538	63662635
RTEL1	20	63662829	63662889	63662821	63662897
RTEL1	20	63666004	63666079	63665996	63666087
RTEL1	20	63667469	63667553	63667461	63667561
RTEL1	20	63672556	63672621	63672548	63672629
RTEL1	20	63673940	63674093	63673932	63674101
RTEL1	20	63678145	63678183	63678137	63678191
RTEL1	20	63678268	63678346	63678260	63678354
RTEL1	20	63679849	63679946	63679841	63679954
RTEL1	20	63680664	63680719	63680656	63680727
RTEL1	20	63685523	63685597	63685515	63685605
RTEL1	20	63685791	63685872	63685783	63685880
RTEL1	20	63687638	63687770	63687630	63687778
RTEL1	20	63687937	63688050	63687929	63688058
RTEL1	20	63688139	63688179	63688131	63688187
RTEL1	20	63688301	63688386	63688293	63688394
RTEL1	20	63688528	63688605	63688520	63688613
RTEL1	20	63689055	63689132	63689047	63689140
RTEL1	20	63689502	63689648	63689494	63689656
RTEL1	20	63689750	63689865	63689742	63689873
RTEL1	20	63690087	63690210	63690079	63690218
RTEL1	20	63690294	63690441	63690286	63690449
RTEL1	20	63690805	63690947	63690797	63690955
RTEL1	20	63691742	63691837	63691734	63691845
RTEL1	20	63692805	63693003	63692797	63693011
RTEL1	20	63693143	63693283	63693135	63693291
RTEL1	20	63694372	63694488	63694364	63694496
RTEL1	20	63694741	63694974	63694733	63694982
RTEL1	20	63695066	63695221	63695058	63695229
RTEL1	20	63695328	63695650	63695320	63695658
RTEL1	20	63695778	63695858	63695770	63695866
RUNX1	21	35048842	35048899	35048834	35048907
RUNX1	21	34892925	34892963	34892917	34892971
RUNX1	21	34886843	34887096	34886835	34887104
RUNX1	21	34880557	34880713	34880549	34880721
RUNX1	21	34859474	34859578	34859466	34859586
RUNX1	21	34834410	34834601	34834402	34834609
RUNX1	21	34799301	34799462	34799293	34799470
RUNX1	21	34792135	34792610	34792127	34792618
SAMD9	7	93101328	93106097	93101320	93106105
SAMD9L	7	93131217	93135971	93131209	93135979
SBDS	7	66995290	66995417	66995282	66995425
SBDS	7	66994212	66994341	66994204	66994349
SBDS	7	66993217	66993417	66993209	66993425
SBDS	7	66991137	66991301	66991129	66991309
SBDS	7	66988371	66988499	66988363	66988507
SDHA	5	218356	218418	218348	218426
SDHA	5	223482	223568	223474	223576
SDHA	5	224360	224521	224352	224529
SDHA	5	225419	225562	225411	225570
SDHA	5	225883	226047	225875	226055
SDHA	5	228185	228333	228177	228341
SDHA	5	230876	231000	230868	231008
SDHA	5	233477	233645	233469	233653
SDHA	5	235144	235339	235136	235347
SDHA	5	236428	236599	236420	236607
SDHA	5	240358	240476	240350	240484
SDHA	5	250992	251103	250984	251111
SDHA	5	251338	251468	251330	251476
SDHA	5	254393	254506	254385	254514
SDHA	5	256334	256420	256326	256428
SDHAF2	11	61430147	61430182	61430139	61430190
SDHAF2	11	61437625	61437848	61437617	61437856
SDHAF2	11	61438004	61438113	61437996	61438121
SDHAF2	11	61445941	61446071	61445933	61446079
SDHB	1	17053948	17054019	17053940	17054027
SDHB	1	17044761	17044888	17044753	17044896
SDHB	1	17033060	17033145	17033052	17033153
SDHB	1	17028600	17028736	17028592	17028744
SDHB	1	17027749	17027865	17027741	17027873
SDHB	1	17023973	17024074	17023965	17024082
SDHB	1	17022608	17022730	17022600	17022738
SDHB	1	17018881	17018958	17018873	17018966
SDHC	1	161314406	161314425	161314398	161314433
SDHC	1	161323614	161323670	161323606	161323678
SDHC	1	161328396	161328497	161328388	161328505
SDHC	1	161340594	161340655	161340586	161340663
SDHC	1	161356677	161356840	161356669	161356848
SDHC	1	161362329	161362433	161362321	161362441
SDHD	11	112086908	112086959	112086900	112086967
SDHD	11	112087857	112087973	112087849	112087981
SDHD	11	112088867	112089011	112088859	112089019
SDHD	11	112094805	112094970	112094797	112094978
SETBP1	18	44701347	44701832	44701339	44701840
SETBP1	18	44869230	44869283	44869222	44869291
SETBP1	18	44949881	44953340	44949873	44953348
SETBP1	18	45038485	45038655	45038477	45038663
SETBP1	18	45063079	45063698	45063071	45063706
SH2B3	12	111418146	111418877	111418138	111418885
SH2B3	12	111446753	111446854	111446745	111446862
SH2B3	12	111446942	111447033	111446934	111447041
SH2B3	12	111447125	111447219	111447117	111447227
SH2B3	12	111447330	111447544	111447322	111447552
SH2B3	12	111447656	111447827	111447648	111447835
SH2B3	12	111447983	111448302	111447975	111448310
SH2D1A	X	124346643	124346779	124346635	124346787
SH2D1A	X	124365761	124365824	124365753	124365832
SH2D1A	X	124370176	124370320	124370168	124370328
SH2D1A	X	124371351	124371391	124371343	124371399
SHOC2	10	110964359	110965061	110964351	110965069
SHOC2	10	110985628	110985765	110985620	110985773
SHOC2	10	111000415	111000545	111000407	111000553
SHOC2	10	111004606	111004794	111004598	111004802
SHOC2	10	111007531	111007653	111007523	111007661
SHOC2	10	111009248	111009385	111009240	111009393
SHOC2	10	111009713	111009830	111009705	111009838
SHOC2	10	111011610	111011818	111011602	111011826
SLX4	16	3608430	3608964	3608422	3608972
SLX4	16	3606474	3606698	3606466	3606706
SLX4	16	3602118	3602307	3602110	3602315
SLX4	16	3600979	3601191	3600971	3601199
SLX4	16	3597797	3597999	3597789	3598007
SLX4	16	3597379	3597695	3597371	3597703
SLX4	16	3596153	3596393	3596145	3596401
SLX4	16	3595605	3595693	3595597	3595701
SLX4	16	3594453	3594599	3594445	3594607
SLX4	16	3592699	3592865	3592691	3592873
SLX4	16	3589002	3591310	3588994	3591318
SLX4	16	3584769	3584871	3584761	3584879
SLX4	16	3583097	3583510	3583089	3583518
SLX4	16	3582342	3582693	3582334	3582701
SMAD4	18	51047047	51047295	51047039	51047303
SMAD4	18	51048686	51048860	51048678	51048868
SMAD4	18	51049295	51049324	51049287	51049332
SMAD4	18	51054781	51054993	51054773	51055001
SMAD4	18	51058125	51058244	51058117	51058252
SMAD4	18	51058340	51058456	51058332	51058464
SMAD4	18	51059866	51059916	51059858	51059924
SMAD4	18	51065423	51065606	51065415	51065614
SMAD4	18	51067019	51067187	51067011	51067195
SMAD4	18	51076638	51076776	51076630	51076784
SMAD4	18	51078256	51078467	51078248	51078475
SMARCA4	19	10984152	10984373	10984144	10984381
SMARCA4	19	10985273	10985405	10985265	10985413
SMARCA4	19	10986189	10986593	10986181	10986601
SMARCA4	19	10986905	10987003	10986897	10987011
SMARCA4	19	10987666	10987924	10987658	10987932
SMARCA4	19	10989317	10989443	10989309	10989451
SMARCA4	19	10991150	10991323	10991142	10991331
SMARCA4	19	10994828	10995001	10994820	10995009
SMARCA4	19	10996213	10996380	10996205	10996388
SMARCA4	19	10996494	10996544	10996486	10996552
SMARCA4	19	11003029	11003159	11003021	11003167
SMARCA4	19	11003340	11003397	11003332	11003405
SMARCA4	19	11007902	11008023	11007894	11008031
SMARCA4	19	11010381	11010531	11010373	11010539
SMARCA4	19	11012949	11013112	11012941	11013120
SMARCA4	19	11018957	11019023	11018949	11019031
SMARCA4	19	11019591	11019701	11019583	11019709
SMARCA4	19	11021725	11021967	11021717	11021975
SMARCA4	19	11023518	11023631	11023510	11023639
SMARCA4	19	11024331	11024438	11024323	11024446
SMARCA4	19	11025422	11025508	11025414	11025516
SMARCA4	19	11026300	11026346	11026292	11026354
SMARCA4	19	11027784	11027950	11027776	11027958
SMARCA4	19	11030730	11030893	11030722	11030901
SMARCA4	19	11033290	11033517	11033282	11033525
SMARCA4	19	11033767	11033865	11033759	11033873
SMARCA4	19	11034123	11034200	11034115	11034208
SMARCA4	19	11034914	11035132	11034906	11035140
SMARCA4	19	11041307	11041560	11041299	11041568
SMARCA4	19	11058255	11058363	11058247	11058371
SMARCA4	19	11058788	11058889	11058780	11058897
SMARCA4	19	11059753	11059885	11059745	11059893
SMARCA4	19	11060045	11060187	11060037	11060195
SMARCA4	19	11061784	11061816	11061776	11061824
SMARCB1	22	23787170	23787262	23787162	23787270
SMARCB1	22	23791756	23791894	23791748	23791902
SMARCB1	22	23793559	23793688	23793551	23793696
SMARCB1	22	23800944	23801081	23800936	23801089
SMARCB1	22	23803295	23803422	23803287	23803430
SMARCB1	22	23816770	23816936	23816762	23816944
SMARCB1	22	23825225	23825415	23825217	23825423
SMARCB1	22	23833572	23833703	23833564	23833711
SMARCB1	22	23834141	23834180	23834133	23834188
SMARCE1	17	40645796	40645802	40645788	40645810
SMARCE1	17	40645576	40645619	40645568	40645627
SMARCE1	17	40642455	40642559	40642447	40642567
SMARCE1	17	40637492	40637572	40637484	40637580
SMARCE1	17	40636395	40636526	40636387	40636534
SMARCE1	17	40635931	40636102	40635923	40636110
SMARCE1	17	40632195	40632367	40632187	40632375
SMARCE1	17	40631592	40631693	40631584	40631701
SMARCE1	17	40630714	40630924	40630706	40630932
SMARCE1	17	40628785	40628993	40628777	40629001
SOS1	2	39120336	39120422	39120328	39120430
SOS1	2	39067628	39067753	39067620	39067761
SOS1	2	39058673	39058804	39058665	39058812
SOS1	2	39056702	39056866	39056694	39056874
SOS1	2	39054614	39054823	39054606	39054831
SOS1	2	39051144	39051287	39051136	39051295
SOS1	2	39035390	39035500	39035382	39035508
SOS1	2	39035212	39035310	39035204	39035318
SOS1	2	39024010	39024137	39024002	39024145
SOS1	2	39022570	39023225	39022562	39023233
SOS1	2	39014765	39014846	39014757	39014854
SOS1	2	39013867	39013989	39013859	39013997
SOS1	2	39013460	39013563	39013452	39013571
SOS1	2	39012126	39012348	39012118	39012356
SOS1	2	39010584	39010703	39010576	39010711
SOS1	2	39007031	39007193	39007023	39007201
SOS1	2	39006412	39006529	39006404	39006537
SOS1	2	38997253	38997425	38997245	38997433
SOS1	2	38996922	38997038	38996914	38997046
SOS1	2	38995123	38995387	38995115	38995395
SOS1	2	38989270	38989314	38989262	38989322
SOS1	2	38987473	38987591	38987465	38987599
SOS1	2	38985824	38986315	38985816	38986323
SPINK1	5	147831523	147831577	147831515	147831585
SPINK1	5	147829599	147829630	147829591	147829638
SPINK1	5	147828022	147828128	147828014	147828136
SPINK1	5	147824661	147824706	147824653	147824714
SPRED1	15	38253186	38253217	38253178	38253225
SPRED1	15	38299373	38299547	38299365	38299555
SPRED1	15	38322241	38322409	38322233	38322417
SPRED1	15	38324763	38324809	38324755	38324817
SPRED1	15	38339737	38339895	38339729	38339903
SPRED1	15	38349422	38349523	38349414	38349531
SPRED1	15	38351014	38351664	38351006	38351672
SQSTM1	5	179820937	179821141	179820929	179821149
SQSTM1	5	179822958	179823053	179822950	179823061
SQSTM1	5	179823858	179824087	179823850	179824095
SQSTM1	5	179824182	179824323	179824174	179824331
SQSTM1	5	179825146	179825226	179825138	179825234
SQSTM1	5	179833032	179833246	179833024	179833254
SQSTM1	5	179833587	179833782	179833579	179833790
SQSTM1	5	179836436	179836593	179836428	179836601
SRP72	4	56467636	56467744	56467628	56467752
SRP72	4	56469653	56469773	56469645	56469781
SRP72	4	56471720	56471843	56471712	56471851
SRP72	4	56474054	56474197	56474046	56474205
SRP72	4	56474280	56474391	56474272	56474399
SRP72	4	56476671	56476702	56476663	56476710
SRP72	4	56478379	56478503	56478371	56478511
SRP72	4	56478592	56478649	56478584	56478657
SRP72	4	56483139	56483270	56483131	56483278
SRP72	4	56484736	56484864	56484728	56484872
SRP72	4	56486325	56486397	56486317	56486405
SRP72	4	56487949	56488013	56487941	56488021
SRP72	4	56489388	56489483	56489380	56489491
SRP72	4	56490333	56490436	56490325	56490444
SRP72	4	56490568	56490645	56490560	56490653
SRP72	4	56491431	56491568	56491423	56491576
SRP72	4	56495357	56495394	56495349	56495402
SRP72	4	56500536	56500695	56500528	56500703
SRP72	4	56501684	56501861	56501676	56501869
SRY	Y	2786989	2787603	2786981	2787611
STAT3	17	42348389	42348516	42348381	42348524
STAT3	17	42346569	42346713	42346561	42346721
STAT3	17	42345559	42345657	42345551	42345665
STAT3	17	42339314	42339409	42339306	42339417
STAT3	17	42338731	42338812	42338723	42338820
STAT3	17	42337763	42337857	42337755	42337865
STAT3	17	42337435	42337586	42337427	42337594
STAT3	17	42333891	42334049	42333883	42334057
STAT3	17	42333673	42333765	42333665	42333773
STAT3	17	42331472	42331531	42331464	42331539
STAT3	17	42329747	42329776	42329739	42329784
STAT3	17	42329554	42329647	42329546	42329655
STAT3	17	42329410	42329457	42329402	42329465
STAT3	17	42326116	42326199	42326108	42326207
STAT3	17	42324963	42325061	42324955	42325069
STAT3	17	42324711	42324846	42324703	42324854
STAT3	17	42323573	42323625	42323565	42323633
STAT3	17	42323260	42323354	42323252	42323362
STAT3	17	42323004	42323143	42322996	42323151
STAT3	17	42322282	42322494	42322274	42322502
STAT3	17	42317182	42317224	42317174	42317232
STAT3	17	42316789	42316901	42316781	42316909
STAT3	17	42315745	42315800	42315737	42315808
STK11	19	1206914	1207203	1206906	1207211
STK11	19	1218417	1218500	1218409	1218508
STK11	19	1219324	1219413	1219316	1219421
STK11	19	1220373	1220505	1220365	1220513
STK11	19	1220581	1220717	1220573	1220725
STK11	19	1221213	1221340	1221205	1221348
STK11	19	1221949	1222006	1221941	1222014
STK11	19	1222985	1223172	1222977	1223180
STK11	19	1226454	1226647	1226446	1226655
STN1	10	103917462	103917594	103917454	103917602
STN1	10	103910527	103910622	103910519	103910630
STN1	10	103905091	103905156	103905083	103905164
STN1	10	103900062	103900223	103900054	103900231
STN1	10	103898877	103899000	103898869	103899008
STN1	10	103897548	103897719	103897540	103897727
STN1	10	103892130	103892252	103892122	103892260
STN1	10	103889072	103889144	103889064	103889152
STN1	10	103882684	103882841	103882676	103882849
SUFU	10	102504153	102504334	102504145	102504342
SUFU	10	102509169	102509303	102509161	102509311
SUFU	10	102549970	102550106	102549962	102550114
SUFU	10	102592582	102592724	102592574	102592732
SUFU	10	102593636	102593721	102593628	102593729
SUFU	10	102593993	102594065	102593985	102594073
SUFU	10	102597140	102597293	102597132	102597301
SUFU	10	102599433	102599544	102599425	102599552
SUFU	10	102615268	102615402	102615260	102615410
SUFU	10	102617290	102617428	102617282	102617436
SUFU	10	102627175	102627243	102627167	102627251
SUFU	10	102630066	102630155	102630058	102630163
TBXT	6	166167386	166167591	166167378	166167599
TBXT	6	166166592	166166856	166166584	166166864
TBXT	6	166165706	166165840	166165698	166165848
TBXT	6	166164800	166164861	166164792	166164869
TBXT	6	166164605	166164666	166164597	166164674
TBXT	6	166162447	166162623	166162439	166162631
TBXT	6	166160837	166160966	166160829	166160974
TBXT	6	166158315	166158588	166158307	166158596
TERF2IP	16	75647883	75648552	75647875	75648560
TERF2IP	16	75654273	75654397	75654265	75654405
TERF2IP	16	75656207	75656611	75656199	75656619
TERT	5	1294771	1294989	1294763	1294997
TERT	5	1293313	1294666	1293305	1294674
TERT	5	1282429	1282624	1282421	1282632
TERT	5	1280158	1280338	1280150	1280346
TERT	5	1279291	1279470	1279283	1279478
TERT	5	1278641	1278796	1278633	1278804
TERT	5	1272185	1272280	1272177	1272288
TERT	5	1271119	1271204	1271111	1271212
TERT	5	1268520	1268633	1268512	1268641
TERT	5	1266464	1266535	1266456	1266543
TERT	5	1264404	1264592	1264396	1264600
TERT	5	1260474	1260600	1260466	1260608
TERT	5	1258598	1258659	1258590	1258667
TERT	5	1255287	1255411	1255279	1255419
TERT	5	1254368	1254505	1254360	1254513
TERT	5	1253728	1253831	1253720	1253839
TINF2	14	24242141	24242332	24242133	24242340
TINF2	14	24241890	24241994	24241882	24242002
TINF2	14	24241675	24241776	24241667	24241784
TINF2	14	24241204	24241311	24241196	24241319
TINF2	14	24241020	24241116	24241012	24241124
TINF2	14	24240419	24240875	24240411	24240883
TINF2	14	24240263	24240330	24240255	24240338
TINF2	14	24240064	24240155	24240056	24240163
TINF2	14	24239797	24239931	24239789	24239939
TMEM127	2	96265138	96265381	96265130	96265389
TMEM127	2	96254833	96254997	96254825	96255005
TMEM127	2	96253808	96254115	96253800	96254123
TP53	17	7676521	7676594	7676513	7676602
TP53	17	7676382	7676403	7676374	7676411
TP53	17	7675994	7676272	7675986	7676280
TP53	17	7675053	7675236	7675045	7675244
TP53	17	7674859	7674971	7674851	7674979
TP53	17	7674181	7674290	7674173	7674298
TP53	17	7673701	7673837	7673693	7673845
TP53	17	7673535	7673608	7673527	7673616
TP53	17	7670609	7670715	7670601	7670723
TP53	17	7669609	7669690	7669601	7669698
TRIM28	19	58544758	58545097	58544750	58545105
TRIM28	19	58545425	58545537	58545417	58545545
TRIM28	19	58545764	58545896	58545756	58545904
TRIM28	19	58547376	58547511	58547368	58547519
TRIM28	19	58547597	58547713	58547589	58547721
TRIM28	19	58547792	58547906	58547784	58547914
TRIM28	19	58548034	58548180	58548026	58548188
TRIM28	19	58548294	58548408	58548286	58548416
TRIM28	19	58548486	58548592	58548478	58548600
TRIM28	19	58548740	58548776	58548732	58548784
TRIM28	19	58548862	58548910	58548854	58548918
TRIM28	19	58548988	58549240	58548980	58549248
TRIM28	19	58549331	58549650	58549323	58549658
TRIM28	19	58549737	58549860	58549729	58549868
TRIM28	19	58549949	58550035	58549941	58550043
TRIM28	19	58550147	58550284	58550139	58550292
TRIM28	19	58550377	58550553	58550369	58550561
TRIM37	17	59106441	59106461	59106433	59106469
TRIM37	17	59104293	59104394	59104285	59104402
TRIM37	17	59091300	59091340	59091292	59091348
TRIM37	17	59088291	59088407	59088283	59088415
TRIM37	17	59084002	59084089	59083994	59084097
TRIM37	17	59081097	59081219	59081089	59081227
TRIM37	17	59079754	59079877	59079746	59079885
TRIM37	17	59075647	59075714	59075639	59075722
TRIM37	17	59070823	59070947	59070815	59070955
TRIM37	17	59064355	59064405	59064347	59064413
TRIM37	17	59062567	59062648	59062559	59062656
TRIM37	17	59061032	59061108	59061024	59061116
TRIM37	17	59056875	59057054	59056867	59057062
TRIM37	17	59051214	59051328	59051206	59051336
TRIM37	17	59049178	59049393	59049170	59049401
TRIM37	17	59047683	59047819	59047675	59047827
TRIM37	17	59041813	59041898	59041805	59041906
TRIM37	17	59031896	59032090	59031888	59032098
TRIM37	17	59028415	59028723	59028407	59028731
TRIM37	17	59017296	59017424	59017288	59017432
TRIM37	17	59015610	59015799	59015602	59015807
TRIM37	17	59012328	59012446	59012320	59012454
TRIM37	17	59001598	59001714	59001590	59001722
TRIM37	17	58999377	58999459	58999369	58999467
TRIP13	5	892999	893090	892991	893098
TRIP13	5	894787	894952	894779	894960
TRIP13	5	896665	896794	896657	896802
TRIP13	5	900494	900549	900486	900557
TRIP13	5	901341	901431	901333	901439
TRIP13	5	904148	904220	904140	904228
TRIP13	5	907130	907193	907122	907201
TRIP13	5	907988	908074	907980	908082
TRIP13	5	908355	908461	908347	908469
TRIP13	5	911843	911996	911835	912004
TRIP13	5	914465	914577	914457	914585
TRIP13	5	915904	915973	915896	915981
TRIP13	5	917008	917103	917000	917111
TSC1	9	132928767	132928872	132928759	132928880
TSC1	9	132927201	132927304	132927193	132927312
TSC1	9	132925587	132925739	132925579	132925747
TSC1	9	132923348	132923492	132923340	132923500
TSC1	9	132921819	132921973	132921811	132921981
TSC1	9	132921363	132921436	132921355	132921444
TSC1	9	132912282	132912457	132912274	132912465
TSC1	9	132911453	132911568	132911445	132911576
TSC1	9	132911002	132911113	132910994	132911121
TSC1	9	132910571	132910692	132910563	132910700
TSC1	9	132907301	132907370	132907293	132907378
TSC1	9	132906731	132906835	132906723	132906843
TSC1	9	132905581	132906139	132905573	132906147
TSC1	9	132904411	132904454	132904403	132904462
TSC1	9	132903651	132903817	132903643	132903825
TSC1	9	132902605	132902787	132902597	132902795
TSC1	9	132901589	132901699	132901581	132901707
TSC1	9	132900715	132900837	132900707	132900845
TSC1	9	132897423	132897610	132897415	132897618
TSC1	9	132897184	132897345	132897176	132897353
TSC1	9	132896235	132896754	132896227	132896762
TSC2	16	2048616	2048753	2048608	2048761
TSC2	16	2050400	2050486	2050392	2050494
TSC2	16	2053342	2053452	2053334	2053460
TSC2	16	2054296	2054440	2054288	2054448
TSC2	16	2055402	2055519	2055394	2055527
TSC2	16	2056196	2056244	2056188	2056252
TSC2	16	2056644	2056769	2056636	2056777
TSC2	16	2057105	2057178	2057097	2057186
TSC2	16	2058747	2058873	2058739	2058881
TSC2	16	2060670	2060813	2060662	2060821
TSC2	16	2061871	2062008	2061863	2062016
TSC2	16	2062497	2062600	2062489	2062608
TSC2	16	2062972	2063053	2062964	2063061
TSC2	16	2064272	2064427	2064264	2064435
TSC2	16	2065519	2065635	2065511	2065643
TSC2	16	2070456	2070578	2070448	2070586
TSC2	16	2071510	2071616	2071502	2071624
TSC2	16	2071784	2071934	2071776	2071942
TSC2	16	2072241	2072363	2072233	2072371
TSC2	16	2072849	2072983	2072841	2072991
TSC2	16	2074200	2074389	2074192	2074397
TSC2	16	2075799	2075892	2075791	2075900
TSC2	16	2076068	2076170	2076060	2076178
TSC2	16	2076491	2076585	2076483	2076593
TSC2	16	2077598	2077726	2077590	2077734
TSC2	16	2079032	2079196	2079024	2079204
TSC2	16	2079276	2079428	2079268	2079436
TSC2	16	2079557	2079669	2079549	2079677
TSC2	16	2080165	2080377	2080157	2080385
TSC2	16	2081595	2081798	2081587	2081806
TSC2	16	2082436	2082504	2082428	2082512
TSC2	16	2083695	2083816	2083687	2083824
TSC2	16	2084228	2084715	2084220	2084723
TSC2	16	2084951	2085026	2084943	2085034
TSC2	16	2085230	2085322	2085222	2085330
TSC2	16	2086193	2086379	2086185	2086387
TSC2	16	2086732	2086871	2086724	2086879
TSC2	16	2087863	2087941	2087855	2087949
TSC2	16	2088048	2088139	2088040	2088147
TSC2	16	2088227	2088325	2088219	2088333
TSC2	16	2088446	2088610	2088438	2088618
TSR2	X	54440422	54440502	54440414	54440510
TSR2	X	54440690	54440780	54440682	54440788
TSR2	X	54443400	54443491	54443392	54443499
TSR2	X	54444008	54444184	54444000	54444192
TSR2	X	54444416	54444550	54444408	54444558
UBE2T	1	202335646	202335754	202335638	202335762
UBE2T	1	202334989	202335058	202334981	202335066
UBE2T	1	202333450	202333555	202333442	202333563
UBE2T	1	202333237	202333335	202333229	202333343
UBE2T	1	202333010	202333093	202333002	202333101
UBE2T	1	202331835	202331960	202331827	202331968
UROD	1	45012266	45012285	45012258	45012293
UROD	1	45012907	45013019	45012899	45013027
UROD	1	45013136	45013215	45013128	45013223
UROD	1	45013292	45013354	45013284	45013362
UROD	1	45013594	45013791	45013586	45013799
UROD	1	45013909	45014070	45013901	45014078
UROD	1	45014439	45014576	45014431	45014584
UROD	1	45014736	45014836	45014728	45014844
UROD	1	45014940	45015006	45014932	45015014
UROD	1	45015337	45015498	45015329	45015506
VHL	3	10141848	10142187	10141840	10142195
VHL	3	10146514	10146636	10146506	10146644
VHL	3	10149787	10149965	10149779	10149973
WAS	X	48683854	48683985	48683846	48683993
WAS	X	48684283	48684423	48684275	48684431
WAS	X	48685547	48685633	48685539	48685641
WAS	X	48685734	48685836	48685726	48685844
WAS	X	48685946	48685987	48685938	48685995
WAS	X	48686081	48686134	48686073	48686142
WAS	X	48686781	48686955	48686773	48686963
WAS	X	48688054	48688096	48688046	48688104
WAS	X	48688300	48688453	48688292	48688461
WAS	X	48688660	48689066	48688652	48689074
WAS	X	48689320	48689434	48689312	48689442
WAS	X	48691107	48691162	48691099	48691170
WRAP53	17	7688649	7689079	7688641	7689087
WRAP53	17	7689224	7689322	7689216	7689330
WRAP53	17	7689590	7689701	7689582	7689709
WRAP53	17	7700741	7700829	7700733	7700837
WRAP53	17	7701459	7701549	7701451	7701557
WRAP53	17	7701657	7701789	7701649	7701797
WRAP53	17	7702344	7702552	7702336	7702560
WRAP53	17	7702743	7702846	7702735	7702854
WRAP53	17	7702993	7703127	7702985	7703135
WRAP53	17	7703243	7703486	7703235	7703494
WRN	8	31058448	31058543	31058440	31058551
WRN	8	31059153	31059265	31059145	31059273
WRN	8	31064289	31064434	31064281	31064442
WRN	8	31064915	31065063	31064907	31065071
WRN	8	31067033	31067182	31067025	31067190
WRN	8	31068258	31068327	31068250	31068335
WRN	8	31076173	31076287	31076165	31076295
WRN	8	31080867	31081296	31080859	31081304
WRN	8	31083699	31083779	31083691	31083787
WRN	8	31085166	31085246	31085158	31085254
WRN	8	31087776	31087920	31087768	31087928
WRN	8	31088890	31088965	31088882	31088973
WRN	8	31090465	31090532	31090457	31090540
WRN	8	31090834	31090942	31090826	31090950
WRN	8	31091830	31091898	31091822	31091906
WRN	8	31096768	31096850	31096760	31096858
WRN	8	31100849	31100955	31100841	31100963
WRN	8	31111615	31111799	31111607	31111807
WRN	8	31116354	31116528	31116346	31116536
WRN	8	31120243	31120424	31120235	31120432
WRN	8	31124522	31124623	31124514	31124631
WRN	8	31124908	31125000	31124900	31125008
WRN	8	31132365	31132506	31132357	31132514
WRN	8	31141430	31141600	31141422	31141608
WRN	8	31141681	31141775	31141673	31141783
WRN	8	31142626	31142701	31142618	31142709
WRN	8	31143550	31143623	31143542	31143631
WRN	8	31147053	31147128	31147045	31147136
WRN	8	31147364	31147476	31147356	31147484
WRN	8	31150341	31150455	31150333	31150463
WRN	8	31154624	31154755	31154616	31154763
WRN	8	31157368	31157530	31157360	31157538
WRN	8	31167022	31167230	31167014	31167238
WRN	8	31172995	31173102	31172987	31173110
WT1	11	32434700	32435360	32434692	32435368
WT1	11	32428497	32428619	32428489	32428627
WT1	11	32427956	32428058	32427948	32428066
WT1	11	32417577	32417654	32417569	32417662
WT1	11	32416490	32416540	32416482	32416548
WT1	11	32399948	32400044	32399940	32400052
WT1	11	32396257	32396407	32396249	32396415
WT1	11	32392666	32392755	32392658	32392763
WT1	11	32391972	32392064	32391964	32392072
WT1	11	32389058	32389179	32389050	32389187
XPA	9	97697121	97697292	97697113	97697300
XPA	9	97693649	97693759	97693641	97693767
XPA	9	97689534	97689639	97689526	97689647
XPA	9	97687096	97687261	97687088	97687269
XPA	9	97684923	97685040	97684915	97685048
XPA	9	97675439	97675587	97675431	97675595
XPC	3	14178466	14178568	14178458	14178576
XPC	3	14172867	14173062	14172859	14173070
XPC	3	14170438	14170550	14170430	14170558
XPC	3	14168257	14168380	14168249	14168388
XPC	3	14167169	14167253	14167161	14167261
XPC	3	14165428	14165585	14165420	14165593
XPC	3	14164813	14164933	14164805	14164941
XPC	3	14159741	14159830	14159733	14159838
XPC	3	14158011	14158892	14158003	14158900
XPC	3	14156335	14156495	14156327	14156503
XPC	3	14152335	14152416	14152327	14152424
XPC	3	14148814	14148948	14148806	14148956
XPC	3	14148562	14148731	14148554	14148739
XPC	3	14147908	14148001	14147900	14148009
XPC	3	14147290	14147379	14147282	14147387
XPC	3	14145941	14146159	14145933	14146167
XRCC2	7	152676041	152676079	152676033	152676087
XRCC2	7	152660701	152660782	152660693	152660790
XRCC2	7	152648642	152649363	152648634	152649371
ZCCHC8	12	122500642	122500840	122500634	122500848
ZCCHC8	12	122498827	122498869	122498819	122498877
ZCCHC8	12	122492715	122492789	122492707	122492797
ZCCHC8	12	122490462	122490567	122490454	122490575
ZCCHC8	12	122489386	122489463	122489378	122489471
ZCCHC8	12	122483460	122483563	122483452	122483571
ZCCHC8	12	122483279	122483344	122483271	122483352
ZCCHC8	12	122482635	122482695	122482627	122482703
ZCCHC8	12	122481945	122482087	122481937	122482095
ZCCHC8	12	122481522	122481664	122481514	122481672
ZCCHC8	12	122480190	122480311	122480182	122480319
ZCCHC8	12	122478206	122478292	122478198	122478300
ZCCHC8	12	122477841	122477958	122477833	122477966
ZCCHC8	12	122473497	122474275	122473489	122474283
