chrom	start	end	gene	feature_type
chr4	83459517	83462469	ABRAXAS1	Flanking Up
chr4	83462469	83462902	ABRAXAS1	Exon/CDS
chr4	83462902	83463494	ABRAXAS1	Intron
chr4	83463494	83463608	ABRAXAS1	Exon/CDS
chr4	83463608	83467454	ABRAXAS1	Intron
chr4	83467454	83467538	ABRAXAS1	Exon/CDS
chr4	83467538	83469032	ABRAXAS1	Intron
chr4	83469032	83469151	ABRAXAS1	Exon/CDS
chr4	83469151	83470203	ABRAXAS1	Intron
chr4	83470203	83470396	ABRAXAS1	Exon/CDS
chr4	83470396	83472222	ABRAXAS1	Intron
chr4	83472222	83472288	ABRAXAS1	Exon/CDS
chr4	83472288	83476643	ABRAXAS1	Intron
chr4	83476643	83476679	ABRAXAS1	Exon/CDS
chr4	83476679	83482154	ABRAXAS1	Intron
chr4	83482154	83482244	ABRAXAS1	Exon/CDS
chr4	83482244	83484986	ABRAXAS1	Intron
chr4	83484986	83485072	ABRAXAS1	Exon/CDS
chr4	83485072	83524348	ABRAXAS1	Flanking Down
chr16	67657512	67657606	ACD	Flanking Up
chr16	67657606	67657684	ACD	Exon/CDS
chr16	67657684	67657762	ACD	Intron
chr16	67657762	67657853	ACD	Exon/CDS
chr16	67657853	67657986	ACD	Intron
chr16	67657986	67658362	ACD	Exon/CDS
chr16	67658362	67658555	ACD	Intron
chr16	67658555	67658641	ACD	Exon/CDS
chr16	67658641	67658720	ACD	Intron
chr16	67658720	67658816	ACD	Exon/CDS
chr16	67658816	67658928	ACD	Intron
chr16	67658928	67659079	ACD	Exon/CDS
chr16	67659079	67659229	ACD	Intron
chr16	67659229	67659263	ACD	Exon/CDS
chr16	67659263	67659375	ACD	Intron
chr16	67659375	67659419	ACD	Exon/CDS
chr16	67659419	67659537	ACD	Intron
chr16	67659537	67659613	ACD	Exon/CDS
chr16	67659613	67659702	ACD	Intron
chr16	67659702	67659795	ACD	Exon/CDS
chr16	67659795	67659903	ACD	Intron
chr16	67659903	67660045	ACD	Exon/CDS
chr16	67660045	67660122	ACD	Intron
chr16	67660122	67660220	ACD	Exon/CDS
chr16	67660220	67661810	ACD	Flanking Down
chr11	67467174	67483159	AIP	Flanking Up
chr11	67483159	67483257	AIP	Exon/CDS
chr11	67483257	67487006	AIP	Intron
chr11	67487006	67487185	AIP	Exon/CDS
chr11	67487185	67489267	AIP	Intron
chr11	67489267	67489455	AIP	Exon/CDS
chr11	67489455	67490038	AIP	Intron
chr11	67490038	67490214	AIP	Exon/CDS
chr11	67490214	67490316	AIP	Intron
chr11	67490316	67490457	AIP	Exon/CDS
chr11	67490457	67490788	AIP	Intron
chr11	67490788	67490993	AIP	Exon/CDS
chr11	67490993	67491154	AIP	Flanking Down
chr14	104769349	104770341	AKT1	Flanking Up
chr14	104770341	104770420	AKT1	Exon/CDS
chr14	104770420	104770745	AKT1	Intron
chr14	104770745	104770847	AKT1	Exon/CDS
chr14	104770847	104772365	AKT1	Intron
chr14	104772365	104772452	AKT1	Exon/CDS
chr14	104772452	104772878	AKT1	Intron
chr14	104772878	104773092	AKT1	Exon/CDS
chr14	104773092	104773251	AKT1	Intron
chr14	104773251	104773379	AKT1	Exon/CDS
chr14	104773379	104773455	AKT1	Intron
chr14	104773455	104773580	AKT1	Exon/CDS
chr14	104773580	104773912	AKT1	Intron
chr14	104773912	104773980	AKT1	Exon/CDS
chr14	104773980	104774938	AKT1	Intron
chr14	104774938	104775003	AKT1	Exon/CDS
chr14	104775003	104775076	AKT1	Intron
chr14	104775076	104775207	AKT1	Exon/CDS
chr14	104775207	104775652	AKT1	Intron
chr14	104775652	104775799	AKT1	Exon/CDS
chr14	104775799	104776659	AKT1	Intron
chr14	104776659	104776770	AKT1	Exon/CDS
chr14	104776770	104780088	AKT1	Intron
chr14	104780088	104780216	AKT1	Exon/CDS
chr14	104780216	104792598	AKT1	Intron
chr14	104792598	104792643	AKT1	Exon/CDS
chr14	104792643	104796751	AKT1	Flanking Down
chr2	29192774	29193224	ALK	Flanking Up
chr2	29193224	29193922	ALK	Exon/CDS
chr2	29193922	29196770	ALK	Intron
chr2	29196770	29196860	ALK	Exon/CDS
chr2	29196860	29197542	ALK	Intron
chr2	29197542	29197676	ALK	Exon/CDS
chr2	29197676	29207171	ALK	Intron
chr2	29207171	29207272	ALK	Exon/CDS
chr2	29207272	29209786	ALK	Intron
chr2	29209786	29209878	ALK	Exon/CDS
chr2	29209878	29213984	ALK	Intron
chr2	29213984	29214081	ALK	Exon/CDS
chr2	29214081	29220706	ALK	Intron
chr2	29220706	29220835	ALK	Exon/CDS
chr2	29220835	29222344	ALK	Intron
chr2	29222344	29222408	ALK	Exon/CDS
chr2	29222408	29222517	ALK	Intron
chr2	29222517	29222607	ALK	Exon/CDS
chr2	29222607	29223342	ALK	Intron
chr2	29223342	29223528	ALK	Exon/CDS
chr2	29223528	29225461	ALK	Intron
chr2	29225461	29225565	ALK	Exon/CDS
chr2	29225565	29226922	ALK	Intron
chr2	29226922	29227074	ALK	Exon/CDS
chr2	29227074	29227574	ALK	Intron
chr2	29227574	29227672	ALK	Exon/CDS
chr2	29227672	29228884	ALK	Intron
chr2	29228884	29229066	ALK	Exon/CDS
chr2	29229066	29232304	ALK	Intron
chr2	29232304	29232448	ALK	Exon/CDS
chr2	29232448	29233565	ALK	Intron
chr2	29233565	29233696	ALK	Exon/CDS
chr2	29233696	29239680	ALK	Intron
chr2	29239680	29239830	ALK	Exon/CDS
chr2	29239830	29251105	ALK	Intron
chr2	29251105	29251267	ALK	Exon/CDS
chr2	29251267	29275099	ALK	Intron
chr2	29275099	29275227	ALK	Exon/CDS
chr2	29275227	29275402	ALK	Intron
chr2	29275402	29275496	ALK	Exon/CDS
chr2	29275496	29296888	ALK	Intron
chr2	29296888	29297057	ALK	Exon/CDS
chr2	29297057	29318304	ALK	Intron
chr2	29318304	29318404	ALK	Exon/CDS
chr2	29318404	29320751	ALK	Intron
chr2	29320751	29320882	ALK	Exon/CDS
chr2	29320882	29328350	ALK	Intron
chr2	29328350	29328481	ALK	Exon/CDS
chr2	29328481	29383732	ALK	Intron
chr2	29383732	29383859	ALK	Exon/CDS
chr2	29383859	29531915	ALK	Intron
chr2	29531915	29532116	ALK	Exon/CDS
chr2	29532116	29694850	ALK	Intron
chr2	29694850	29695014	ALK	Exon/CDS
chr2	29695014	29717578	ALK	Intron
chr2	29717578	29717697	ALK	Exon/CDS
chr2	29717697	29919993	ALK	Intron
chr2	29919993	29920659	ALK	Exon/CDS
chr2	29920659	29922586	ALK	Flanking Down
chr10	26973793	27005590	ANKRD26	Flanking Up
chr10	27005590	27005723	ANKRD26	Exon/CDS
chr10	27005723	27006917	ANKRD26	Intron
chr10	27006917	27006962	ANKRD26	Exon/CDS
chr10	27006962	27012882	ANKRD26	Intron
chr10	27012882	27013110	ANKRD26	Exon/CDS
chr10	27013110	27014494	ANKRD26	Intron
chr10	27014494	27014711	ANKRD26	Exon/CDS
chr10	27014711	27017502	ANKRD26	Intron
chr10	27017502	27017792	ANKRD26	Exon/CDS
chr10	27017792	27022558	ANKRD26	Intron
chr10	27022558	27022687	ANKRD26	Exon/CDS
chr10	27022687	27024447	ANKRD26	Intron
chr10	27024447	27024559	ANKRD26	Exon/CDS
chr10	27024559	27028852	ANKRD26	Intron
chr10	27028852	27028945	ANKRD26	Exon/CDS
chr10	27028945	27029286	ANKRD26	Intron
chr10	27029286	27029356	ANKRD26	Exon/CDS
chr10	27029356	27033225	ANKRD26	Intron
chr10	27033225	27033377	ANKRD26	Exon/CDS
chr10	27033377	27034796	ANKRD26	Intron
chr10	27034796	27035752	ANKRD26	Exon/CDS
chr10	27035752	27037186	ANKRD26	Intron
chr10	27037186	27037323	ANKRD26	Exon/CDS
chr10	27037323	27037871	ANKRD26	Intron
chr10	27037871	27038054	ANKRD26	Exon/CDS
chr10	27038054	27039965	ANKRD26	Intron
chr10	27039965	27040178	ANKRD26	Exon/CDS
chr10	27040178	27043426	ANKRD26	Intron
chr10	27043426	27043567	ANKRD26	Exon/CDS
chr10	27043567	27044157	ANKRD26	Intron
chr10	27044157	27044190	ANKRD26	Exon/CDS
chr10	27044190	27046353	ANKRD26	Intron
chr10	27046353	27046523	ANKRD26	Exon/CDS
chr10	27046523	27048801	ANKRD26	Intron
chr10	27048801	27048979	ANKRD26	Exon/CDS
chr10	27048979	27053320	ANKRD26	Intron
chr10	27053320	27053390	ANKRD26	Exon/CDS
chr10	27053390	27060345	ANKRD26	Intron
chr10	27060345	27060417	ANKRD26	Exon/CDS
chr10	27060417	27060512	ANKRD26	Intron
chr10	27060512	27060540	ANKRD26	Exon/CDS
chr10	27060540	27061144	ANKRD26	Intron
chr10	27061144	27061242	ANKRD26	Exon/CDS
chr10	27061242	27063988	ANKRD26	Intron
chr10	27063988	27064081	ANKRD26	Exon/CDS
chr10	27064081	27066487	ANKRD26	Intron
chr10	27066487	27066548	ANKRD26	Exon/CDS
chr10	27066548	27067157	ANKRD26	Intron
chr10	27067157	27067286	ANKRD26	Exon/CDS
chr10	27067286	27077338	ANKRD26	Intron
chr10	27077338	27077540	ANKRD26	Exon/CDS
chr10	27077540	27077633	ANKRD26	Intron
chr10	27077633	27077693	ANKRD26	Exon/CDS
chr10	27077693	27079089	ANKRD26	Intron
chr10	27079089	27079161	ANKRD26	Exon/CDS
chr10	27079161	27082803	ANKRD26	Intron
chr10	27082803	27082833	ANKRD26	Exon/CDS
chr10	27082833	27086539	ANKRD26	Intron
chr10	27086539	27086609	ANKRD26	Exon/CDS
chr10	27086609	27092406	ANKRD26	Intron
chr10	27092406	27092512	ANKRD26	Exon/CDS
chr10	27092512	27093349	ANKRD26	Intron
chr10	27093349	27093522	ANKRD26	Exon/CDS
chr10	27093522	27093685	ANKRD26	Intron
chr10	27093685	27093799	ANKRD26	Exon/CDS
chr10	27093799	27100085	ANKRD26	Intron
chr10	27100085	27100326	ANKRD26	Exon/CDS
chr10	27100326	27101494	ANKRD26	Flanking Down
chr5	112706518	112754891	APC	Flanking Up
chr5	112754891	112755025	APC	Exon/CDS
chr5	112755025	112766326	APC	Intron
chr5	112766326	112766410	APC	Exon/CDS
chr5	112766410	112767189	APC	Intron
chr5	112767189	112767390	APC	Exon/CDS
chr5	112767390	112775629	APC	Intron
chr5	112775629	112775737	APC	Exon/CDS
chr5	112775737	112780790	APC	Intron
chr5	112780790	112780903	APC	Exon/CDS
chr5	112780903	112792446	APC	Intron
chr5	112792446	112792529	APC	Exon/CDS
chr5	112792529	112801279	APC	Intron
chr5	112801279	112801383	APC	Exon/CDS
chr5	112801383	112815495	APC	Intron
chr5	112815495	112815593	APC	Exon/CDS
chr5	112815593	112818966	APC	Intron
chr5	112818966	112819344	APC	Exon/CDS
chr5	112819344	112821896	APC	Intron
chr5	112821896	112821991	APC	Exon/CDS
chr5	112821991	112827108	APC	Intron
chr5	112827108	112827247	APC	Exon/CDS
chr5	112827247	112827929	APC	Intron
chr5	112827929	112828006	APC	Exon/CDS
chr5	112828006	112828856	APC	Intron
chr5	112828856	112828972	APC	Exon/CDS
chr5	112828972	112834951	APC	Intron
chr5	112834951	112835165	APC	Exon/CDS
chr5	112835165	112837553	APC	Intron
chr5	112837553	112844126	APC	Exon/CDS
chr5	112844126	112846239	APC	Flanking Down
chr10	61900684	61901710	ARID5B	Flanking Up
chr10	61901710	61901730	ARID5B	Exon/CDS
chr10	61901730	61902159	ARID5B	Intron
chr10	61902159	61902413	ARID5B	Exon/CDS
chr10	61902413	61940183	ARID5B	Intron
chr10	61940183	61940408	ARID5B	Exon/CDS
chr10	61940408	62000091	ARID5B	Intron
chr10	62000091	62000321	ARID5B	Exon/CDS
chr10	62000321	62050888	ARID5B	Intron
chr10	62050888	62051000	ARID5B	Exon/CDS
chr10	62051000	62057117	ARID5B	Intron
chr10	62057117	62057318	ARID5B	Exon/CDS
chr10	62057318	62059243	ARID5B	Intron
chr10	62059243	62059295	ARID5B	Exon/CDS
chr10	62059295	62069700	ARID5B	Intron
chr10	62069700	62069797	ARID5B	Exon/CDS
chr10	62069797	62085702	ARID5B	Intron
chr10	62085702	62085900	ARID5B	Exon/CDS
chr10	62085900	62090862	ARID5B	Intron
chr10	62090862	62093030	ARID5B	Exon/CDS
chr10	62093030	62096944	ARID5B	Flanking Down
chr14	96279195	96285755	ATG2B	Flanking Up
chr14	96285755	96285985	ATG2B	Exon/CDS
chr14	96285985	96289656	ATG2B	Intron
chr14	96289656	96289805	ATG2B	Exon/CDS
chr14	96289805	96290436	ATG2B	Intron
chr14	96290436	96290590	ATG2B	Exon/CDS
chr14	96290590	96290814	ATG2B	Intron
chr14	96290814	96290935	ATG2B	Exon/CDS
chr14	96290935	96291600	ATG2B	Intron
chr14	96291600	96291682	ATG2B	Exon/CDS
chr14	96291682	96292029	ATG2B	Intron
chr14	96292029	96292098	ATG2B	Exon/CDS
chr14	96292098	96294960	ATG2B	Intron
chr14	96294960	96295167	ATG2B	Exon/CDS
chr14	96295167	96295482	ATG2B	Intron
chr14	96295482	96295560	ATG2B	Exon/CDS
chr14	96295560	96302007	ATG2B	Intron
chr14	96302007	96302108	ATG2B	Exon/CDS
chr14	96302108	96303061	ATG2B	Intron
chr14	96303061	96303255	ATG2B	Exon/CDS
chr14	96303255	96304495	ATG2B	Intron
chr14	96304495	96304603	ATG2B	Exon/CDS
chr14	96304603	96305589	ATG2B	Intron
chr14	96305589	96305815	ATG2B	Exon/CDS
chr14	96305815	96306714	ATG2B	Intron
chr14	96306714	96306916	ATG2B	Exon/CDS
chr14	96306916	96309453	ATG2B	Intron
chr14	96309453	96309594	ATG2B	Exon/CDS
chr14	96309594	96311117	ATG2B	Intron
chr14	96311117	96311287	ATG2B	Exon/CDS
chr14	96311287	96311542	ATG2B	Intron
chr14	96311542	96311618	ATG2B	Exon/CDS
chr14	96311618	96312089	ATG2B	Intron
chr14	96312089	96312159	ATG2B	Exon/CDS
chr14	96312159	96313065	ATG2B	Intron
chr14	96313065	96313157	ATG2B	Exon/CDS
chr14	96313157	96313329	ATG2B	Intron
chr14	96313329	96313435	ATG2B	Exon/CDS
chr14	96313435	96315154	ATG2B	Intron
chr14	96315154	96315234	ATG2B	Exon/CDS
chr14	96315234	96315384	ATG2B	Intron
chr14	96315384	96315583	ATG2B	Exon/CDS
chr14	96315583	96316533	ATG2B	Intron
chr14	96316533	96316683	ATG2B	Exon/CDS
chr14	96316683	96317145	ATG2B	Intron
chr14	96317145	96317317	ATG2B	Exon/CDS
chr14	96317317	96317698	ATG2B	Intron
chr14	96317698	96317855	ATG2B	Exon/CDS
chr14	96317855	96322112	ATG2B	Intron
chr14	96322112	96322254	ATG2B	Exon/CDS
chr14	96322254	96322540	ATG2B	Intron
chr14	96322540	96322735	ATG2B	Exon/CDS
chr14	96322735	96323896	ATG2B	Intron
chr14	96323896	96323998	ATG2B	Exon/CDS
chr14	96323998	96325649	ATG2B	Intron
chr14	96325649	96325922	ATG2B	Exon/CDS
chr14	96325922	96328347	ATG2B	Intron
chr14	96328347	96328535	ATG2B	Exon/CDS
chr14	96328535	96328674	ATG2B	Intron
chr14	96328674	96328766	ATG2B	Exon/CDS
chr14	96328766	96329484	ATG2B	Intron
chr14	96329484	96329634	ATG2B	Exon/CDS
chr14	96329634	96331376	ATG2B	Intron
chr14	96331376	96331637	ATG2B	Exon/CDS
chr14	96331637	96332305	ATG2B	Intron
chr14	96332305	96332410	ATG2B	Exon/CDS
chr14	96332410	96332501	ATG2B	Intron
chr14	96332501	96332655	ATG2B	Exon/CDS
chr14	96332655	96333688	ATG2B	Intron
chr14	96333688	96333873	ATG2B	Exon/CDS
chr14	96333873	96334405	ATG2B	Intron
chr14	96334405	96334501	ATG2B	Exon/CDS
chr14	96334501	96341522	ATG2B	Intron
chr14	96341522	96341701	ATG2B	Exon/CDS
chr14	96341701	96343119	ATG2B	Intron
chr14	96343119	96343281	ATG2B	Exon/CDS
chr14	96343281	96344654	ATG2B	Intron
chr14	96344654	96344756	ATG2B	Exon/CDS
chr14	96344756	96345233	ATG2B	Intron
chr14	96345233	96345385	ATG2B	Exon/CDS
chr14	96345385	96347179	ATG2B	Intron
chr14	96347179	96347341	ATG2B	Exon/CDS
chr14	96347341	96362815	ATG2B	Intron
chr14	96362815	96362976	ATG2B	Exon/CDS
chr14	96362976	96364341	ATG2B	Flanking Down
chr11	108222044	108227625	ATM	Flanking Up
chr11	108227625	108227696	ATM	Exon/CDS
chr11	108227696	108227776	ATM	Intron
chr11	108227776	108227888	ATM	Exon/CDS
chr11	108227888	108229178	ATM	Intron
chr11	108229178	108229323	ATM	Exon/CDS
chr11	108229323	108235670	ATM	Intron
chr11	108235670	108235834	ATM	Exon/CDS
chr11	108235834	108243953	ATM	Intron
chr11	108243953	108244118	ATM	Exon/CDS
chr11	108244118	108244788	ATM	Intron
chr11	108244788	108245026	ATM	Exon/CDS
chr11	108245026	108246964	ATM	Intron
chr11	108246964	108247127	ATM	Exon/CDS
chr11	108247127	108248933	ATM	Intron
chr11	108248933	108249102	ATM	Exon/CDS
chr11	108249102	108250701	ATM	Intron
chr11	108250701	108251072	ATM	Exon/CDS
chr11	108251072	108251837	ATM	Intron
chr11	108251837	108252031	ATM	Exon/CDS
chr11	108252031	108252817	ATM	Intron
chr11	108252817	108252912	ATM	Exon/CDS
chr11	108252912	108253814	ATM	Intron
chr11	108253814	108254039	ATM	Exon/CDS
chr11	108254039	108256215	ATM	Intron
chr11	108256215	108256340	ATM	Exon/CDS
chr11	108256340	108257481	ATM	Intron
chr11	108257481	108257606	ATM	Exon/CDS
chr11	108257606	108258986	ATM	Intron
chr11	108258986	108259075	ATM	Exon/CDS
chr11	108259075	108267171	ATM	Intron
chr11	108267171	108267342	ATM	Exon/CDS
chr11	108267342	108268410	ATM	Intron
chr11	108268410	108268609	ATM	Exon/CDS
chr11	108268609	108271064	ATM	Intron
chr11	108271064	108271146	ATM	Exon/CDS
chr11	108271146	108271251	ATM	Intron
chr11	108271251	108271406	ATM	Exon/CDS
chr11	108271406	108272532	ATM	Intron
chr11	108272532	108272607	ATM	Exon/CDS
chr11	108272607	108272722	ATM	Intron
chr11	108272722	108272852	ATM	Exon/CDS
chr11	108272852	108279491	ATM	Intron
chr11	108279491	108279608	ATM	Exon/CDS
chr11	108279608	108280995	ATM	Intron
chr11	108280995	108281168	ATM	Exon/CDS
chr11	108281168	108282710	ATM	Intron
chr11	108282710	108282879	ATM	Exon/CDS
chr11	108282879	108284227	ATM	Intron
chr11	108284227	108284473	ATM	Exon/CDS
chr11	108284473	108287600	ATM	Intron
chr11	108287600	108287715	ATM	Exon/CDS
chr11	108287715	108288977	ATM	Intron
chr11	108288977	108289103	ATM	Exon/CDS
chr11	108289103	108289602	ATM	Intron
chr11	108289602	108289801	ATM	Exon/CDS
chr11	108289801	108292619	ATM	Intron
chr11	108292619	108292793	ATM	Exon/CDS
chr11	108292793	108293313	ATM	Intron
chr11	108293313	108293477	ATM	Exon/CDS
chr11	108293477	108294927	ATM	Intron
chr11	108294927	108295059	ATM	Exon/CDS
chr11	108295059	108297287	ATM	Intron
chr11	108297287	108297382	ATM	Exon/CDS
chr11	108297382	108299714	ATM	Intron
chr11	108299714	108299885	ATM	Exon/CDS
chr11	108299885	108301648	ATM	Intron
chr11	108301648	108301789	ATM	Exon/CDS
chr11	108301789	108302853	ATM	Intron
chr11	108302853	108303029	ATM	Exon/CDS
chr11	108303029	108304675	ATM	Intron
chr11	108304675	108304852	ATM	Exon/CDS
chr11	108304852	108307897	ATM	Intron
chr11	108307897	108307984	ATM	Exon/CDS
chr11	108307984	108310160	ATM	Intron
chr11	108310160	108310315	ATM	Exon/CDS
chr11	108310315	108312411	ATM	Intron
chr11	108312411	108312498	ATM	Exon/CDS
chr11	108312498	108315823	ATM	Intron
chr11	108315823	108315911	ATM	Exon/CDS
chr11	108315911	108316011	ATM	Intron
chr11	108316011	108316113	ATM	Exon/CDS
chr11	108316113	108317373	ATM	Intron
chr11	108317373	108317521	ATM	Exon/CDS
chr11	108317521	108319954	ATM	Intron
chr11	108319954	108320058	ATM	Exon/CDS
chr11	108320058	108321301	ATM	Intron
chr11	108321301	108321420	ATM	Exon/CDS
chr11	108321420	108325310	ATM	Intron
chr11	108325310	108325544	ATM	Exon/CDS
chr11	108325544	108326058	ATM	Intron
chr11	108326058	108326225	ATM	Exon/CDS
chr11	108326225	108327645	ATM	Intron
chr11	108327645	108327758	ATM	Exon/CDS
chr11	108327758	108329021	ATM	Intron
chr11	108329021	108329238	ATM	Exon/CDS
chr11	108329238	108330214	ATM	Intron
chr11	108330214	108330421	ATM	Exon/CDS
chr11	108330421	108331444	ATM	Intron
chr11	108331444	108331557	ATM	Exon/CDS
chr11	108331557	108331879	ATM	Intron
chr11	108331879	108332037	ATM	Exon/CDS
chr11	108332037	108332762	ATM	Intron
chr11	108332762	108332900	ATM	Exon/CDS
chr11	108332900	108333886	ATM	Intron
chr11	108333886	108333968	ATM	Exon/CDS
chr11	108333968	108334969	ATM	Intron
chr11	108334969	108335109	ATM	Exon/CDS
chr11	108335109	108335845	ATM	Intron
chr11	108335845	108335961	ATM	Exon/CDS
chr11	108335961	108343222	ATM	Intron
chr11	108343222	108343371	ATM	Exon/CDS
chr11	108343371	108345743	ATM	Intron
chr11	108345743	108345908	ATM	Exon/CDS
chr11	108345908	108347279	ATM	Intron
chr11	108347279	108347365	ATM	Exon/CDS
chr11	108347365	108353766	ATM	Intron
chr11	108353766	108353880	ATM	Exon/CDS
chr11	108353880	108354811	ATM	Intron
chr11	108354811	108354874	ATM	Exon/CDS
chr11	108354874	108365082	ATM	Intron
chr11	108365082	108365218	ATM	Exon/CDS
chr11	108365218	108365325	ATM	Intron
chr11	108365325	108365508	ATM	Exon/CDS
chr11	108365508	108369102	ATM	Flanking Down
chr3	142449007	142449429	ATR	Flanking Up
chr3	142449429	142449602	ATR	Exon/CDS
chr3	142449602	142453128	ATR	Intron
chr3	142453128	142453233	ATR	Exon/CDS
chr3	142453233	142457604	ATR	Intron
chr3	142457604	142457755	ATR	Exon/CDS
chr3	142457755	142458958	ATR	Intron
chr3	142458958	142459111	ATR	Exon/CDS
chr3	142459111	142459227	ATR	Intron
chr3	142459227	142459383	ATR	Exon/CDS
chr3	142459383	142461940	ATR	Intron
chr3	142461940	142462090	ATR	Exon/CDS
chr3	142462090	142465097	ATR	Intron
chr3	142465097	142465240	ATR	Exon/CDS
chr3	142465240	142466324	ATR	Intron
chr3	142466324	142466533	ATR	Exon/CDS
chr3	142466533	142467934	ATR	Intron
chr3	142467934	142468068	ATR	Exon/CDS
chr3	142468068	142469337	ATR	Intron
chr3	142469337	142469569	ATR	Exon/CDS
chr3	142469569	142470086	ATR	Intron
chr3	142470086	142470183	ATR	Exon/CDS
chr3	142470183	142485140	ATR	Intron
chr3	142485140	142485282	ATR	Exon/CDS
chr3	142485282	142493132	ATR	Intron
chr3	142493132	142493311	ATR	Exon/CDS
chr3	142493311	142496361	ATR	Intron
chr3	142496361	142496520	ATR	Exon/CDS
chr3	142496520	142497013	ATR	Intron
chr3	142497013	142497192	ATR	Exon/CDS
chr3	142497192	142498597	ATR	Intron
chr3	142498597	142498774	ATR	Exon/CDS
chr3	142498774	142499627	ATR	Intron
chr3	142499627	142499718	ATR	Exon/CDS
chr3	142499718	142503362	ATR	Intron
chr3	142503362	142503453	ATR	Exon/CDS
chr3	142503453	142505139	ATR	Intron
chr3	142505139	142505303	ATR	Exon/CDS
chr3	142505303	142507931	ATR	Intron
chr3	142507931	142508109	ATR	Exon/CDS
chr3	142508109	142512260	ATR	Intron
chr3	142512260	142512470	ATR	Exon/CDS
chr3	142512470	142513501	ATR	Intron
chr3	142513501	142513638	ATR	Exon/CDS
chr3	142513638	142515395	ATR	Intron
chr3	142515395	142515515	ATR	Exon/CDS
chr3	142515515	142519669	ATR	Intron
chr3	142519669	142519784	ATR	Exon/CDS
chr3	142519784	142522728	ATR	Intron
chr3	142522728	142522841	ATR	Exon/CDS
chr3	142522841	142523993	ATR	Intron
chr3	142523993	142524199	ATR	Exon/CDS
chr3	142524199	142535080	ATR	Intron
chr3	142535080	142535205	ATR	Exon/CDS
chr3	142535205	142536108	ATR	Intron
chr3	142536108	142536201	ATR	Exon/CDS
chr3	142536201	142538482	ATR	Intron
chr3	142538482	142538625	ATR	Exon/CDS
chr3	142538625	142540904	ATR	Intron
chr3	142540904	142541034	ATR	Exon/CDS
chr3	142541034	142542665	ATR	Intron
chr3	142542665	142542757	ATR	Exon/CDS
chr3	142542757	142547725	ATR	Intron
chr3	142547725	142547910	ATR	Exon/CDS
chr3	142547910	142549479	ATR	Intron
chr3	142549479	142549673	ATR	Exon/CDS
chr3	142549673	142550132	ATR	Intron
chr3	142550132	142550302	ATR	Exon/CDS
chr3	142550302	142553227	ATR	Intron
chr3	142553227	142553398	ATR	Exon/CDS
chr3	142553398	142553640	ATR	Intron
chr3	142553640	142553740	ATR	Exon/CDS
chr3	142553740	142553825	ATR	Intron
chr3	142553825	142554015	ATR	Exon/CDS
chr3	142554015	142555877	ATR	Intron
chr3	142555877	142556139	ATR	Exon/CDS
chr3	142556139	142556383	ATR	Intron
chr3	142556383	142556575	ATR	Exon/CDS
chr3	142556575	142558624	ATR	Intron
chr3	142558624	142558776	ATR	Exon/CDS
chr3	142558776	142559251	ATR	Intron
chr3	142559251	142559441	ATR	Exon/CDS
chr3	142559441	142560263	ATR	Intron
chr3	142560263	142560454	ATR	Exon/CDS
chr3	142560454	142561243	ATR	Intron
chr3	142561243	142561421	ATR	Exon/CDS
chr3	142561421	142562232	ATR	Intron
chr3	142562232	142563109	ATR	Exon/CDS
chr3	142563109	142566121	ATR	Intron
chr3	142566121	142566261	ATR	Exon/CDS
chr3	142566261	142568063	ATR	Intron
chr3	142568063	142568154	ATR	Exon/CDS
chr3	142568154	142578646	ATR	Intron
chr3	142578646	142578704	ATR	Exon/CDS
chr3	142578704	142579733	ATR	Flanking Down
chr17	65528563	65529976	AXIN2	Flanking Up
chr17	65529976	65530102	AXIN2	Exon/CDS
chr17	65530102	65533912	AXIN2	Intron
chr17	65533912	65534079	AXIN2	Exon/CDS
chr17	65534079	65535626	AXIN2	Intron
chr17	65535626	65535721	AXIN2	Exon/CDS
chr17	65535721	65536320	AXIN2	Intron
chr17	65536320	65536553	AXIN2	Exon/CDS
chr17	65536553	65536869	AXIN2	Intron
chr17	65536869	65537063	AXIN2	Exon/CDS
chr17	65537063	65537324	AXIN2	Intron
chr17	65537324	65537835	AXIN2	Exon/CDS
chr17	65537835	65538203	AXIN2	Intron
chr17	65538203	65538343	AXIN2	Exon/CDS
chr17	65538343	65541455	AXIN2	Intron
chr17	65541455	65541557	AXIN2	Exon/CDS
chr17	65541557	65549520	AXIN2	Intron
chr17	65549520	65549660	AXIN2	Exon/CDS
chr17	65549660	65557806	AXIN2	Intron
chr17	65557806	65558620	AXIN2	Exon/CDS
chr17	65558620	65562648	AXIN2	Flanking Down
chr3	52401008	52402288	BAP1	Flanking Up
chr3	52402288	52402421	BAP1	Exon/CDS
chr3	52402421	52402602	BAP1	Intron
chr3	52402602	52402674	BAP1	Exon/CDS
chr3	52402674	52402779	BAP1	Intron
chr3	52402779	52402871	BAP1	Exon/CDS
chr3	52402871	52403138	BAP1	Intron
chr3	52403138	52403298	BAP1	Exon/CDS
chr3	52403298	52403416	BAP1	Intron
chr3	52403416	52403894	BAP1	Exon/CDS
chr3	52403894	52404453	BAP1	Intron
chr3	52404453	52404586	BAP1	Exon/CDS
chr3	52404586	52405110	BAP1	Intron
chr3	52405110	52405294	BAP1	Exon/CDS
chr3	52405294	52405765	BAP1	Intron
chr3	52405765	52405912	BAP1	Exon/CDS
chr3	52405912	52406253	BAP1	Intron
chr3	52406253	52406376	BAP1	Exon/CDS
chr3	52406376	52406829	BAP1	Intron
chr3	52406829	52406907	BAP1	Exon/CDS
chr3	52406907	52407174	BAP1	Intron
chr3	52407174	52407316	BAP1	Exon/CDS
chr3	52407316	52407399	BAP1	Intron
chr3	52407399	52407460	BAP1	Exon/CDS
chr3	52407460	52407958	BAP1	Intron
chr3	52407958	52408077	BAP1	Exon/CDS
chr3	52408077	52408474	BAP1	Intron
chr3	52408474	52408606	BAP1	Exon/CDS
chr3	52408606	52409554	BAP1	Intron
chr3	52409554	52409608	BAP1	Exon/CDS
chr3	52409608	52409714	BAP1	Intron
chr3	52409714	52409743	BAP1	Exon/CDS
chr3	52409743	52409842	BAP1	Intron
chr3	52409842	52409878	BAP1	Exon/CDS
chr3	52409878	52411008	BAP1	Flanking Down
chr2	214725646	214728676	BARD1	Flanking Up
chr2	214728676	214729008	BARD1	Exon/CDS
chr2	214729008	214730411	BARD1	Intron
chr2	214730411	214730508	BARD1	Exon/CDS
chr2	214730508	214745067	BARD1	Intron
chr2	214745067	214745159	BARD1	Exon/CDS
chr2	214745159	214745722	BARD1	Intron
chr2	214745722	214745854	BARD1	Exon/CDS
chr2	214745854	214752447	BARD1	Intron
chr2	214752447	214752555	BARD1	Exon/CDS
chr2	214752555	214767482	BARD1	Intron
chr2	214767482	214767654	BARD1	Exon/CDS
chr2	214767654	214769232	BARD1	Intron
chr2	214769232	214769312	BARD1	Exon/CDS
chr2	214769312	214780560	BARD1	Intron
chr2	214780560	214781509	BARD1	Exon/CDS
chr2	214781509	214792297	BARD1	Intron
chr2	214792297	214792445	BARD1	Exon/CDS
chr2	214792445	214797061	BARD1	Intron
chr2	214797061	214797117	BARD1	Exon/CDS
chr2	214797117	214809412	BARD1	Intron
chr2	214809412	214809569	BARD1	Exon/CDS
chr2	214809569	214810683	BARD1	Flanking Down
chr15	90716346	90747393	BLM	Flanking Up
chr15	90747393	90747490	BLM	Exon/CDS
chr15	90747490	90749367	BLM	Intron
chr15	90749367	90750067	BLM	Exon/CDS
chr15	90750067	90751787	BLM	Intron
chr15	90751787	90751946	BLM	Exon/CDS
chr15	90751946	90754811	BLM	Intron
chr15	90754811	90754938	BLM	Exon/CDS
chr15	90754938	90760147	BLM	Intron
chr15	90760147	90760279	BLM	Exon/CDS
chr15	90760279	90760594	BLM	Intron
chr15	90760594	90761255	BLM	Exon/CDS
chr15	90761255	90762966	BLM	Intron
chr15	90762966	90763157	BLM	Exon/CDS
chr15	90763157	90765296	BLM	Intron
chr15	90765296	90765414	BLM	Exon/CDS
chr15	90765414	90766910	BLM	Intron
chr15	90766910	90767023	BLM	Exon/CDS
chr15	90767023	90769133	BLM	Intron
chr15	90769133	90769231	BLM	Exon/CDS
chr15	90769231	90769438	BLM	Intron
chr15	90769438	90769586	BLM	Exon/CDS
chr15	90769586	90782822	BLM	Intron
chr15	90782822	90782928	BLM	Exon/CDS
chr15	90782928	90784921	BLM	Intron
chr15	90784921	90785081	BLM	Exon/CDS
chr15	90785081	90790649	BLM	Intron
chr15	90790649	90790844	BLM	Exon/CDS
chr15	90790844	90794167	BLM	Intron
chr15	90794167	90794357	BLM	Exon/CDS
chr15	90794357	90798190	BLM	Intron
chr15	90798190	90798337	BLM	Exon/CDS
chr15	90798337	90803521	BLM	Intron
chr15	90803521	90803720	BLM	Exon/CDS
chr15	90803720	90804167	BLM	Intron
chr15	90804167	90804359	BLM	Exon/CDS
chr15	90804359	90809137	BLM	Intron
chr15	90809137	90809259	BLM	Exon/CDS
chr15	90809259	90811205	BLM	Intron
chr15	90811205	90811406	BLM	Exon/CDS
chr15	90811406	90815102	BLM	Intron
chr15	90815102	90815279	BLM	Exon/CDS
chr15	90815279	90816166	BLM	Flanking Down
chr10	86755596	86876019	BMPR1A	Flanking Up
chr10	86876019	86876085	BMPR1A	Exon/CDS
chr10	86876085	86890062	BMPR1A	Intron
chr10	86890062	86890224	BMPR1A	Exon/CDS
chr10	86890224	86892127	BMPR1A	Intron
chr10	86892127	86892229	BMPR1A	Exon/CDS
chr10	86892229	86899794	BMPR1A	Intron
chr10	86899794	86899890	BMPR1A	Exon/CDS
chr10	86899890	86900027	BMPR1A	Intron
chr10	86900027	86900126	BMPR1A	Exon/CDS
chr10	86900126	86912240	BMPR1A	Intron
chr10	86912240	86912384	BMPR1A	Exon/CDS
chr10	86912384	86917134	BMPR1A	Intron
chr10	86917134	86917326	BMPR1A	Exon/CDS
chr10	86917326	86919172	BMPR1A	Intron
chr10	86919172	86919469	BMPR1A	Exon/CDS
chr10	86919469	86921520	BMPR1A	Intron
chr10	86921520	86921695	BMPR1A	Exon/CDS
chr10	86921695	86923376	BMPR1A	Intron
chr10	86923376	86923506	BMPR1A	Exon/CDS
chr10	86923506	86923594	BMPR1A	Intron
chr10	86923594	86923719	BMPR1A	Exon/CDS
chr10	86923719	86932825	BMPR1A	Flanking Down
chr7	140719327	140734597	BRAF	Flanking Up
chr7	140734597	140734770	BRAF	Exon/CDS
chr7	140734770	140739812	BRAF	Intron
chr7	140739812	140739946	BRAF	Exon/CDS
chr7	140739946	140749287	BRAF	Intron
chr7	140749287	140749418	BRAF	Exon/CDS
chr7	140749418	140753275	BRAF	Intron
chr7	140753275	140753393	BRAF	Exon/CDS
chr7	140753393	140754187	BRAF	Intron
chr7	140754187	140754233	BRAF	Exon/CDS
chr7	140754233	140776912	BRAF	Intron
chr7	140776912	140777088	BRAF	Exon/CDS
chr7	140777088	140777991	BRAF	Intron
chr7	140777991	140778075	BRAF	Exon/CDS
chr7	140778075	140781576	BRAF	Intron
chr7	140781576	140781693	BRAF	Exon/CDS
chr7	140781693	140783021	BRAF	Intron
chr7	140783021	140783157	BRAF	Exon/CDS
chr7	140783157	140787548	BRAF	Intron
chr7	140787548	140787584	BRAF	Exon/CDS
chr7	140787584	140794308	BRAF	Intron
chr7	140794308	140794467	BRAF	Exon/CDS
chr7	140794467	140800362	BRAF	Intron
chr7	140800362	140800481	BRAF	Exon/CDS
chr7	140800481	140801412	BRAF	Intron
chr7	140801412	140801560	BRAF	Exon/CDS
chr7	140801560	140807960	BRAF	Intron
chr7	140807960	140808062	BRAF	Exon/CDS
chr7	140808062	140808892	BRAF	Intron
chr7	140808892	140808995	BRAF	Exon/CDS
chr7	140808995	140834609	BRAF	Intron
chr7	140834609	140834872	BRAF	Exon/CDS
chr7	140834872	140850111	BRAF	Intron
chr7	140850111	140850212	BRAF	Exon/CDS
chr7	140850212	140924566	BRAF	Intron
chr7	140924566	140924703	BRAF	Exon/CDS
chr7	140924703	140925929	BRAF	Flanking Down
chr17	42994295	43045678	BRCA1	Flanking Up
chr17	43045678	43045802	BRCA1	Exon/CDS
chr17	43045802	43047643	BRCA1	Intron
chr17	43047643	43047703	BRCA1	Exon/CDS
chr17	43047703	43049121	BRCA1	Intron
chr17	43049121	43049194	BRCA1	Exon/CDS
chr17	43049194	43051063	BRCA1	Intron
chr17	43051063	43051117	BRCA1	Exon/CDS
chr17	43051117	43057052	BRCA1	Intron
chr17	43057052	43057135	BRCA1	Exon/CDS
chr17	43057135	43063333	BRCA1	Intron
chr17	43063333	43063373	BRCA1	Exon/CDS
chr17	43063373	43063874	BRCA1	Intron
chr17	43063874	43063951	BRCA1	Exon/CDS
chr17	43063951	43067608	BRCA1	Intron
chr17	43067608	43067695	BRCA1	Exon/CDS
chr17	43067695	43070928	BRCA1	Intron
chr17	43070928	43071238	BRCA1	Exon/CDS
chr17	43071238	43074331	BRCA1	Intron
chr17	43074331	43074521	BRCA1	Exon/CDS
chr17	43074521	43076488	BRCA1	Intron
chr17	43076488	43076614	BRCA1	Exon/CDS
chr17	43076614	43082404	BRCA1	Intron
chr17	43082404	43082575	BRCA1	Exon/CDS
chr17	43082575	43090944	BRCA1	Intron
chr17	43090944	43091032	BRCA1	Exon/CDS
chr17	43091032	43091435	BRCA1	Intron
chr17	43091435	43094860	BRCA1	Exon/CDS
chr17	43094860	43095846	BRCA1	Intron
chr17	43095846	43095922	BRCA1	Exon/CDS
chr17	43095922	43097244	BRCA1	Intron
chr17	43097244	43097289	BRCA1	Exon/CDS
chr17	43097289	43099775	BRCA1	Intron
chr17	43099775	43099880	BRCA1	Exon/CDS
chr17	43099880	43104122	BRCA1	Intron
chr17	43104122	43104261	BRCA1	Exon/CDS
chr17	43104261	43104868	BRCA1	Intron
chr17	43104868	43104956	BRCA1	Exon/CDS
chr17	43104956	43106456	BRCA1	Intron
chr17	43106456	43106533	BRCA1	Exon/CDS
chr17	43106533	43115726	BRCA1	Intron
chr17	43115726	43115779	BRCA1	Exon/CDS
chr17	43115779	43124017	BRCA1	Intron
chr17	43124017	43124096	BRCA1	Exon/CDS
chr17	43124096	43221245	BRCA1	Flanking Down
chr13	32265086	32316461	BRCA2	Flanking Up
chr13	32316461	32316527	BRCA2	Exon/CDS
chr13	32316527	32319077	BRCA2	Intron
chr13	32319077	32319325	BRCA2	Exon/CDS
chr13	32319325	32325076	BRCA2	Intron
chr13	32325076	32325184	BRCA2	Exon/CDS
chr13	32325184	32326101	BRCA2	Intron
chr13	32326101	32326150	BRCA2	Exon/CDS
chr13	32326150	32326242	BRCA2	Intron
chr13	32326242	32326282	BRCA2	Exon/CDS
chr13	32326282	32326499	BRCA2	Intron
chr13	32326499	32326613	BRCA2	Exon/CDS
chr13	32326613	32329443	BRCA2	Intron
chr13	32329443	32329492	BRCA2	Exon/CDS
chr13	32329492	32330919	BRCA2	Intron
chr13	32330919	32331030	BRCA2	Exon/CDS
chr13	32331030	32332272	BRCA2	Intron
chr13	32332272	32333387	BRCA2	Exon/CDS
chr13	32333387	32336265	BRCA2	Intron
chr13	32336265	32341196	BRCA2	Exon/CDS
chr13	32341196	32344558	BRCA2	Intron
chr13	32344558	32344653	BRCA2	Exon/CDS
chr13	32344653	32346827	BRCA2	Intron
chr13	32346827	32346896	BRCA2	Exon/CDS
chr13	32346896	32354861	BRCA2	Intron
chr13	32354861	32355288	BRCA2	Exon/CDS
chr13	32355288	32356428	BRCA2	Intron
chr13	32356428	32356609	BRCA2	Exon/CDS
chr13	32356609	32357742	BRCA2	Intron
chr13	32357742	32357929	BRCA2	Exon/CDS
chr13	32357929	32362523	BRCA2	Intron
chr13	32362523	32362693	BRCA2	Exon/CDS
chr13	32362693	32363179	BRCA2	Intron
chr13	32363179	32363533	BRCA2	Exon/CDS
chr13	32363533	32370402	BRCA2	Intron
chr13	32370402	32370557	BRCA2	Exon/CDS
chr13	32370557	32370956	BRCA2	Intron
chr13	32370956	32371100	BRCA2	Exon/CDS
chr13	32371100	32376670	BRCA2	Intron
chr13	32376670	32376791	BRCA2	Exon/CDS
chr13	32376791	32379317	BRCA2	Intron
chr13	32379317	32379515	BRCA2	Exon/CDS
chr13	32379515	32379750	BRCA2	Intron
chr13	32379750	32379913	BRCA2	Exon/CDS
chr13	32379913	32380007	BRCA2	Intron
chr13	32380007	32380145	BRCA2	Exon/CDS
chr13	32380145	32394689	BRCA2	Intron
chr13	32394689	32394933	BRCA2	Exon/CDS
chr13	32394933	32396898	BRCA2	Intron
chr13	32396898	32397044	BRCA2	Exon/CDS
chr13	32397044	32398162	BRCA2	Intron
chr13	32398162	32398770	BRCA2	Exon/CDS
chr13	32398770	32451268	BRCA2	Flanking Down
chr17	61679139	61683296	BRIP1	Flanking Up
chr17	61683296	61684140	BRIP1	Exon/CDS
chr17	61684140	61685836	BRIP1	Intron
chr17	61685836	61686165	BRIP1	Exon/CDS
chr17	61686165	61693430	BRIP1	Intron
chr17	61693430	61693512	BRIP1	Exon/CDS
chr17	61693512	61715951	BRIP1	Intron
chr17	61715951	61716063	BRIP1	Exon/CDS
chr17	61716063	61743013	BRIP1	Intron
chr17	61743013	61743134	BRIP1	Exon/CDS
chr17	61743134	61744432	BRIP1	Intron
chr17	61744432	61744591	BRIP1	Exon/CDS
chr17	61744591	61776401	BRIP1	Intron
chr17	61776401	61776562	BRIP1	Exon/CDS
chr17	61776562	61780261	BRIP1	Intron
chr17	61780261	61780401	BRIP1	Exon/CDS
chr17	61780401	61780840	BRIP1	Intron
chr17	61780840	61781005	BRIP1	Exon/CDS
chr17	61781005	61784270	BRIP1	Intron
chr17	61784270	61784424	BRIP1	Exon/CDS
chr17	61784424	61793597	BRIP1	Intron
chr17	61793597	61793729	BRIP1	Exon/CDS
chr17	61793729	61799100	BRIP1	Intron
chr17	61799100	61799299	BRIP1	Exon/CDS
chr17	61799299	61801253	BRIP1	Intron
chr17	61801253	61801474	BRIP1	Exon/CDS
chr17	61801474	61808467	BRIP1	Intron
chr17	61808467	61808757	BRIP1	Exon/CDS
chr17	61808757	61847101	BRIP1	Intron
chr17	61847101	61847220	BRIP1	Exon/CDS
chr17	61847220	61849129	BRIP1	Intron
chr17	61849129	61849256	BRIP1	Exon/CDS
chr17	61849256	61857058	BRIP1	Intron
chr17	61857058	61857231	BRIP1	Exon/CDS
chr17	61857231	61859796	BRIP1	Intron
chr17	61859796	61859907	BRIP1	Exon/CDS
chr17	61859907	61861447	BRIP1	Intron
chr17	61861447	61861539	BRIP1	Exon/CDS
chr17	61861539	61864559	BRIP1	Flanking Down
chr15	40160023	40161221	BUB1B	Flanking Up
chr15	40161221	40161255	BUB1B	Exon/CDS
chr15	40161255	40165053	BUB1B	Intron
chr15	40165053	40165196	BUB1B	Exon/CDS
chr15	40165196	40170062	BUB1B	Intron
chr15	40170062	40170121	BUB1B	Exon/CDS
chr15	40170121	40170537	BUB1B	Intron
chr15	40170537	40170681	BUB1B	Exon/CDS
chr15	40170681	40176477	BUB1B	Intron
chr15	40176477	40176673	BUB1B	Exon/CDS
chr15	40176673	40183714	BUB1B	Intron
chr15	40183714	40183883	BUB1B	Exon/CDS
chr15	40183883	40185165	BUB1B	Intron
chr15	40185165	40185379	BUB1B	Exon/CDS
chr15	40185379	40185551	BUB1B	Intron
chr15	40185551	40185642	BUB1B	Exon/CDS
chr15	40185642	40196545	BUB1B	Intron
chr15	40196545	40196774	BUB1B	Exon/CDS
chr15	40196774	40199615	BUB1B	Intron
chr15	40199615	40199727	BUB1B	Exon/CDS
chr15	40199727	40200244	BUB1B	Intron
chr15	40200244	40200359	BUB1B	Exon/CDS
chr15	40200359	40200931	BUB1B	Intron
chr15	40200931	40200980	BUB1B	Exon/CDS
chr15	40200980	40202405	BUB1B	Intron
chr15	40202405	40202465	BUB1B	Exon/CDS
chr15	40202465	40202589	BUB1B	Intron
chr15	40202589	40202694	BUB1B	Exon/CDS
chr15	40202694	40206184	BUB1B	Intron
chr15	40206184	40206458	BUB1B	Exon/CDS
chr15	40206458	40208637	BUB1B	Intron
chr15	40208637	40208770	BUB1B	Exon/CDS
chr15	40208770	40209635	BUB1B	Intron
chr15	40209635	40209775	BUB1B	Exon/CDS
chr15	40209775	40210110	BUB1B	Intron
chr15	40210110	40210210	BUB1B	Exon/CDS
chr15	40210210	40212499	BUB1B	Intron
chr15	40212499	40212648	BUB1B	Exon/CDS
chr15	40212648	40213332	BUB1B	Intron
chr15	40213332	40213474	BUB1B	Exon/CDS
chr15	40213474	40217496	BUB1B	Intron
chr15	40217496	40217667	BUB1B	Exon/CDS
chr15	40217667	40218456	BUB1B	Intron
chr15	40218456	40218562	BUB1B	Exon/CDS
chr15	40218562	40220564	BUB1B	Intron
chr15	40220564	40220759	BUB1B	Exon/CDS
chr15	40220759	40221123	BUB1B	Flanking Down
chr11	119205298	119206418	CBL	Flanking Up
chr11	119206418	119206612	CBL	Exon/CDS
chr11	119206612	119232448	CBL	Intron
chr11	119232448	119232695	CBL	Exon/CDS
chr11	119232695	119271735	CBL	Intron
chr11	119271735	119271881	CBL	Exon/CDS
chr11	119271881	119273868	CBL	Intron
chr11	119273868	119274024	CBL	Exon/CDS
chr11	119274024	119274832	CBL	Intron
chr11	119274832	119274953	CBL	Exon/CDS
chr11	119274953	119275997	CBL	Intron
chr11	119275997	119276134	CBL	Exon/CDS
chr11	119276134	119277757	CBL	Intron
chr11	119277757	119277844	CBL	Exon/CDS
chr11	119277844	119278166	CBL	Intron
chr11	119278166	119278297	CBL	Exon/CDS
chr11	119278297	119278510	CBL	Intron
chr11	119278510	119278713	CBL	Exon/CDS
chr11	119278713	119284969	CBL	Intron
chr11	119284969	119285100	CBL	Exon/CDS
chr11	119285100	119285189	CBL	Intron
chr11	119285189	119285566	CBL	Exon/CDS
chr11	119285566	119287852	CBL	Intron
chr11	119287852	119287946	CBL	Exon/CDS
chr11	119287946	119296918	CBL	Intron
chr11	119296918	119297034	CBL	Exon/CDS
chr11	119297034	119297384	CBL	Intron
chr11	119297384	119297481	CBL	Exon/CDS
chr11	119297481	119298358	CBL	Intron
chr11	119298358	119298540	CBL	Exon/CDS
chr11	119298540	119299495	CBL	Intron
chr11	119299495	119299781	CBL	Exon/CDS
chr11	119299781	119313926	CBL	Flanking Down
chr1	193120983	193122201	CDC73	Flanking Up
chr1	193122201	193122331	CDC73	Exon/CDS
chr1	193122331	193125112	CDC73	Intron
chr1	193125112	193125217	CDC73	Exon/CDS
chr1	193125217	193130174	CDC73	Intron
chr1	193130174	193130243	CDC73	Exon/CDS
chr1	193130243	193135391	CDC73	Intron
chr1	193135391	193135453	CDC73	Exon/CDS
chr1	193135453	193135537	CDC73	Intron
chr1	193135537	193135589	CDC73	Exon/CDS
chr1	193135589	193138085	CDC73	Intron
chr1	193138085	193138173	CDC73	Exon/CDS
chr1	193138173	193141850	CDC73	Intron
chr1	193141850	193142066	CDC73	Exon/CDS
chr1	193142066	193147867	CDC73	Intron
chr1	193147867	193147965	CDC73	Exon/CDS
chr1	193147965	193150304	CDC73	Intron
chr1	193150304	193150382	CDC73	Exon/CDS
chr1	193150382	193152380	CDC73	Intron
chr1	193152380	193152444	CDC73	Exon/CDS
chr1	193152444	193203795	CDC73	Intron
chr1	193203795	193203852	CDC73	Exon/CDS
chr1	193203852	193212065	CDC73	Intron
chr1	193212065	193212100	CDC73	Exon/CDS
chr1	193212100	193212390	CDC73	Intron
chr1	193212390	193212477	CDC73	Exon/CDS
chr1	193212477	193232993	CDC73	Intron
chr1	193232993	193233154	CDC73	Exon/CDS
chr1	193233154	193236256	CDC73	Intron
chr1	193236256	193236356	CDC73	Exon/CDS
chr1	193236356	193249730	CDC73	Intron
chr1	193249730	193249871	CDC73	Exon/CDS
chr1	193249871	193250676	CDC73	Intron
chr1	193250676	193250712	CDC73	Exon/CDS
chr1	193250712	193254815	CDC73	Flanking Down
chr16	68736292	68737416	CDH1	Flanking Up
chr16	68737416	68737463	CDH1	Exon/CDS
chr16	68737463	68738297	CDH1	Intron
chr16	68738297	68738411	CDH1	Exon/CDS
chr16	68738411	68801670	CDH1	Intron
chr16	68801670	68801893	CDH1	Exon/CDS
chr16	68801893	68808424	CDH1	Intron
chr16	68808424	68808567	CDH1	Exon/CDS
chr16	68808567	68808693	CDH1	Intron
chr16	68808693	68808848	CDH1	Exon/CDS
chr16	68808848	68810197	CDH1	Intron
chr16	68810197	68810341	CDH1	Exon/CDS
chr16	68810341	68811684	CDH1	Intron
chr16	68811684	68811859	CDH1	Exon/CDS
chr16	68811859	68812135	CDH1	Intron
chr16	68812135	68812263	CDH1	Exon/CDS
chr16	68812263	68813313	CDH1	Intron
chr16	68813313	68813495	CDH1	Exon/CDS
chr16	68813495	68815515	CDH1	Intron
chr16	68815515	68815759	CDH1	Exon/CDS
chr16	68815759	68819280	CDH1	Intron
chr16	68819280	68819425	CDH1	Exon/CDS
chr16	68819425	68822001	CDH1	Intron
chr16	68822001	68822225	CDH1	Exon/CDS
chr16	68822225	68823399	CDH1	Intron
chr16	68823399	68823626	CDH1	Exon/CDS
chr16	68823626	68828174	CDH1	Intron
chr16	68828174	68828304	CDH1	Exon/CDS
chr16	68828304	68829654	CDH1	Intron
chr16	68829654	68829797	CDH1	Exon/CDS
chr16	68829797	68833290	CDH1	Intron
chr16	68833290	68833499	CDH1	Exon/CDS
chr16	68833499	68835537	CDH1	Flanking Down
chr17	39460486	39462072	CDK12	Flanking Up
chr17	39462072	39463117	CDK12	Exon/CDS
chr17	39463117	39470879	CDK12	Intron
chr17	39470879	39471763	CDK12	Exon/CDS
chr17	39471763	39490557	CDK12	Intron
chr17	39490557	39490733	CDK12	Exon/CDS
chr17	39490733	39492751	CDK12	Intron
chr17	39492751	39492890	CDK12	Exon/CDS
chr17	39492890	39494524	CDK12	Intron
chr17	39494524	39494694	CDK12	Exon/CDS
chr17	39494694	39501250	CDK12	Intron
chr17	39501250	39501439	CDK12	Exon/CDS
chr17	39501439	39509705	CDK12	Intron
chr17	39509705	39509761	CDK12	Exon/CDS
chr17	39509761	39511529	CDK12	Intron
chr17	39511529	39511630	CDK12	Exon/CDS
chr17	39511630	39515731	CDK12	Intron
chr17	39515731	39515808	CDK12	Exon/CDS
chr17	39515808	39517440	CDK12	Intron
chr17	39517440	39517556	CDK12	Exon/CDS
chr17	39517556	39519956	CDK12	Intron
chr17	39519956	39520087	CDK12	Exon/CDS
chr17	39520087	39524674	CDK12	Intron
chr17	39524674	39524885	CDK12	Exon/CDS
chr17	39524885	39525864	CDK12	Intron
chr17	39525864	39526316	CDK12	Exon/CDS
chr17	39526316	39530604	CDK12	Intron
chr17	39530604	39531316	CDK12	Exon/CDS
chr17	39531316	39567559	CDK12	Flanking Down
chr12	57747727	57748525	CDK4	Flanking Up
chr12	57748525	57748617	CDK4	Exon/CDS
chr12	57748617	57749182	CDK4	Intron
chr12	57749182	57749317	CDK4	Exon/CDS
chr12	57749317	57749454	CDK4	Intron
chr12	57749454	57749504	CDK4	Exon/CDS
chr12	57749504	57750656	CDK4	Intron
chr12	57750656	57750765	CDK4	Exon/CDS
chr12	57750765	57750923	CDK4	Intron
chr12	57750923	57751090	CDK4	Exon/CDS
chr12	57751090	57751207	CDK4	Intron
chr12	57751207	57751342	CDK4	Exon/CDS
chr12	57751342	57751500	CDK4	Intron
chr12	57751500	57751717	CDK4	Exon/CDS
chr12	57751717	57757013	CDK4	Flanking Down
chr12	12684498	12717840	CDKN1B	Flanking Up
chr12	12717840	12718314	CDKN1B	Exon/CDS
chr12	12718314	12718825	CDKN1B	Intron
chr12	12718825	12718946	CDKN1B	Exon/CDS
chr12	12718946	12722369	CDKN1B	Flanking Down
chr11	2883213	2884004	CDKN1C	Flanking Up
chr11	2884004	2884134	CDKN1C	Exon/CDS
chr11	2884134	2884670	CDKN1C	Intron
chr11	2884670	2885456	CDKN1C	Exon/CDS
chr11	2885456	2886775	CDKN1C	Flanking Down
chr9	21967752	21968229	CDKN2A	Flanking Up
chr9	21968229	21968242	CDKN2A	Exon/CDS
chr9	21968242	21970902	CDKN2A	Intron
chr9	21970902	21971208	CDKN2A	Exon/CDS
chr9	21971208	21974678	CDKN2A	Intron
chr9	21974678	21974827	CDKN2A	Exon/CDS
chr9	21974827	21996301	CDKN2A	Flanking Down
chr19	33299934	33301338	CEBPA	Flanking Up
chr19	33301338	33302414	CEBPA	Exon/CDS
chr19	33302414	33303534	CEBPA	Flanking Down
chr7	117286120	117480095	CFTR	Flanking Up
chr7	117480095	117480147	CFTR	Exon/CDS
chr7	117480147	117504253	CFTR	Intron
chr7	117504253	117504363	CFTR	Exon/CDS
chr7	117504363	117509034	CFTR	Intron
chr7	117509034	117509142	CFTR	Exon/CDS
chr7	117509142	117530899	CFTR	Intron
chr7	117530899	117531114	CFTR	Exon/CDS
chr7	117531114	117534276	CFTR	Intron
chr7	117534276	117534365	CFTR	Exon/CDS
chr7	117534365	117535248	CFTR	Intron
chr7	117535248	117535411	CFTR	Exon/CDS
chr7	117535411	117536548	CFTR	Intron
chr7	117536548	117536673	CFTR	Exon/CDS
chr7	117536673	117540100	CFTR	Intron
chr7	117540100	117540346	CFTR	Exon/CDS
chr7	117540346	117542016	CFTR	Intron
chr7	117542016	117542108	CFTR	Exon/CDS
chr7	117542108	117548641	CFTR	Intron
chr7	117548641	117548823	CFTR	Exon/CDS
chr7	117548823	117559464	CFTR	Intron
chr7	117559464	117559655	CFTR	Exon/CDS
chr7	117559655	117587739	CFTR	Intron
chr7	117587739	117587833	CFTR	Exon/CDS
chr7	117587833	117590353	CFTR	Intron
chr7	117590353	117590439	CFTR	Exon/CDS
chr7	117590439	117591934	CFTR	Intron
chr7	117591934	117592657	CFTR	Exon/CDS
chr7	117592657	117594930	CFTR	Intron
chr7	117594930	117595058	CFTR	Exon/CDS
chr7	117595058	117602826	CFTR	Intron
chr7	117602826	117602863	CFTR	Exon/CDS
chr7	117602863	117603532	CFTR	Intron
chr7	117603532	117603782	CFTR	Exon/CDS
chr7	117603782	117606674	CFTR	Intron
chr7	117606674	117606753	CFTR	Exon/CDS
chr7	117606753	117610519	CFTR	Intron
chr7	117610519	117610669	CFTR	Exon/CDS
chr7	117610669	117611581	CFTR	Intron
chr7	117611581	117611808	CFTR	Exon/CDS
chr7	117611808	117614613	CFTR	Intron
chr7	117614613	117614713	CFTR	Exon/CDS
chr7	117614713	117627522	CFTR	Intron
chr7	117627522	117627770	CFTR	Exon/CDS
chr7	117627770	117642438	CFTR	Intron
chr7	117642438	117642593	CFTR	Exon/CDS
chr7	117642593	117652842	CFTR	Intron
chr7	117652842	117652931	CFTR	Exon/CDS
chr7	117652931	117664688	CFTR	Intron
chr7	117664688	117664860	CFTR	Exon/CDS
chr7	117664860	117665459	CFTR	Intron
chr7	117665459	117665564	CFTR	Exon/CDS
chr7	117665564	117666908	CFTR	Intron
chr7	117666908	117667108	CFTR	Exon/CDS
chr7	117667108	117715971	CFTR	Flanking Down
chr22	28687743	28687897	CHEK2	Flanking Up
chr22	28687897	28687986	CHEK2	Exon/CDS
chr22	28687986	28689135	CHEK2	Intron
chr22	28689135	28689215	CHEK2	Exon/CDS
chr22	28689215	28694032	CHEK2	Intron
chr22	28694032	28694117	CHEK2	Exon/CDS
chr22	28694117	28695127	CHEK2	Intron
chr22	28695127	28695242	CHEK2	Exon/CDS
chr22	28695242	28695710	CHEK2	Intron
chr22	28695710	28695873	CHEK2	Exon/CDS
chr22	28695873	28696901	CHEK2	Intron
chr22	28696901	28696987	CHEK2	Exon/CDS
chr22	28696987	28699838	CHEK2	Intron
chr22	28699838	28699937	CHEK2	Exon/CDS
chr22	28699937	28703505	CHEK2	Intron
chr22	28703505	28703566	CHEK2	Exon/CDS
chr22	28703566	28710006	CHEK2	Intron
chr22	28710006	28710059	CHEK2	Exon/CDS
chr22	28710059	28711909	CHEK2	Intron
chr22	28711909	28712017	CHEK2	Exon/CDS
chr22	28712017	28719395	CHEK2	Intron
chr22	28719395	28719485	CHEK2	Exon/CDS
chr22	28719485	28724977	CHEK2	Intron
chr22	28724977	28725124	CHEK2	Exon/CDS
chr22	28725124	28725243	CHEK2	Intron
chr22	28725243	28725367	CHEK2	Exon/CDS
chr22	28725367	28734403	CHEK2	Intron
chr22	28734403	28734721	CHEK2	Exon/CDS
chr22	28734721	28743422	CHEK2	Flanking Down
chr3	48564073	48564406	COL7A1	Flanking Up
chr3	48564406	48564422	COL7A1	Exon/CDS
chr3	48564422	48564783	COL7A1	Intron
chr3	48564783	48564980	COL7A1	Exon/CDS
chr3	48564980	48565109	COL7A1	Intron
chr3	48565109	48565201	COL7A1	Exon/CDS
chr3	48565201	48565410	COL7A1	Intron
chr3	48565410	48565496	COL7A1	Exon/CDS
chr3	48565496	48565636	COL7A1	Intron
chr3	48565636	48565668	COL7A1	Exon/CDS
chr3	48565668	48566267	COL7A1	Intron
chr3	48566267	48566315	COL7A1	Exon/CDS
chr3	48566315	48566510	COL7A1	Intron
chr3	48566510	48566563	COL7A1	Exon/CDS
chr3	48566563	48566660	COL7A1	Intron
chr3	48566660	48566737	COL7A1	Exon/CDS
chr3	48566737	48566907	COL7A1	Intron
chr3	48566907	48567023	COL7A1	Exon/CDS
chr3	48567023	48567128	COL7A1	Intron
chr3	48567128	48567190	COL7A1	Exon/CDS
chr3	48567190	48567574	COL7A1	Intron
chr3	48567574	48567636	COL7A1	Exon/CDS
chr3	48567636	48567710	COL7A1	Intron
chr3	48567710	48567763	COL7A1	Exon/CDS
chr3	48567763	48567838	COL7A1	Intron
chr3	48567838	48567891	COL7A1	Exon/CDS
chr3	48567891	48568090	COL7A1	Intron
chr3	48568090	48568170	COL7A1	Exon/CDS
chr3	48568170	48568499	COL7A1	Intron
chr3	48568499	48568534	COL7A1	Exon/CDS
chr3	48568534	48568784	COL7A1	Intron
chr3	48568784	48568855	COL7A1	Exon/CDS
chr3	48568855	48569375	COL7A1	Intron
chr3	48569375	48569446	COL7A1	Exon/CDS
chr3	48569446	48569592	COL7A1	Intron
chr3	48569592	48569648	COL7A1	Exon/CDS
chr3	48569648	48569725	COL7A1	Intron
chr3	48569725	48569760	COL7A1	Exon/CDS
chr3	48569760	48569880	COL7A1	Intron
chr3	48569880	48569915	COL7A1	Exon/CDS
chr3	48569915	48570134	COL7A1	Intron
chr3	48570134	48570178	COL7A1	Exon/CDS
chr3	48570178	48570275	COL7A1	Intron
chr3	48570275	48570334	COL7A1	Exon/CDS
chr3	48570334	48570465	COL7A1	Intron
chr3	48570465	48570500	COL7A1	Exon/CDS
chr3	48570500	48570639	COL7A1	Intron
chr3	48570639	48570710	COL7A1	Exon/CDS
chr3	48570710	48570861	COL7A1	Intron
chr3	48570861	48570968	COL7A1	Exon/CDS
chr3	48570968	48571101	COL7A1	Intron
chr3	48571101	48571160	COL7A1	Exon/CDS
chr3	48571160	48571243	COL7A1	Intron
chr3	48571243	48571278	COL7A1	Exon/CDS
chr3	48571278	48572001	COL7A1	Intron
chr3	48572001	48572045	COL7A1	Exon/CDS
chr3	48572045	48572127	COL7A1	Intron
chr3	48572127	48572171	COL7A1	Exon/CDS
chr3	48572171	48572380	COL7A1	Intron
chr3	48572380	48572421	COL7A1	Exon/CDS
chr3	48572421	48572503	COL7A1	Intron
chr3	48572503	48572538	COL7A1	Exon/CDS
chr3	48572538	48572671	COL7A1	Intron
chr3	48572671	48572739	COL7A1	Exon/CDS
chr3	48572739	48572862	COL7A1	Intron
chr3	48572862	48572942	COL7A1	Exon/CDS
chr3	48572942	48573021	COL7A1	Intron
chr3	48573021	48573056	COL7A1	Exon/CDS
chr3	48573056	48573174	COL7A1	Intron
chr3	48573174	48573236	COL7A1	Exon/CDS
chr3	48573236	48573316	COL7A1	Intron
chr3	48573316	48573348	COL7A1	Exon/CDS
chr3	48573348	48573513	COL7A1	Intron
chr3	48573513	48573557	COL7A1	Exon/CDS
chr3	48573557	48573690	COL7A1	Intron
chr3	48573690	48573725	COL7A1	Exon/CDS
chr3	48573725	48573855	COL7A1	Intron
chr3	48573855	48573890	COL7A1	Exon/CDS
chr3	48573890	48574262	COL7A1	Intron
chr3	48574262	48574306	COL7A1	Exon/CDS
chr3	48574306	48574488	COL7A1	Intron
chr3	48574488	48574550	COL7A1	Exon/CDS
chr3	48574550	48574677	COL7A1	Intron
chr3	48574677	48574721	COL7A1	Exon/CDS
chr3	48574721	48574797	COL7A1	Intron
chr3	48574797	48574865	COL7A1	Exon/CDS
chr3	48574865	48575064	COL7A1	Intron
chr3	48575064	48575126	COL7A1	Exon/CDS
chr3	48575126	48575207	COL7A1	Intron
chr3	48575207	48575242	COL7A1	Exon/CDS
chr3	48575242	48575339	COL7A1	Intron
chr3	48575339	48575539	COL7A1	Exon/CDS
chr3	48575539	48575626	COL7A1	Intron
chr3	48575626	48575748	COL7A1	Exon/CDS
chr3	48575748	48575867	COL7A1	Intron
chr3	48575867	48575902	COL7A1	Exon/CDS
chr3	48575902	48576249	COL7A1	Intron
chr3	48576249	48576296	COL7A1	Exon/CDS
chr3	48576296	48576400	COL7A1	Intron
chr3	48576400	48576435	COL7A1	Exon/CDS
chr3	48576435	48576522	COL7A1	Intron
chr3	48576522	48576557	COL7A1	Exon/CDS
chr3	48576557	48576676	COL7A1	Intron
chr3	48576676	48576771	COL7A1	Exon/CDS
chr3	48576771	48576884	COL7A1	Intron
chr3	48576884	48576919	COL7A1	Exon/CDS
chr3	48576919	48576992	COL7A1	Intron
chr3	48576992	48577027	COL7A1	Exon/CDS
chr3	48577027	48578321	COL7A1	Intron
chr3	48578321	48578365	COL7A1	Exon/CDS
chr3	48578365	48578453	COL7A1	Intron
chr3	48578453	48578515	COL7A1	Exon/CDS
chr3	48578515	48578919	COL7A1	Intron
chr3	48578919	48578954	COL7A1	Exon/CDS
chr3	48578954	48579197	COL7A1	Intron
chr3	48579197	48579277	COL7A1	Exon/CDS
chr3	48579277	48579369	COL7A1	Intron
chr3	48579369	48579404	COL7A1	Exon/CDS
chr3	48579404	48579480	COL7A1	Intron
chr3	48579480	48579515	COL7A1	Exon/CDS
chr3	48579515	48579588	COL7A1	Intron
chr3	48579588	48579668	COL7A1	Exon/CDS
chr3	48579668	48579785	COL7A1	Intron
chr3	48579785	48579814	COL7A1	Exon/CDS
chr3	48579814	48580031	COL7A1	Intron
chr3	48580031	48580057	COL7A1	Exon/CDS
chr3	48580057	48580300	COL7A1	Intron
chr3	48580300	48580344	COL7A1	Exon/CDS
chr3	48580344	48580581	COL7A1	Intron
chr3	48580581	48580652	COL7A1	Exon/CDS
chr3	48580652	48580882	COL7A1	Intron
chr3	48580882	48580926	COL7A1	Exon/CDS
chr3	48580926	48581122	COL7A1	Intron
chr3	48581122	48581157	COL7A1	Exon/CDS
chr3	48581157	48581260	COL7A1	Intron
chr3	48581260	48581340	COL7A1	Exon/CDS
chr3	48581340	48581448	COL7A1	Intron
chr3	48581448	48581483	COL7A1	Exon/CDS
chr3	48581483	48581573	COL7A1	Intron
chr3	48581573	48581632	COL7A1	Exon/CDS
chr3	48581632	48581706	COL7A1	Intron
chr3	48581706	48581759	COL7A1	Exon/CDS
chr3	48581759	48581911	COL7A1	Intron
chr3	48581911	48581943	COL7A1	Exon/CDS
chr3	48581943	48582323	COL7A1	Intron
chr3	48582323	48582358	COL7A1	Exon/CDS
chr3	48582358	48582478	COL7A1	Intron
chr3	48582478	48582513	COL7A1	Exon/CDS
chr3	48582513	48582609	COL7A1	Intron
chr3	48582609	48582653	COL7A1	Exon/CDS
chr3	48582653	48583013	COL7A1	Intron
chr3	48583013	48583048	COL7A1	Exon/CDS
chr3	48583048	48583127	COL7A1	Intron
chr3	48583127	48583171	COL7A1	Exon/CDS
chr3	48583171	48583393	COL7A1	Intron
chr3	48583393	48583428	COL7A1	Exon/CDS
chr3	48583428	48583556	COL7A1	Intron
chr3	48583556	48583615	COL7A1	Exon/CDS
chr3	48583615	48583718	COL7A1	Intron
chr3	48583718	48583780	COL7A1	Exon/CDS
chr3	48583780	48583900	COL7A1	Intron
chr3	48583900	48583953	COL7A1	Exon/CDS
chr3	48583953	48584035	COL7A1	Intron
chr3	48584035	48584061	COL7A1	Exon/CDS
chr3	48584061	48584298	COL7A1	Intron
chr3	48584298	48584375	COL7A1	Exon/CDS
chr3	48584375	48584485	COL7A1	Intron
chr3	48584485	48584556	COL7A1	Exon/CDS
chr3	48584556	48584734	COL7A1	Intron
chr3	48584734	48584769	COL7A1	Exon/CDS
chr3	48584769	48584910	COL7A1	Intron
chr3	48584910	48584945	COL7A1	Exon/CDS
chr3	48584945	48585036	COL7A1	Intron
chr3	48585036	48585116	COL7A1	Exon/CDS
chr3	48585116	48585557	COL7A1	Intron
chr3	48585557	48585619	COL7A1	Exon/CDS
chr3	48585619	48585690	COL7A1	Intron
chr3	48585690	48585734	COL7A1	Exon/CDS
chr3	48585734	48585830	COL7A1	Intron
chr3	48585830	48585856	COL7A1	Exon/CDS
chr3	48585856	48585940	COL7A1	Intron
chr3	48585940	48585975	COL7A1	Exon/CDS
chr3	48585975	48586074	COL7A1	Intron
chr3	48586074	48586246	COL7A1	Exon/CDS
chr3	48586246	48586332	COL7A1	Intron
chr3	48586332	48586478	COL7A1	Exon/CDS
chr3	48586478	48586563	COL7A1	Intron
chr3	48586563	48586689	COL7A1	Exon/CDS
chr3	48586689	48586972	COL7A1	Intron
chr3	48586972	48587108	COL7A1	Exon/CDS
chr3	48587108	48587190	COL7A1	Intron
chr3	48587190	48587336	COL7A1	Exon/CDS
chr3	48587336	48587420	COL7A1	Intron
chr3	48587420	48587554	COL7A1	Exon/CDS
chr3	48587554	48587793	COL7A1	Intron
chr3	48587793	48587939	COL7A1	Exon/CDS
chr3	48587939	48588282	COL7A1	Intron
chr3	48588282	48588404	COL7A1	Exon/CDS
chr3	48588404	48588642	COL7A1	Intron
chr3	48588642	48588788	COL7A1	Exon/CDS
chr3	48588788	48588870	COL7A1	Intron
chr3	48588870	48588995	COL7A1	Exon/CDS
chr3	48588995	48589327	COL7A1	Intron
chr3	48589327	48589470	COL7A1	Exon/CDS
chr3	48589470	48589599	COL7A1	Intron
chr3	48589599	48589718	COL7A1	Exon/CDS
chr3	48589718	48590213	COL7A1	Intron
chr3	48590213	48590356	COL7A1	Exon/CDS
chr3	48590356	48590459	COL7A1	Intron
chr3	48590459	48590584	COL7A1	Exon/CDS
chr3	48590584	48590673	COL7A1	Intron
chr3	48590673	48590816	COL7A1	Exon/CDS
chr3	48590816	48591464	COL7A1	Intron
chr3	48591464	48591592	COL7A1	Exon/CDS
chr3	48591592	48591673	COL7A1	Intron
chr3	48591673	48591822	COL7A1	Exon/CDS
chr3	48591822	48591898	COL7A1	Intron
chr3	48591898	48592014	COL7A1	Exon/CDS
chr3	48592014	48592102	COL7A1	Intron
chr3	48592102	48592248	COL7A1	Exon/CDS
chr3	48592248	48592351	COL7A1	Intron
chr3	48592351	48592467	COL7A1	Exon/CDS
chr3	48592467	48592570	COL7A1	Intron
chr3	48592570	48592699	COL7A1	Exon/CDS
chr3	48592699	48592775	COL7A1	Intron
chr3	48592775	48592938	COL7A1	Exon/CDS
chr3	48592938	48593102	COL7A1	Intron
chr3	48593102	48593263	COL7A1	Exon/CDS
chr3	48593263	48593356	COL7A1	Intron
chr3	48593356	48593449	COL7A1	Exon/CDS
chr3	48593449	48593537	COL7A1	Intron
chr3	48593537	48593696	COL7A1	Exon/CDS
chr3	48593696	48594368	COL7A1	Intron
chr3	48594368	48594548	COL7A1	Exon/CDS
chr3	48594548	48595075	COL7A1	Intron
chr3	48595075	48595159	COL7A1	Exon/CDS
chr3	48595159	48596329	COL7A1	Flanking Down
chr1	36466043	36466357	CSF3R	Flanking Up
chr1	36466357	36466827	CSF3R	Exon/CDS
chr1	36466827	36467230	CSF3R	Intron
chr1	36467230	36467311	CSF3R	Exon/CDS
chr1	36467311	36467558	CSF3R	Intron
chr1	36467558	36467651	CSF3R	Exon/CDS
chr1	36467651	36467822	CSF3R	Intron
chr1	36467822	36467962	CSF3R	Exon/CDS
chr1	36467962	36468075	CSF3R	Intron
chr1	36468075	36468221	CSF3R	Exon/CDS
chr1	36468221	36469156	CSF3R	Intron
chr1	36469156	36469257	CSF3R	Exon/CDS
chr1	36469257	36469652	CSF3R	Intron
chr1	36469652	36469840	CSF3R	Exon/CDS
chr1	36469840	36471433	CSF3R	Intron
chr1	36471433	36471646	CSF3R	Exon/CDS
chr1	36471646	36472066	CSF3R	Intron
chr1	36472066	36472139	CSF3R	Exon/CDS
chr1	36472139	36472238	CSF3R	Intron
chr1	36472238	36472391	CSF3R	Exon/CDS
chr1	36472391	36472517	CSF3R	Intron
chr1	36472517	36472686	CSF3R	Exon/CDS
chr1	36472686	36473435	CSF3R	Intron
chr1	36473435	36473622	CSF3R	Exon/CDS
chr1	36473622	36473764	CSF3R	Intron
chr1	36473764	36473887	CSF3R	Exon/CDS
chr1	36473887	36475377	CSF3R	Intron
chr1	36475377	36475673	CSF3R	Exon/CDS
chr1	36475673	36479433	CSF3R	Intron
chr1	36479433	36479496	CSF3R	Exon/CDS
chr1	36479496	36484278	CSF3R	Flanking Down
chr17	8224815	8228180	CTC1	Flanking Up
chr17	8228180	8228319	CTC1	Exon/CDS
chr17	8228319	8228503	CTC1	Intron
chr17	8228503	8228629	CTC1	Exon/CDS
chr17	8228629	8228727	CTC1	Intron
chr17	8228727	8228892	CTC1	Exon/CDS
chr17	8228892	8229142	CTC1	Intron
chr17	8229142	8229206	CTC1	Exon/CDS
chr17	8229206	8229302	CTC1	Intron
chr17	8229302	8229446	CTC1	Exon/CDS
chr17	8229446	8229891	CTC1	Intron
chr17	8229891	8229968	CTC1	Exon/CDS
chr17	8229968	8230294	CTC1	Intron
chr17	8230294	8230468	CTC1	Exon/CDS
chr17	8230468	8230563	CTC1	Intron
chr17	8230563	8230651	CTC1	Exon/CDS
chr17	8230651	8231276	CTC1	Intron
chr17	8231276	8231469	CTC1	Exon/CDS
chr17	8231469	8231726	CTC1	Intron
chr17	8231726	8231815	CTC1	Exon/CDS
chr17	8231815	8231903	CTC1	Intron
chr17	8231903	8232227	CTC1	Exon/CDS
chr17	8232227	8232361	CTC1	Intron
chr17	8232361	8232475	CTC1	Exon/CDS
chr17	8232475	8232906	CTC1	Intron
chr17	8232906	8233032	CTC1	Exon/CDS
chr17	8233032	8234455	CTC1	Intron
chr17	8234455	8234655	CTC1	Exon/CDS
chr17	8234655	8234749	CTC1	Intron
chr17	8234749	8234926	CTC1	Exon/CDS
chr17	8234926	8235053	CTC1	Intron
chr17	8235053	8235285	CTC1	Exon/CDS
chr17	8235285	8235831	CTC1	Intron
chr17	8235831	8235959	CTC1	Exon/CDS
chr17	8235959	8236058	CTC1	Intron
chr17	8236058	8236342	CTC1	Exon/CDS
chr17	8236342	8237375	CTC1	Intron
chr17	8237375	8237519	CTC1	Exon/CDS
chr17	8237519	8238031	CTC1	Intron
chr17	8238031	8238242	CTC1	Exon/CDS
chr17	8238242	8238392	CTC1	Intron
chr17	8238392	8238629	CTC1	Exon/CDS
chr17	8238629	8242985	CTC1	Intron
chr17	8242985	8243148	CTC1	Exon/CDS
chr17	8243148	8248004	CTC1	Intron
chr17	8248004	8248036	CTC1	Exon/CDS
chr17	8248036	8249058	CTC1	Flanking Down
chr5	138609967	138781925	CTNNA1	Flanking Up
chr5	138781925	138782029	CTNNA1	Exon/CDS
chr5	138782029	138783177	CTNNA1	Intron
chr5	138783177	138783372	CTNNA1	Exon/CDS
chr5	138783372	138810038	CTNNA1	Intron
chr5	138810038	138810204	CTNNA1	Exon/CDS
chr5	138810204	138812183	CTNNA1	Intron
chr5	138812183	138812302	CTNNA1	Exon/CDS
chr5	138812302	138824530	CTNNA1	Intron
chr5	138824530	138824799	CTNNA1	Exon/CDS
chr5	138824799	138827515	CTNNA1	Intron
chr5	138827515	138827718	CTNNA1	Exon/CDS
chr5	138827718	138886212	CTNNA1	Intron
chr5	138886212	138886292	CTNNA1	Exon/CDS
chr5	138886292	138887490	CTNNA1	Intron
chr5	138887490	138887642	CTNNA1	Exon/CDS
chr5	138887642	138904349	CTNNA1	Intron
chr5	138904349	138904441	CTNNA1	Exon/CDS
chr5	138904441	138917742	CTNNA1	Intron
chr5	138917742	138917898	CTNNA1	Exon/CDS
chr5	138917898	138924510	CTNNA1	Intron
chr5	138924510	138924710	CTNNA1	Exon/CDS
chr5	138924710	138925256	CTNNA1	Intron
chr5	138925256	138925407	CTNNA1	Exon/CDS
chr5	138925407	138929246	CTNNA1	Intron
chr5	138929246	138929356	CTNNA1	Exon/CDS
chr5	138929356	138930473	CTNNA1	Intron
chr5	138930473	138930654	CTNNA1	Exon/CDS
chr5	138930654	138930830	CTNNA1	Intron
chr5	138930830	138930935	CTNNA1	Exon/CDS
chr5	138930935	138932578	CTNNA1	Intron
chr5	138932578	138932712	CTNNA1	Exon/CDS
chr5	138932712	138933802	CTNNA1	Intron
chr5	138933802	138934089	CTNNA1	Exon/CDS
chr5	138934089	138935034	CTNNA1	Flanking Down
chr11	10750246	10751413	CTR9	Flanking Up
chr11	10751413	10751457	CTR9	Exon/CDS
chr11	10751457	10752672	CTR9	Intron
chr11	10752672	10752770	CTR9	Exon/CDS
chr11	10752770	10754958	CTR9	Intron
chr11	10754958	10755197	CTR9	Exon/CDS
chr11	10755197	10755678	CTR9	Intron
chr11	10755678	10755795	CTR9	Exon/CDS
chr11	10755795	10756749	CTR9	Intron
chr11	10756749	10756838	CTR9	Exon/CDS
chr11	10756838	10760173	CTR9	Intron
chr11	10760173	10760321	CTR9	Exon/CDS
chr11	10760321	10761947	CTR9	Intron
chr11	10761947	10762054	CTR9	Exon/CDS
chr11	10762054	10763431	CTR9	Intron
chr11	10763431	10763538	CTR9	Exon/CDS
chr11	10763538	10763643	CTR9	Intron
chr11	10763643	10763879	CTR9	Exon/CDS
chr11	10763879	10764112	CTR9	Intron
chr11	10764112	10764201	CTR9	Exon/CDS
chr11	10764201	10764308	CTR9	Intron
chr11	10764308	10764436	CTR9	Exon/CDS
chr11	10764436	10764548	CTR9	Intron
chr11	10764548	10764731	CTR9	Exon/CDS
chr11	10764731	10766402	CTR9	Intron
chr11	10766402	10766490	CTR9	Exon/CDS
chr11	10766490	10767806	CTR9	Intron
chr11	10767806	10767991	CTR9	Exon/CDS
chr11	10767991	10768074	CTR9	Intron
chr11	10768074	10768161	CTR9	Exon/CDS
chr11	10768161	10768343	CTR9	Intron
chr11	10768343	10768491	CTR9	Exon/CDS
chr11	10768491	10770210	CTR9	Intron
chr11	10770210	10770326	CTR9	Exon/CDS
chr11	10770326	10770487	CTR9	Intron
chr11	10770487	10770632	CTR9	Exon/CDS
chr11	10770632	10771545	CTR9	Intron
chr11	10771545	10771616	CTR9	Exon/CDS
chr11	10771616	10772520	CTR9	Intron
chr11	10772520	10772655	CTR9	Exon/CDS
chr11	10772655	10773127	CTR9	Intron
chr11	10773127	10773273	CTR9	Exon/CDS
chr11	10773273	10774012	CTR9	Intron
chr11	10774012	10774169	CTR9	Exon/CDS
chr11	10774169	10775207	CTR9	Intron
chr11	10775207	10775303	CTR9	Exon/CDS
chr11	10775303	10775521	CTR9	Intron
chr11	10775521	10775633	CTR9	Exon/CDS
chr11	10775633	10778679	CTR9	Intron
chr11	10778679	10779105	CTR9	Exon/CDS
chr11	10779105	10801625	CTR9	Flanking Down
chr16	50741050	50749699	CYLD	Flanking Up
chr16	50749699	50750202	CYLD	Exon/CDS
chr16	50750202	50751604	CYLD	Intron
chr16	50751604	50751906	CYLD	Exon/CDS
chr16	50751906	50754319	CYLD	Intron
chr16	50754319	50754424	CYLD	Exon/CDS
chr16	50754424	50775166	CYLD	Intron
chr16	50775166	50775174	CYLD	Exon/CDS
chr16	50775174	50776179	CYLD	Intron
chr16	50776179	50776277	CYLD	Exon/CDS
chr16	50776277	50777825	CYLD	Intron
chr16	50777825	50777941	CYLD	Exon/CDS
chr16	50777941	50779665	CYLD	Intron
chr16	50779665	50780044	CYLD	Exon/CDS
chr16	50780044	50781246	CYLD	Intron
chr16	50781246	50781411	CYLD	Exon/CDS
chr16	50781411	50782325	CYLD	Intron
chr16	50782325	50782466	CYLD	Exon/CDS
chr16	50782466	50784329	CYLD	Intron
chr16	50784329	50784451	CYLD	Exon/CDS
chr16	50784451	50786855	CYLD	Intron
chr16	50786855	50786946	CYLD	Exon/CDS
chr16	50786946	50787786	CYLD	Intron
chr16	50787786	50787852	CYLD	Exon/CDS
chr16	50787852	50791558	CYLD	Intron
chr16	50791558	50791690	CYLD	Exon/CDS
chr16	50791690	50792597	CYLD	Intron
chr16	50792597	50792705	CYLD	Exon/CDS
chr16	50792705	50793546	CYLD	Intron
chr16	50793546	50793664	CYLD	Exon/CDS
chr16	50793664	50794212	CYLD	Intron
chr16	50794212	50794428	CYLD	Exon/CDS
chr16	50794428	50796324	CYLD	Intron
chr16	50796324	50796508	CYLD	Exon/CDS
chr16	50796508	50801935	CYLD	Flanking Down
chr11	47213465	47215137	DDB2	Flanking Up
chr11	47215137	47215263	DDB2	Exon/CDS
chr11	47215263	47216336	DDB2	Intron
chr11	47216336	47216472	DDB2	Exon/CDS
chr11	47216472	47216858	DDB2	Intron
chr11	47216858	47217049	DDB2	Exon/CDS
chr11	47217049	47232814	DDB2	Intron
chr11	47232814	47232959	DDB2	Exon/CDS
chr11	47232959	47234573	DDB2	Intron
chr11	47234573	47234672	DDB2	Exon/CDS
chr11	47234672	47234757	DDB2	Intron
chr11	47234757	47234934	DDB2	Exon/CDS
chr11	47234934	47235270	DDB2	Intron
chr11	47235270	47235412	DDB2	Exon/CDS
chr11	47235412	47237837	DDB2	Intron
chr11	47237837	47238001	DDB2	Exon/CDS
chr11	47238001	47238138	DDB2	Intron
chr11	47238138	47238183	DDB2	Exon/CDS
chr11	47238183	47238800	DDB2	Intron
chr11	47238800	47238849	DDB2	Exon/CDS
chr11	47238849	47239217	DDB2	Flanking Down
chr5	177511577	177511791	DDX41	Flanking Up
chr5	177511791	177511927	DDX41	Exon/CDS
chr5	177511927	177512096	DDX41	Intron
chr5	177512096	177512206	DDX41	Exon/CDS
chr5	177512206	177512322	DDX41	Intron
chr5	177512322	177512393	DDX41	Exon/CDS
chr5	177512393	177512496	DDX41	Intron
chr5	177512496	177512645	DDX41	Exon/CDS
chr5	177512645	177512780	DDX41	Intron
chr5	177512780	177512876	DDX41	Exon/CDS
chr5	177512876	177513011	DDX41	Intron
chr5	177513011	177513082	DDX41	Exon/CDS
chr5	177513082	177513353	DDX41	Intron
chr5	177513353	177513484	DDX41	Exon/CDS
chr5	177513484	177513685	DDX41	Intron
chr5	177513685	177513847	DDX41	Exon/CDS
chr5	177513847	177514701	DDX41	Intron
chr5	177514701	177514837	DDX41	Exon/CDS
chr5	177514837	177514916	DDX41	Intron
chr5	177514916	177515069	DDX41	Exon/CDS
chr5	177515069	177515186	DDX41	Intron
chr5	177515186	177515258	DDX41	Exon/CDS
chr5	177515258	177515685	DDX41	Intron
chr5	177515685	177515821	DDX41	Exon/CDS
chr5	177515821	177515929	DDX41	Intron
chr5	177515929	177515989	DDX41	Exon/CDS
chr5	177515989	177516119	DDX41	Intron
chr5	177516119	177516193	DDX41	Exon/CDS
chr5	177516193	177516288	DDX41	Intron
chr5	177516288	177516447	DDX41	Exon/CDS
chr5	177516447	177516725	DDX41	Intron
chr5	177516725	177516835	DDX41	Exon/CDS
chr5	177516835	177516919	DDX41	Intron
chr5	177516919	177516945	DDX41	Exon/CDS
chr5	177516945	177517961	DDX41	Flanking Down
chr14	95086228	95090498	DICER1	Flanking Up
chr14	95090498	95090663	DICER1	Exon/CDS
chr14	95090663	95091034	DICER1	Intron
chr14	95091034	95091109	DICER1	Exon/CDS
chr14	95091109	95091203	DICER1	Intron
chr14	95091203	95091365	DICER1	Exon/CDS
chr14	95091365	95093888	DICER1	Intron
chr14	95093888	95094156	DICER1	Exon/CDS
chr14	95094156	95095825	DICER1	Intron
chr14	95095825	95096713	DICER1	Exon/CDS
chr14	95096713	95099780	DICER1	Intron
chr14	95099780	95099935	DICER1	Exon/CDS
chr14	95099935	95103346	DICER1	Intron
chr14	95103346	95104126	DICER1	Exon/CDS
chr14	95104126	95105071	DICER1	Intron
chr14	95105071	95105246	DICER1	Exon/CDS
chr14	95105246	95105678	DICER1	Intron
chr14	95105678	95105783	DICER1	Exon/CDS
chr14	95105783	95106041	DICER1	Intron
chr14	95106041	95106223	DICER1	Exon/CDS
chr14	95106223	95107608	DICER1	Intron
chr14	95107608	95107761	DICER1	Exon/CDS
chr14	95107761	95107880	DICER1	Intron
chr14	95107880	95108093	DICER1	Exon/CDS
chr14	95108093	95108324	DICER1	Intron
chr14	95108324	95108503	DICER1	Exon/CDS
chr14	95108503	95111317	DICER1	Intron
chr14	95111317	95111456	DICER1	Exon/CDS
chr14	95111456	95112172	DICER1	Intron
chr14	95112172	95112247	DICER1	Exon/CDS
chr14	95112247	95113092	DICER1	Intron
chr14	95113092	95113224	DICER1	Exon/CDS
chr14	95113224	95115667	DICER1	Intron
chr14	95115667	95115821	DICER1	Exon/CDS
chr14	95115821	95116453	DICER1	Intron
chr14	95116453	95116695	DICER1	Exon/CDS
chr14	95116695	95117622	DICER1	Intron
chr14	95117622	95117754	DICER1	Exon/CDS
chr14	95117754	95124196	DICER1	Intron
chr14	95124196	95124668	DICER1	Exon/CDS
chr14	95124668	95126580	DICER1	Intron
chr14	95126580	95126748	DICER1	Exon/CDS
chr14	95126748	95129472	DICER1	Intron
chr14	95129472	95129632	DICER1	Exon/CDS
chr14	95129632	95130058	DICER1	Intron
chr14	95130058	95130192	DICER1	Exon/CDS
chr14	95130192	95131509	DICER1	Intron
chr14	95131509	95131639	DICER1	Exon/CDS
chr14	95131639	95132515	DICER1	Intron
chr14	95132515	95132677	DICER1	Exon/CDS
chr14	95132677	95133315	DICER1	Intron
chr14	95133315	95133458	DICER1	Exon/CDS
chr14	95133458	95159010	DICER1	Flanking Down
chr2	231960245	232014928	DIS3L2	Flanking Up
chr2	232014928	232014979	DIS3L2	Exon/CDS
chr2	232014979	232015514	DIS3L2	Intron
chr2	232015514	232015671	DIS3L2	Exon/CDS
chr2	232015671	232024277	DIS3L2	Intron
chr2	232024277	232024330	DIS3L2	Exon/CDS
chr2	232024330	232029979	DIS3L2	Intron
chr2	232029979	232030080	DIS3L2	Exon/CDS
chr2	232030080	232087487	DIS3L2	Intron
chr2	232087487	232087721	DIS3L2	Exon/CDS
chr2	232087721	232130619	DIS3L2	Intron
chr2	232130619	232130719	DIS3L2	Exon/CDS
chr2	232130719	232136472	DIS3L2	Intron
chr2	232136472	232136719	DIS3L2	Exon/CDS
chr2	232136719	232163459	DIS3L2	Intron
chr2	232163459	232163632	DIS3L2	Exon/CDS
chr2	232163632	232210326	DIS3L2	Intron
chr2	232210326	232210405	DIS3L2	Exon/CDS
chr2	232210405	232238533	DIS3L2	Intron
chr2	232238533	232238645	DIS3L2	Exon/CDS
chr2	232238645	232249239	DIS3L2	Intron
chr2	232249239	232249346	DIS3L2	Exon/CDS
chr2	232249346	232263207	DIS3L2	Intron
chr2	232263207	232263440	DIS3L2	Exon/CDS
chr2	232263440	232300040	DIS3L2	Intron
chr2	232300040	232300119	DIS3L2	Exon/CDS
chr2	232300119	232329813	DIS3L2	Intron
chr2	232329813	232329996	DIS3L2	Exon/CDS
chr2	232329996	232330690	DIS3L2	Intron
chr2	232330690	232330776	DIS3L2	Exon/CDS
chr2	232330776	232333840	DIS3L2	Intron
chr2	232333840	232333987	DIS3L2	Exon/CDS
chr2	232333987	232334369	DIS3L2	Intron
chr2	232334369	232334499	DIS3L2	Exon/CDS
chr2	232334499	232334631	DIS3L2	Intron
chr2	232334631	232334735	DIS3L2	Exon/CDS
chr2	232334735	232335773	DIS3L2	Intron
chr2	232335773	232335874	DIS3L2	Exon/CDS
chr2	232335874	232336469	DIS3L2	Intron
chr2	232336469	232336630	DIS3L2	Exon/CDS
chr2	232336630	232344350	DIS3L2	Flanking Down
chrX	154761742	154762966	DKC1	Flanking Up
chrX	154762966	154762981	DKC1	Exon/CDS
chrX	154762981	154764899	DKC1	Intron
chrX	154764899	154764966	DKC1	Exon/CDS
chrX	154764966	154765444	DKC1	Intron
chrX	154765444	154765530	DKC1	Exon/CDS
chrX	154765530	154765907	DKC1	Intron
chrX	154765907	154765998	DKC1	Exon/CDS
chrX	154765998	154766216	DKC1	Intron
chrX	154766216	154766400	DKC1	Exon/CDS
chrX	154766400	154766997	DKC1	Intron
chrX	154766997	154767061	DKC1	Exon/CDS
chrX	154767061	154767256	DKC1	Intron
chrX	154767256	154767382	DKC1	Exon/CDS
chrX	154767382	154768302	DKC1	Intron
chrX	154768302	154768432	DKC1	Exon/CDS
chrX	154768432	154769167	DKC1	Intron
chrX	154769167	154769310	DKC1	Exon/CDS
chrX	154769310	154770759	DKC1	Intron
chrX	154770759	154770879	DKC1	Exon/CDS
chrX	154770879	154773131	DKC1	Intron
chrX	154773131	154773249	DKC1	Exon/CDS
chrX	154773249	154774602	DKC1	Intron
chrX	154774602	154774705	DKC1	Exon/CDS
chrX	154774705	154775195	DKC1	Intron
chrX	154775195	154775273	DKC1	Exon/CDS
chrX	154775273	154776187	DKC1	Intron
chrX	154776187	154776324	DKC1	Exon/CDS
chrX	154776324	154776799	DKC1	Intron
chrX	154776799	154776867	DKC1	Exon/CDS
chrX	154776867	154777689	DKC1	Flanking Down
chr17	11597470	11598499	DNAH9	Flanking Up
chr17	11598499	11598915	DNAH9	Exon/CDS
chr17	11598915	11608129	DNAH9	Intron
chr17	11608129	11608325	DNAH9	Exon/CDS
chr17	11608325	11610396	DNAH9	Intron
chr17	11610396	11610554	DNAH9	Exon/CDS
chr17	11610554	11611650	DNAH9	Intron
chr17	11611650	11611780	DNAH9	Exon/CDS
chr17	11611780	11617411	DNAH9	Intron
chr17	11617411	11617622	DNAH9	Exon/CDS
chr17	11617622	11619548	DNAH9	Intron
chr17	11619548	11619781	DNAH9	Exon/CDS
chr17	11619781	11629417	DNAH9	Intron
chr17	11629417	11629584	DNAH9	Exon/CDS
chr17	11629584	11632587	DNAH9	Intron
chr17	11632587	11632703	DNAH9	Exon/CDS
chr17	11632703	11636634	DNAH9	Intron
chr17	11636634	11636784	DNAH9	Exon/CDS
chr17	11636784	11640270	DNAH9	Intron
chr17	11640270	11640384	DNAH9	Exon/CDS
chr17	11640384	11644631	DNAH9	Intron
chr17	11644631	11644699	DNAH9	Exon/CDS
chr17	11644699	11647072	DNAH9	Intron
chr17	11647072	11647198	DNAH9	Exon/CDS
chr17	11647198	11651069	DNAH9	Intron
chr17	11651069	11651324	DNAH9	Exon/CDS
chr17	11651324	11652761	DNAH9	Intron
chr17	11652761	11653002	DNAH9	Exon/CDS
chr17	11653002	11664833	DNAH9	Intron
chr17	11664833	11664968	DNAH9	Exon/CDS
chr17	11664968	11669064	DNAH9	Intron
chr17	11669064	11669260	DNAH9	Exon/CDS
chr17	11669260	11669370	DNAH9	Intron
chr17	11669370	11669794	DNAH9	Exon/CDS
chr17	11669794	11679757	DNAH9	Intron
chr17	11679757	11679979	DNAH9	Exon/CDS
chr17	11679979	11680723	DNAH9	Intron
chr17	11680723	11680889	DNAH9	Exon/CDS
chr17	11680889	11689566	DNAH9	Intron
chr17	11689566	11690436	DNAH9	Exon/CDS
chr17	11690436	11693868	DNAH9	Intron
chr17	11693868	11693998	DNAH9	Exon/CDS
chr17	11693998	11694321	DNAH9	Intron
chr17	11694321	11694447	DNAH9	Exon/CDS
chr17	11694447	11699731	DNAH9	Intron
chr17	11699731	11699883	DNAH9	Exon/CDS
chr17	11699883	11701122	DNAH9	Intron
chr17	11701122	11701247	DNAH9	Exon/CDS
chr17	11701247	11704203	DNAH9	Intron
chr17	11704203	11704442	DNAH9	Exon/CDS
chr17	11704442	11705025	DNAH9	Intron
chr17	11705025	11705185	DNAH9	Exon/CDS
chr17	11705185	11719334	DNAH9	Intron
chr17	11719334	11719490	DNAH9	Exon/CDS
chr17	11719490	11727818	DNAH9	Intron
chr17	11727818	11727922	DNAH9	Exon/CDS
chr17	11727922	11738880	DNAH9	Intron
chr17	11738880	11739037	DNAH9	Exon/CDS
chr17	11739037	11742175	DNAH9	Intron
chr17	11742175	11742313	DNAH9	Exon/CDS
chr17	11742313	11744797	DNAH9	Intron
chr17	11744797	11745084	DNAH9	Exon/CDS
chr17	11745084	11747556	DNAH9	Intron
chr17	11747556	11747766	DNAH9	Exon/CDS
chr17	11747766	11752833	DNAH9	Intron
chr17	11752833	11752960	DNAH9	Exon/CDS
chr17	11752960	11756568	DNAH9	Intron
chr17	11756568	11756676	DNAH9	Exon/CDS
chr17	11756676	11757545	DNAH9	Intron
chr17	11757545	11757692	DNAH9	Exon/CDS
chr17	11757692	11763440	DNAH9	Intron
chr17	11763440	11763614	DNAH9	Exon/CDS
chr17	11763614	11768453	DNAH9	Intron
chr17	11768453	11768626	DNAH9	Exon/CDS
chr17	11768626	11769122	DNAH9	Intron
chr17	11769122	11769329	DNAH9	Exon/CDS
chr17	11769329	11781009	DNAH9	Intron
chr17	11781009	11781174	DNAH9	Exon/CDS
chr17	11781174	11783646	DNAH9	Intron
chr17	11783646	11783748	DNAH9	Exon/CDS
chr17	11783748	11784300	DNAH9	Intron
chr17	11784300	11784539	DNAH9	Exon/CDS
chr17	11784539	11793503	DNAH9	Intron
chr17	11793503	11793664	DNAH9	Exon/CDS
chr17	11793664	11797597	DNAH9	Intron
chr17	11797597	11797793	DNAH9	Exon/CDS
chr17	11797793	11807732	DNAH9	Intron
chr17	11807732	11807894	DNAH9	Exon/CDS
chr17	11807894	11810246	DNAH9	Intron
chr17	11810246	11810369	DNAH9	Exon/CDS
chr17	11810369	11821920	DNAH9	Intron
chr17	11821920	11822062	DNAH9	Exon/CDS
chr17	11822062	11822438	DNAH9	Intron
chr17	11822438	11822599	DNAH9	Exon/CDS
chr17	11822599	11822801	DNAH9	Intron
chr17	11822801	11823034	DNAH9	Exon/CDS
chr17	11823034	11834638	DNAH9	Intron
chr17	11834638	11834898	DNAH9	Exon/CDS
chr17	11834898	11854003	DNAH9	Intron
chr17	11854003	11854428	DNAH9	Exon/CDS
chr17	11854428	11869134	DNAH9	Intron
chr17	11869134	11869253	DNAH9	Exon/CDS
chr17	11869253	11871598	DNAH9	Intron
chr17	11871598	11871786	DNAH9	Exon/CDS
chr17	11871786	11874949	DNAH9	Intron
chr17	11874949	11875184	DNAH9	Exon/CDS
chr17	11875184	11880078	DNAH9	Intron
chr17	11880078	11880200	DNAH9	Exon/CDS
chr17	11880200	11881209	DNAH9	Intron
chr17	11881209	11881413	DNAH9	Exon/CDS
chr17	11881413	11883586	DNAH9	Intron
chr17	11883586	11883750	DNAH9	Exon/CDS
chr17	11883750	11886825	DNAH9	Intron
chr17	11886825	11886965	DNAH9	Exon/CDS
chr17	11886965	11891777	DNAH9	Intron
chr17	11891777	11891947	DNAH9	Exon/CDS
chr17	11891947	11894374	DNAH9	Intron
chr17	11894374	11894496	DNAH9	Exon/CDS
chr17	11894496	11902719	DNAH9	Intron
chr17	11902719	11902912	DNAH9	Exon/CDS
chr17	11902912	11905661	DNAH9	Intron
chr17	11905661	11905809	DNAH9	Exon/CDS
chr17	11905809	11923814	DNAH9	Intron
chr17	11923814	11923941	DNAH9	Exon/CDS
chr17	11923941	11929866	DNAH9	Intron
chr17	11929866	11930093	DNAH9	Exon/CDS
chr17	11930093	11932014	DNAH9	Intron
chr17	11932014	11932205	DNAH9	Exon/CDS
chr17	11932205	11933880	DNAH9	Intron
chr17	11933880	11934071	DNAH9	Exon/CDS
chr17	11934071	11937352	DNAH9	Intron
chr17	11937352	11937522	DNAH9	Exon/CDS
chr17	11937522	11942303	DNAH9	Intron
chr17	11942303	11942485	DNAH9	Exon/CDS
chr17	11942485	11961867	DNAH9	Intron
chr17	11961867	11962256	DNAH9	Exon/CDS
chr17	11962256	11969300	DNAH9	Intron
chr17	11969300	11969527	DNAH9	Exon/CDS
chr17	11969527	11969748	DNAH9	Flanking Down
chr5	34928559	34929820	DNAJC21	Flanking Up
chr5	34929820	34929916	DNAJC21	Exon/CDS
chr5	34929916	34933815	DNAJC21	Intron
chr5	34933815	34933908	DNAJC21	Exon/CDS
chr5	34933908	34935710	DNAJC21	Intron
chr5	34935710	34935833	DNAJC21	Exon/CDS
chr5	34935833	34936144	DNAJC21	Intron
chr5	34936144	34936266	DNAJC21	Exon/CDS
chr5	34936266	34937326	DNAJC21	Intron
chr5	34937326	34937630	DNAJC21	Exon/CDS
chr5	34937630	34938858	DNAJC21	Intron
chr5	34938858	34939009	DNAJC21	Exon/CDS
chr5	34939009	34941096	DNAJC21	Intron
chr5	34941096	34941183	DNAJC21	Exon/CDS
chr5	34941183	34944867	DNAJC21	Intron
chr5	34944867	34945025	DNAJC21	Exon/CDS
chr5	34945025	34945761	DNAJC21	Intron
chr5	34945761	34945803	DNAJC21	Exon/CDS
chr5	34945803	34950170	DNAJC21	Intron
chr5	34950170	34950342	DNAJC21	Exon/CDS
chr5	34950342	34953926	DNAJC21	Intron
chr5	34953926	34954001	DNAJC21	Exon/CDS
chr5	34954001	34954553	DNAJC21	Intron
chr5	34954553	34954714	DNAJC21	Exon/CDS
chr5	34954714	34958964	DNAJC21	Flanking Down
chr9	213854	214977	DOCK8	Flanking Up
chr9	214977	215029	DOCK8	Exon/CDS
chr9	215029	271627	DOCK8	Intron
chr9	271627	271729	DOCK8	Exon/CDS
chr9	271729	286461	DOCK8	Intron
chr9	286461	286636	DOCK8	Exon/CDS
chr9	286636	289510	DOCK8	Intron
chr9	289510	289581	DOCK8	Exon/CDS
chr9	289581	304581	DOCK8	Intron
chr9	304581	304704	DOCK8	Exon/CDS
chr9	304704	311954	DOCK8	Intron
chr9	311954	312166	DOCK8	Exon/CDS
chr9	312166	317043	DOCK8	Intron
chr9	317043	317128	DOCK8	Exon/CDS
chr9	317128	325671	DOCK8	Intron
chr9	325671	325737	DOCK8	Exon/CDS
chr9	325737	328022	DOCK8	Intron
chr9	328022	328171	DOCK8	Exon/CDS
chr9	328171	332398	DOCK8	Intron
chr9	332398	332478	DOCK8	Exon/CDS
chr9	332478	334225	DOCK8	Intron
chr9	334225	334384	DOCK8	Exon/CDS
chr9	334384	336582	DOCK8	Intron
chr9	336582	336718	DOCK8	Exon/CDS
chr9	336718	339006	DOCK8	Intron
chr9	339006	339099	DOCK8	Exon/CDS
chr9	339099	340159	DOCK8	Intron
chr9	340159	340321	DOCK8	Exon/CDS
chr9	340321	368018	DOCK8	Intron
chr9	368018	368135	DOCK8	Exon/CDS
chr9	368135	370230	DOCK8	Intron
chr9	370230	370300	DOCK8	Exon/CDS
chr9	370300	371428	DOCK8	Intron
chr9	371428	371566	DOCK8	Exon/CDS
chr9	371566	372185	DOCK8	Intron
chr9	372185	372286	DOCK8	Exon/CDS
chr9	372286	376210	DOCK8	Intron
chr9	376210	376305	DOCK8	Exon/CDS
chr9	376305	376977	DOCK8	Intron
chr9	376977	377211	DOCK8	Exon/CDS
chr9	377211	379771	DOCK8	Intron
chr9	379771	379935	DOCK8	Exon/CDS
chr9	379935	382513	DOCK8	Intron
chr9	382513	382685	DOCK8	Exon/CDS
chr9	382685	386331	DOCK8	Intron
chr9	386331	386426	DOCK8	Exon/CDS
chr9	386426	390471	DOCK8	Intron
chr9	390471	390566	DOCK8	Exon/CDS
chr9	390566	396785	DOCK8	Intron
chr9	396785	396934	DOCK8	Exon/CDS
chr9	396934	399146	DOCK8	Intron
chr9	399146	399259	DOCK8	Exon/CDS
chr9	399259	404918	DOCK8	Intron
chr9	404918	405073	DOCK8	Exon/CDS
chr9	405073	406930	DOCK8	Intron
chr9	406930	407069	DOCK8	Exon/CDS
chr9	407069	414782	DOCK8	Intron
chr9	414782	414951	DOCK8	Exon/CDS
chr9	414951	418068	DOCK8	Intron
chr9	418068	418207	DOCK8	Exon/CDS
chr9	418207	420401	DOCK8	Intron
chr9	420401	420583	DOCK8	Exon/CDS
chr9	420583	420949	DOCK8	Intron
chr9	420949	421078	DOCK8	Exon/CDS
chr9	421078	422048	DOCK8	Intron
chr9	422048	422135	DOCK8	Exon/CDS
chr9	422135	426885	DOCK8	Intron
chr9	426885	426981	DOCK8	Exon/CDS
chr9	426981	428362	DOCK8	Intron
chr9	428362	428496	DOCK8	Exon/CDS
chr9	428496	429702	DOCK8	Intron
chr9	429702	429854	DOCK8	Exon/CDS
chr9	429854	432166	DOCK8	Intron
chr9	432166	432324	DOCK8	Exon/CDS
chr9	432324	433875	DOCK8	Intron
chr9	433875	433975	DOCK8	Exon/CDS
chr9	433975	434783	DOCK8	Intron
chr9	434783	434975	DOCK8	Exon/CDS
chr9	434975	439245	DOCK8	Intron
chr9	439245	439388	DOCK8	Exon/CDS
chr9	439388	441286	DOCK8	Intron
chr9	441286	441417	DOCK8	Exon/CDS
chr9	441417	441875	DOCK8	Intron
chr9	441875	442009	DOCK8	Exon/CDS
chr9	442009	443427	DOCK8	Intron
chr9	443427	443516	DOCK8	Exon/CDS
chr9	443516	446370	DOCK8	Intron
chr9	446370	446606	DOCK8	Exon/CDS
chr9	446606	449784	DOCK8	Intron
chr9	449784	449927	DOCK8	Exon/CDS
chr9	449927	452011	DOCK8	Intron
chr9	452011	452117	DOCK8	Exon/CDS
chr9	452117	463517	DOCK8	Intron
chr9	463517	463687	DOCK8	Exon/CDS
chr9	463687	464159	DOCK8	Intron
chr9	464159	464219	DOCK8	Exon/CDS
chr9	464219	465259	DOCK8	Flanking Down
chr1	97077743	97078976	DPYD	Flanking Up
chr1	97078976	97079146	DPYD	Exon/CDS
chr1	97079146	97082330	DPYD	Intron
chr1	97082330	97082470	DPYD	Exon/CDS
chr1	97082470	97098489	DPYD	Intron
chr1	97098489	97098632	DPYD	Exon/CDS
chr1	97098632	97193069	DPYD	Intron
chr1	97193069	97193248	DPYD	Exon/CDS
chr1	97193248	97234852	DPYD	Intron
chr1	97234852	97234994	DPYD	Exon/CDS
chr1	97234994	97305259	DPYD	Intron
chr1	97305259	97305378	DPYD	Exon/CDS
chr1	97305378	97306177	DPYD	Intron
chr1	97306177	97306297	DPYD	Exon/CDS
chr1	97306297	97373561	DPYD	Intron
chr1	97373561	97373644	DPYD	Exon/CDS
chr1	97373644	97382393	DPYD	Intron
chr1	97382393	97382461	DPYD	Exon/CDS
chr1	97382461	97450059	DPYD	Intron
chr1	97450059	97450223	DPYD	Exon/CDS
chr1	97450223	97515726	DPYD	Intron
chr1	97515726	97515941	DPYD	Exon/CDS
chr1	97515941	97549560	DPYD	Intron
chr1	97549560	97549744	DPYD	Exon/CDS
chr1	97549744	97573760	DPYD	Intron
chr1	97573760	97573970	DPYD	Exon/CDS
chr1	97573970	97593218	DPYD	Intron
chr1	97593218	97593387	DPYD	Exon/CDS
chr1	97593387	97595059	DPYD	Intron
chr1	97595059	97595166	DPYD	Exon/CDS
chr1	97595166	97679095	DPYD	Intron
chr1	97679095	97679182	DPYD	Exon/CDS
chr1	97679182	97691717	DPYD	Intron
chr1	97691717	97691798	DPYD	Exon/CDS
chr1	97691798	97699351	DPYD	Intron
chr1	97699351	97699547	DPYD	Exon/CDS
chr1	97699547	97721510	DPYD	Intron
chr1	97721510	97721671	DPYD	Exon/CDS
chr1	97721671	97740392	DPYD	Intron
chr1	97740392	97740479	DPYD	Exon/CDS
chr1	97740479	97828114	DPYD	Intron
chr1	97828114	97828196	DPYD	Exon/CDS
chr1	97828196	97883264	DPYD	Intron
chr1	97883264	97883374	DPYD	Exon/CDS
chr1	97883374	97920884	DPYD	Intron
chr1	97920884	97920922	DPYD	Exon/CDS
chr1	97920922	97996000	DPYD	Flanking Down
chr15	82130206	82130373	EFL1	Flanking Up
chr15	82130373	82130561	EFL1	Exon/CDS
chr15	82130561	82138658	EFL1	Intron
chr15	82138658	82138842	EFL1	Exon/CDS
chr15	82138842	82151465	EFL1	Intron
chr15	82151465	82152423	EFL1	Exon/CDS
chr15	82152423	82157713	EFL1	Intron
chr15	82157713	82157860	EFL1	Exon/CDS
chr15	82157860	82163853	EFL1	Intron
chr15	82163853	82163984	EFL1	Exon/CDS
chr15	82163984	82214717	EFL1	Intron
chr15	82214717	82214855	EFL1	Exon/CDS
chr15	82214855	82219652	EFL1	Intron
chr15	82219652	82219818	EFL1	Exon/CDS
chr15	82219818	82220078	EFL1	Intron
chr15	82220078	82220229	EFL1	Exon/CDS
chr15	82220229	82225165	EFL1	Intron
chr15	82225165	82225264	EFL1	Exon/CDS
chr15	82225264	82227450	EFL1	Intron
chr15	82227450	82227572	EFL1	Exon/CDS
chr15	82227572	82228191	EFL1	Intron
chr15	82228191	82228327	EFL1	Exon/CDS
chr15	82228327	82229034	EFL1	Intron
chr15	82229034	82229110	EFL1	Exon/CDS
chr15	82229110	82230848	EFL1	Intron
chr15	82230848	82230971	EFL1	Exon/CDS
chr15	82230971	82238307	EFL1	Intron
chr15	82238307	82238521	EFL1	Exon/CDS
chr15	82238521	82240418	EFL1	Intron
chr15	82240418	82240555	EFL1	Exon/CDS
chr15	82240555	82241270	EFL1	Intron
chr15	82241270	82241403	EFL1	Exon/CDS
chr15	82241403	82252691	EFL1	Intron
chr15	82252691	82252775	EFL1	Exon/CDS
chr15	82252775	82259088	EFL1	Intron
chr15	82259088	82259155	EFL1	Exon/CDS
chr15	82259155	82261688	EFL1	Intron
chr15	82261688	82261778	EFL1	Exon/CDS
chr15	82261778	82263773	EFL1	Flanking Down
chr7	55018017	55019278	EGFR	Flanking Up
chr7	55019278	55019365	EGFR	Exon/CDS
chr7	55019365	55142286	EGFR	Intron
chr7	55142286	55142437	EGFR	Exon/CDS
chr7	55142437	55143305	EGFR	Intron
chr7	55143305	55143488	EGFR	Exon/CDS
chr7	55143488	55146606	EGFR	Intron
chr7	55146606	55146740	EGFR	Exon/CDS
chr7	55146740	55151294	EGFR	Intron
chr7	55151294	55151362	EGFR	Exon/CDS
chr7	55151362	55152546	EGFR	Intron
chr7	55152546	55152664	EGFR	Exon/CDS
chr7	55152664	55154011	EGFR	Intron
chr7	55154011	55154152	EGFR	Exon/CDS
chr7	55154152	55155830	EGFR	Intron
chr7	55155830	55155946	EGFR	Exon/CDS
chr7	55155946	55156533	EGFR	Intron
chr7	55156533	55156659	EGFR	Exon/CDS
chr7	55156659	55156759	EGFR	Intron
chr7	55156759	55156832	EGFR	Exon/CDS
chr7	55156832	55157663	EGFR	Intron
chr7	55157663	55157753	EGFR	Exon/CDS
chr7	55157753	55160139	EGFR	Intron
chr7	55160139	55160338	EGFR	Exon/CDS
chr7	55160338	55161499	EGFR	Intron
chr7	55161499	55161631	EGFR	Exon/CDS
chr7	55161631	55163733	EGFR	Intron
chr7	55163733	55163823	EGFR	Exon/CDS
chr7	55163823	55165280	EGFR	Intron
chr7	55165280	55165437	EGFR	Exon/CDS
chr7	55165437	55171175	EGFR	Intron
chr7	55171175	55171213	EGFR	Exon/CDS
chr7	55171213	55172983	EGFR	Intron
chr7	55172983	55173124	EGFR	Exon/CDS
chr7	55173124	55173921	EGFR	Intron
chr7	55173921	55174043	EGFR	Exon/CDS
chr7	55174043	55174722	EGFR	Intron
chr7	55174722	55174820	EGFR	Exon/CDS
chr7	55174820	55181293	EGFR	Intron
chr7	55181293	55181478	EGFR	Exon/CDS
chr7	55181478	55191719	EGFR	Intron
chr7	55191719	55191874	EGFR	Exon/CDS
chr7	55191874	55192766	EGFR	Intron
chr7	55192766	55192841	EGFR	Exon/CDS
chr7	55192841	55198717	EGFR	Intron
chr7	55198717	55198863	EGFR	Exon/CDS
chr7	55198863	55200316	EGFR	Intron
chr7	55200316	55200413	EGFR	Exon/CDS
chr7	55200413	55201188	EGFR	Intron
chr7	55201188	55201355	EGFR	Exon/CDS
chr7	55201355	55201735	EGFR	Intron
chr7	55201735	55201782	EGFR	Exon/CDS
chr7	55201782	55202517	EGFR	Intron
chr7	55202517	55202625	EGFR	Exon/CDS
chr7	55202625	55205256	EGFR	Intron
chr7	55205256	55205617	EGFR	Exon/CDS
chr7	55205617	55211628	EGFR	Flanking Down
chr19	850014	852329	ELANE	Flanking Up
chr19	852329	852395	ELANE	Exon/CDS
chr19	852395	852876	ELANE	Intron
chr19	852876	853032	ELANE	Exon/CDS
chr19	853032	853262	ELANE	Intron
chr19	853262	853403	ELANE	Exon/CDS
chr19	853403	855564	ELANE	Intron
chr19	855564	855794	ELANE	Exon/CDS
chr19	855794	855958	ELANE	Intron
chr19	855958	856164	ELANE	Exon/CDS
chr19	856164	856247	ELANE	Flanking Down
chr9	108866898	108869115	ELP1	Flanking Up
chr9	108869115	108869182	ELP1	Exon/CDS
chr9	108869182	108874895	ELP1	Intron
chr9	108874895	108874970	ELP1	Exon/CDS
chr9	108874970	108877995	ELP1	Intron
chr9	108877995	108878149	ELP1	Exon/CDS
chr9	108878149	108878623	ELP1	Intron
chr9	108878623	108878750	ELP1	Exon/CDS
chr9	108878750	108879446	ELP1	Intron
chr9	108879446	108879557	ELP1	Exon/CDS
chr9	108879557	108880052	ELP1	Intron
chr9	108880052	108880165	ELP1	Exon/CDS
chr9	108880165	108881705	ELP1	Intron
chr9	108881705	108881765	ELP1	Exon/CDS
chr9	108881765	108882125	ELP1	Intron
chr9	108882125	108882187	ELP1	Exon/CDS
chr9	108882187	108889332	ELP1	Intron
chr9	108889332	108889393	ELP1	Exon/CDS
chr9	108889393	108891203	ELP1	Intron
chr9	108891203	108891404	ELP1	Exon/CDS
chr9	108891404	108892986	ELP1	Intron
chr9	108892986	108893083	ELP1	Exon/CDS
chr9	108893083	108893943	ELP1	Intron
chr9	108893943	108894066	ELP1	Exon/CDS
chr9	108894066	108896496	ELP1	Intron
chr9	108896496	108896644	ELP1	Exon/CDS
chr9	108896644	108896953	ELP1	Intron
chr9	108896953	108897038	ELP1	Exon/CDS
chr9	108897038	108897148	ELP1	Intron
chr9	108897148	108897285	ELP1	Exon/CDS
chr9	108897285	108898502	ELP1	Intron
chr9	108898502	108898581	ELP1	Exon/CDS
chr9	108898581	108898671	ELP1	Intron
chr9	108898671	108898749	ELP1	Exon/CDS
chr9	108898749	108899822	ELP1	Intron
chr9	108899822	108899895	ELP1	Exon/CDS
chr9	108899895	108900260	ELP1	Intron
chr9	108900260	108900375	ELP1	Exon/CDS
chr9	108900375	108901425	ELP1	Intron
chr9	108901425	108901530	ELP1	Exon/CDS
chr9	108901530	108901628	ELP1	Intron
chr9	108901628	108901681	ELP1	Exon/CDS
chr9	108901681	108902839	ELP1	Intron
chr9	108902839	108902942	ELP1	Exon/CDS
chr9	108902942	108903563	ELP1	Intron
chr9	108903563	108903669	ELP1	Exon/CDS
chr9	108903669	108906303	ELP1	Intron
chr9	108906303	108906485	ELP1	Exon/CDS
chr9	108906485	108908305	ELP1	Intron
chr9	108908305	108908404	ELP1	Exon/CDS
chr9	108908404	108911010	ELP1	Intron
chr9	108911010	108911180	ELP1	Exon/CDS
chr9	108911180	108912264	ELP1	Intron
chr9	108912264	108912494	ELP1	Exon/CDS
chr9	108912494	108916204	ELP1	Intron
chr9	108916204	108916297	ELP1	Exon/CDS
chr9	108916297	108917547	ELP1	Intron
chr9	108917547	108917670	ELP1	Exon/CDS
chr9	108917670	108918811	ELP1	Intron
chr9	108918811	108918901	ELP1	Exon/CDS
chr9	108918901	108919253	ELP1	Intron
chr9	108919253	108919349	ELP1	Exon/CDS
chr9	108919349	108922842	ELP1	Intron
chr9	108922842	108922927	ELP1	Exon/CDS
chr9	108922927	108926523	ELP1	Intron
chr9	108926523	108926603	ELP1	Exon/CDS
chr9	108926603	108927372	ELP1	Intron
chr9	108927372	108927453	ELP1	Exon/CDS
chr9	108927453	108929769	ELP1	Intron
chr9	108929769	108929921	ELP1	Exon/CDS
chr9	108929921	108930997	ELP1	Intron
chr9	108930997	108931146	ELP1	Exon/CDS
chr9	108931146	108935328	ELP1	Flanking Down
chr2	47344158	47369506	EPCAM	Flanking Up
chr2	47369506	47369581	EPCAM	Exon/CDS
chr2	47369581	47373463	EPCAM	Intron
chr2	47373463	47373570	EPCAM	Exon/CDS
chr2	47373570	47373808	EPCAM	Intron
chr2	47373808	47374048	EPCAM	Exon/CDS
chr2	47374048	47375234	EPCAM	Intron
chr2	47375234	47375299	EPCAM	Exon/CDS
chr2	47375299	47377014	EPCAM	Intron
chr2	47377014	47377077	EPCAM	Exon/CDS
chr2	47377077	47378953	EPCAM	Intron
chr2	47378953	47379054	EPCAM	Exon/CDS
chr2	47379054	47379769	EPCAM	Intron
chr2	47379769	47379969	EPCAM	Exon/CDS
chr2	47379969	47385166	EPCAM	Intron
chr2	47385166	47385210	EPCAM	Exon/CDS
chr2	47385210	47386572	EPCAM	Intron
chr2	47386572	47386613	EPCAM	Exon/CDS
chr2	47386613	47387601	EPCAM	Flanking Down
chr19	45407334	45409675	ERCC1	Flanking Up
chr19	45409675	45409725	ERCC1	Exon/CDS
chr19	45409725	45413677	ERCC1	Intron
chr19	45413677	45413745	ERCC1	Exon/CDS
chr19	45413745	45413963	ERCC1	Intron
chr19	45413963	45414034	ERCC1	Exon/CDS
chr19	45414034	45414861	ERCC1	Intron
chr19	45414861	45414960	ERCC1	Exon/CDS
chr19	45414960	45416821	ERCC1	Intron
chr19	45416821	45416897	ERCC1	Exon/CDS
chr19	45416897	45419098	ERCC1	Intron
chr19	45419098	45419197	ERCC1	Exon/CDS
chr19	45419197	45420324	ERCC1	Intron
chr19	45420324	45420427	ERCC1	Exon/CDS
chr19	45420427	45421178	ERCC1	Intron
chr19	45421178	45421393	ERCC1	Exon/CDS
chr19	45421393	45423270	ERCC1	Intron
chr19	45423270	45423374	ERCC1	Exon/CDS
chr19	45423374	45479828	ERCC1	Flanking Down
chr19	45349837	45351629	ERCC2	Flanking Up
chr19	45351629	45351721	ERCC2	Exon/CDS
chr19	45351721	45352209	ERCC2	Intron
chr19	45352209	45352352	ERCC2	Exon/CDS
chr19	45352352	45352506	ERCC2	Intron
chr19	45352506	45352649	ERCC2	Exon/CDS
chr19	45352649	45352746	ERCC2	Intron
chr19	45352746	45352816	ERCC2	Exon/CDS
chr19	45352816	45353083	ERCC2	Intron
chr19	45353083	45353155	ERCC2	Exon/CDS
chr19	45353155	45353242	ERCC2	Intron
chr19	45353242	45353334	ERCC2	Exon/CDS
chr19	45353334	45354730	ERCC2	Intron
chr19	45354730	45354851	ERCC2	Exon/CDS
chr19	45354851	45355665	ERCC2	Intron
chr19	45355665	45355728	ERCC2	Exon/CDS
chr19	45355728	45357270	ERCC2	Intron
chr19	45357270	45357371	ERCC2	Exon/CDS
chr19	45357371	45357474	ERCC2	Intron
chr19	45357474	45357543	ERCC2	Exon/CDS
chr19	45357543	45357630	ERCC2	Intron
chr19	45357630	45357699	ERCC2	Exon/CDS
chr19	45357699	45361524	ERCC2	Intron
chr19	45361524	45361642	ERCC2	Exon/CDS
chr19	45361642	45363743	ERCC2	Intron
chr19	45363743	45363911	ERCC2	Exon/CDS
chr19	45363911	45363986	ERCC2	Intron
chr19	45363986	45364119	ERCC2	Exon/CDS
chr19	45364119	45364235	ERCC2	Intron
chr19	45364235	45364331	ERCC2	Exon/CDS
chr19	45364331	45364424	ERCC2	Intron
chr19	45364424	45364547	ERCC2	Exon/CDS
chr19	45364547	45364838	ERCC2	Intron
chr19	45364838	45364954	ERCC2	Exon/CDS
chr19	45364954	45365042	ERCC2	Intron
chr19	45365042	45365158	ERCC2	Exon/CDS
chr19	45365158	45368630	ERCC2	Intron
chr19	45368630	45368743	ERCC2	Exon/CDS
chr19	45368743	45368930	ERCC2	Intron
chr19	45368930	45368992	ERCC2	Exon/CDS
chr19	45368992	45369070	ERCC2	Intron
chr19	45369070	45369147	ERCC2	Exon/CDS
chr19	45369147	45370133	ERCC2	Intron
chr19	45370133	45370232	ERCC2	Exon/CDS
chr19	45370232	45370536	ERCC2	Intron
chr19	45370536	45370540	ERCC2	Exon/CDS
chr19	45370540	45371918	ERCC2	Flanking Down
chr2	127257290	127257596	ERCC3	Flanking Up
chr2	127257596	127257727	ERCC3	Exon/CDS
chr2	127257727	127259296	ERCC3	Intron
chr2	127259296	127259448	ERCC3	Exon/CDS
chr2	127259448	127261228	ERCC3	Intron
chr2	127261228	127261346	ERCC3	Exon/CDS
chr2	127261346	127271336	ERCC3	Intron
chr2	127271336	127271453	ERCC3	Exon/CDS
chr2	127271453	127272865	ERCC3	Intron
chr2	127272865	127272961	ERCC3	Exon/CDS
chr2	127272961	127279173	ERCC3	Intron
chr2	127279173	127279375	ERCC3	Exon/CDS
chr2	127279375	127280447	ERCC3	Intron
chr2	127280447	127280631	ERCC3	Exon/CDS
chr2	127280631	127286703	ERCC3	Intron
chr2	127286703	127287017	ERCC3	Exon/CDS
chr2	127287017	127288660	ERCC3	Intron
chr2	127288660	127288864	ERCC3	Exon/CDS
chr2	127288864	127289337	ERCC3	Intron
chr2	127289337	127289501	ERCC3	Exon/CDS
chr2	127289501	127289689	ERCC3	Intron
chr2	127289689	127289824	ERCC3	Exon/CDS
chr2	127289824	127290224	ERCC3	Intron
chr2	127290224	127290273	ERCC3	Exon/CDS
chr2	127290273	127292610	ERCC3	Intron
chr2	127292610	127292846	ERCC3	Exon/CDS
chr2	127292846	127293513	ERCC3	Intron
chr2	127293513	127293718	ERCC3	Exon/CDS
chr2	127293718	127294054	ERCC3	Intron
chr2	127294054	127294081	ERCC3	Exon/CDS
chr2	127294081	127295166	ERCC3	Flanking Down
chr16	13919138	13920166	ERCC4	Flanking Up
chr16	13920166	13920372	ERCC4	Exon/CDS
chr16	13920372	13922031	ERCC4	Intron
chr16	13922031	13922211	ERCC4	Exon/CDS
chr16	13922211	13926561	ERCC4	Intron
chr16	13926561	13926756	ERCC4	Exon/CDS
chr16	13926756	13928028	ERCC4	Intron
chr16	13928028	13928235	ERCC4	Exon/CDS
chr16	13928235	13930710	ERCC4	Intron
chr16	13930710	13930890	ERCC4	Exon/CDS
chr16	13930890	13932157	ERCC4	Intron
chr16	13932157	13932285	ERCC4	Exon/CDS
chr16	13932285	13934192	ERCC4	Intron
chr16	13934192	13934302	ERCC4	Exon/CDS
chr16	13934302	13935146	ERCC4	Intron
chr16	13935146	13935743	ERCC4	Exon/CDS
chr16	13935743	13937766	ERCC4	Intron
chr16	13937766	13937858	ERCC4	Exon/CDS
chr16	13937858	13944723	ERCC4	Intron
chr16	13944723	13944835	ERCC4	Exon/CDS
chr16	13944835	13947614	ERCC4	Intron
chr16	13947614	13948347	ERCC4	Exon/CDS
chr16	13948347	13952348	ERCC4	Flanking Down
chr13	102844831	102846267	ERCC5	Flanking Up
chr13	102846267	102846354	ERCC5	Exon/CDS
chr13	102846354	102852118	ERCC5	Intron
chr13	102852118	102852293	ERCC5	Exon/CDS
chr13	102852293	102853757	ERCC5	Intron
chr13	102853757	102853872	ERCC5	Exon/CDS
chr13	102853872	102854288	ERCC5	Intron
chr13	102854288	102854374	ERCC5	Exon/CDS
chr13	102854374	102856052	ERCC5	Intron
chr13	102856052	102856112	ERCC5	Exon/CDS
chr13	102856112	102858275	ERCC5	Intron
chr13	102858275	102858418	ERCC5	Exon/CDS
chr13	102858418	102861507	ERCC5	Intron
chr13	102861507	102861714	ERCC5	Exon/CDS
chr13	102861714	102862030	ERCC5	Intron
chr13	102862030	102863103	ERCC5	Exon/CDS
chr13	102863103	102865667	ERCC5	Intron
chr13	102865667	102865911	ERCC5	Exon/CDS
chr13	102865911	102866262	ERCC5	Intron
chr13	102866262	102866381	ERCC5	Exon/CDS
chr13	102866381	102866632	ERCC5	Intron
chr13	102866632	102866845	ERCC5	Exon/CDS
chr13	102866845	102868113	ERCC5	Intron
chr13	102868113	102868257	ERCC5	Exon/CDS
chr13	102868257	102872198	ERCC5	Intron
chr13	102872198	102872398	ERCC5	Exon/CDS
chr13	102872398	102873259	ERCC5	Intron
chr13	102873259	102873343	ERCC5	Exon/CDS
chr13	102873343	102875307	ERCC5	Intron
chr13	102875307	102875903	ERCC5	Exon/CDS
chr13	102875903	102875995	ERCC5	Flanking Down
chr9	95870264	95876039	ERCC6L2	Flanking Up
chr9	95876039	95876084	ERCC6L2	Exon/CDS
chr9	95876084	95880869	ERCC6L2	Intron
chr9	95880869	95881293	ERCC6L2	Exon/CDS
chr9	95881293	95897849	ERCC6L2	Intron
chr9	95897849	95897971	ERCC6L2	Exon/CDS
chr9	95897971	95907078	ERCC6L2	Intron
chr9	95907078	95907271	ERCC6L2	Exon/CDS
chr9	95907271	95915668	ERCC6L2	Intron
chr9	95915668	95915829	ERCC6L2	Exon/CDS
chr9	95915829	95916227	ERCC6L2	Intron
chr9	95916227	95916434	ERCC6L2	Exon/CDS
chr9	95916434	95921175	ERCC6L2	Intron
chr9	95921175	95921315	ERCC6L2	Exon/CDS
chr9	95921315	95922305	ERCC6L2	Intron
chr9	95922305	95922418	ERCC6L2	Exon/CDS
chr9	95922418	95923260	ERCC6L2	Intron
chr9	95923260	95923379	ERCC6L2	Exon/CDS
chr9	95923379	95928079	ERCC6L2	Intron
chr9	95928079	95928150	ERCC6L2	Exon/CDS
chr9	95928150	95928719	ERCC6L2	Intron
chr9	95928719	95928864	ERCC6L2	Exon/CDS
chr9	95928864	95941454	ERCC6L2	Intron
chr9	95941454	95941549	ERCC6L2	Exon/CDS
chr9	95941549	95955914	ERCC6L2	Intron
chr9	95955914	95956013	ERCC6L2	Exon/CDS
chr9	95956013	95966562	ERCC6L2	Intron
chr9	95966562	95966714	ERCC6L2	Exon/CDS
chr9	95966714	95970576	ERCC6L2	Intron
chr9	95970576	95970656	ERCC6L2	Exon/CDS
chr9	95970656	95971933	ERCC6L2	Intron
chr9	95971933	95973088	ERCC6L2	Exon/CDS
chr9	95973088	95978061	ERCC6L2	Intron
chr9	95978061	95978215	ERCC6L2	Exon/CDS
chr9	95978215	96004520	ERCC6L2	Intron
chr9	96004520	96004701	ERCC6L2	Exon/CDS
chr9	96004701	96012225	ERCC6L2	Intron
chr9	96012225	96013203	ERCC6L2	Exon/CDS
chr9	96013203	96121154	ERCC6L2	Flanking Down
chr12	11648674	11650128	ETV6	Flanking Up
chr12	11650128	11650160	ETV6	Exon/CDS
chr12	11650160	11752450	ETV6	Intron
chr12	11752450	11752579	ETV6	Exon/CDS
chr12	11752579	11839140	ETV6	Intron
chr12	11839140	11839304	ETV6	Exon/CDS
chr12	11839304	11853427	ETV6	Intron
chr12	11853427	11853561	ETV6	Exon/CDS
chr12	11853561	11869424	ETV6	Intron
chr12	11869424	11869969	ETV6	Exon/CDS
chr12	11869969	11884445	ETV6	Intron
chr12	11884445	11884587	ETV6	Exon/CDS
chr12	11884587	11885926	ETV6	Intron
chr12	11885926	11886026	ETV6	Exon/CDS
chr12	11886026	11890941	ETV6	Intron
chr12	11890941	11891046	ETV6	Exon/CDS
chr12	11891046	11895377	ETV6	Flanking Down
chr8	117794490	117799712	EXT1	Flanking Up
chr8	117799712	117799897	EXT1	Exon/CDS
chr8	117799897	117804722	EXT1	Intron
chr8	117804722	117804893	EXT1	Exon/CDS
chr8	117804893	117807217	EXT1	Intron
chr8	117807217	117807377	EXT1	Exon/CDS
chr8	117807377	117812872	EXT1	Intron
chr8	117812872	117812961	EXT1	Exon/CDS
chr8	117812961	117818435	EXT1	Intron
chr8	117818435	117818530	EXT1	Exon/CDS
chr8	117818530	117819676	EXT1	Intron
chr8	117819676	117819794	EXT1	Exon/CDS
chr8	117819794	117822465	EXT1	Intron
chr8	117822465	117822597	EXT1	Exon/CDS
chr8	117822597	117830230	EXT1	Intron
chr8	117830230	117830349	EXT1	Exon/CDS
chr8	117830349	117835444	EXT1	Intron
chr8	117835444	117835551	EXT1	Exon/CDS
chr8	117835551	117837108	EXT1	Intron
chr8	117837108	117837201	EXT1	Exon/CDS
chr8	117837201	118110085	EXT1	Intron
chr8	118110085	118111046	EXT1	Exon/CDS
chr8	118111046	118112826	EXT1	Flanking Down
chr11	44094648	44107713	EXT2	Flanking Up
chr11	44107713	44108248	EXT2	Exon/CDS
chr11	44108248	44109194	EXT2	Intron
chr11	44109194	44109283	EXT2	Exon/CDS
chr11	44109283	44114185	EXT2	Intron
chr11	44114185	44114301	EXT2	Exon/CDS
chr11	44114301	44124789	EXT2	Intron
chr11	44124789	44124984	EXT2	Exon/CDS
chr11	44124984	44126816	EXT2	Intron
chr11	44126816	44126955	EXT2	Exon/CDS
chr11	44126955	44130045	EXT2	Intron
chr11	44130045	44130138	EXT2	Exon/CDS
chr11	44130138	44171611	EXT2	Intron
chr11	44171611	44171742	EXT2	Exon/CDS
chr11	44171742	44197829	EXT2	Intron
chr11	44197829	44198018	EXT2	Exon/CDS
chr11	44198018	44206793	EXT2	Intron
chr11	44206793	44206959	EXT2	Exon/CDS
chr11	44206959	44232353	EXT2	Intron
chr11	44232353	44232496	EXT2	Exon/CDS
chr11	44232496	44234115	EXT2	Intron
chr11	44234115	44234243	EXT2	Exon/CDS
chr11	44234243	44236293	EXT2	Intron
chr11	44236293	44236375	EXT2	Exon/CDS
chr11	44236375	44244149	EXT2	Intron
chr11	44244149	44244287	EXT2	Exon/CDS
chr11	44244287	44251962	EXT2	Flanking Down
chr17	81539885	81540819	FAAP100	Flanking Up
chr17	81540819	81540950	FAAP100	Exon/CDS
chr17	81540950	81541309	FAAP100	Intron
chr17	81541309	81541395	FAAP100	Exon/CDS
chr17	81541395	81544004	FAAP100	Intron
chr17	81544004	81544120	FAAP100	Exon/CDS
chr17	81544120	81545746	FAAP100	Intron
chr17	81545746	81545882	FAAP100	Exon/CDS
chr17	81545882	81546909	FAAP100	Intron
chr17	81546909	81547678	FAAP100	Exon/CDS
chr17	81547678	81549206	FAAP100	Intron
chr17	81549206	81549362	FAAP100	Exon/CDS
chr17	81549362	81550248	FAAP100	Intron
chr17	81550248	81551203	FAAP100	Exon/CDS
chr17	81551203	81551928	FAAP100	Intron
chr17	81551928	81552052	FAAP100	Exon/CDS
chr17	81552052	81552166	FAAP100	Intron
chr17	81552166	81552330	FAAP100	Exon/CDS
chr17	81552330	81554961	FAAP100	Flanking Down
chr15	30889559	30904664	FAN1	Flanking Up
chr15	30904664	30905897	FAN1	Exon/CDS
chr15	30905897	30908118	FAN1	Intron
chr15	30908118	30908258	FAN1	Exon/CDS
chr15	30908258	30910614	FAN1	Intron
chr15	30910614	30910815	FAN1	Exon/CDS
chr15	30910815	30913858	FAN1	Intron
chr15	30913858	30914091	FAN1	Exon/CDS
chr15	30914091	30918164	FAN1	Intron
chr15	30918164	30918295	FAN1	Exon/CDS
chr15	30918295	30920545	FAN1	Intron
chr15	30920545	30920653	FAN1	Exon/CDS
chr15	30920653	30922235	FAN1	Intron
chr15	30922235	30922354	FAN1	Exon/CDS
chr15	30922354	30925127	FAN1	Intron
chr15	30925127	30925291	FAN1	Exon/CDS
chr15	30925291	30925789	FAN1	Intron
chr15	30925789	30925939	FAN1	Exon/CDS
chr15	30925939	30928553	FAN1	Intron
chr15	30928553	30928656	FAN1	Exon/CDS
chr15	30928656	30929203	FAN1	Intron
chr15	30929203	30929397	FAN1	Exon/CDS
chr15	30929397	30930543	FAN1	Intron
chr15	30930543	30930671	FAN1	Exon/CDS
chr15	30930671	30937119	FAN1	Intron
chr15	30937119	30937256	FAN1	Exon/CDS
chr15	30937256	30943108	FAN1	Flanking Down
chr16	89726683	89738601	FANCA	Flanking Up
chr16	89738601	89738708	FANCA	Exon/CDS
chr16	89738708	89738882	FANCA	Intron
chr16	89738882	89738974	FANCA	Exon/CDS
chr16	89738974	89739133	FANCA	Intron
chr16	89739133	89739289	FANCA	Exon/CDS
chr16	89739289	89739478	FANCA	Intron
chr16	89739478	89739553	FANCA	Exon/CDS
chr16	89739553	89739994	FANCA	Intron
chr16	89739994	89740099	FANCA	Exon/CDS
chr16	89740099	89740804	FANCA	Intron
chr16	89740804	89740866	FANCA	Exon/CDS
chr16	89740866	89742800	FANCA	Intron
chr16	89742800	89742938	FANCA	Exon/CDS
chr16	89742938	89744959	FANCA	Intron
chr16	89744959	89745071	FANCA	Exon/CDS
chr16	89745071	89746584	FANCA	Intron
chr16	89746584	89746688	FANCA	Exon/CDS
chr16	89746688	89746831	FANCA	Intron
chr16	89746831	89746890	FANCA	Exon/CDS
chr16	89746890	89748659	FANCA	Intron
chr16	89748659	89748767	FANCA	Exon/CDS
chr16	89748767	89749730	FANCA	Intron
chr16	89749730	89749902	FANCA	Exon/CDS
chr16	89749902	89752138	FANCA	Intron
chr16	89752138	89752222	FANCA	Exon/CDS
chr16	89752222	89758577	FANCA	Intron
chr16	89758577	89758705	FANCA	Exon/CDS
chr16	89758705	89761949	FANCA	Intron
chr16	89761949	89762022	FANCA	Exon/CDS
chr16	89762022	89764890	FANCA	Intron
chr16	89764890	89765066	FANCA	Exon/CDS
chr16	89765066	89767141	FANCA	Intron
chr16	89767141	89767237	FANCA	Exon/CDS
chr16	89767237	89769837	FANCA	Intron
chr16	89769837	89770024	FANCA	Exon/CDS
chr16	89770024	89770166	FANCA	Intron
chr16	89770166	89770259	FANCA	Exon/CDS
chr16	89770259	89770564	FANCA	Intron
chr16	89770564	89770634	FANCA	Exon/CDS
chr16	89770634	89771678	FANCA	Intron
chr16	89771678	89771814	FANCA	Exon/CDS
chr16	89771814	89773271	FANCA	Intron
chr16	89773271	89773384	FANCA	Exon/CDS
chr16	89773384	89775742	FANCA	Intron
chr16	89775742	89775815	FANCA	Exon/CDS
chr16	89775815	89778801	FANCA	Intron
chr16	89778801	89778850	FANCA	Exon/CDS
chr16	89778850	89778943	FANCA	Intron
chr16	89778943	89779003	FANCA	Exon/CDS
chr16	89779003	89779869	FANCA	Intron
chr16	89779869	89779957	FANCA	Exon/CDS
chr16	89779957	89782859	FANCA	Intron
chr16	89782859	89782918	FANCA	Exon/CDS
chr16	89782918	89783007	FANCA	Intron
chr16	89783007	89783102	FANCA	Exon/CDS
chr16	89783102	89784854	FANCA	Intron
chr16	89784854	89784964	FANCA	Exon/CDS
chr16	89784964	89791403	FANCA	Intron
chr16	89791403	89791536	FANCA	Exon/CDS
chr16	89791536	89791927	FANCA	Intron
chr16	89791927	89792068	FANCA	Exon/CDS
chr16	89792068	89792471	FANCA	Intron
chr16	89792471	89792547	FANCA	Exon/CDS
chr16	89792547	89795906	FANCA	Intron
chr16	89795906	89796018	FANCA	Exon/CDS
chr16	89796018	89799166	FANCA	Intron
chr16	89799166	89799232	FANCA	Exon/CDS
chr16	89799232	89799605	FANCA	Intron
chr16	89799605	89799638	FANCA	Exon/CDS
chr16	89799638	89803259	FANCA	Intron
chr16	89803259	89803341	FANCA	Exon/CDS
chr16	89803341	89805280	FANCA	Intron
chr16	89805280	89805392	FANCA	Exon/CDS
chr16	89805392	89808294	FANCA	Intron
chr16	89808294	89808367	FANCA	Exon/CDS
chr16	89808367	89810707	FANCA	Intron
chr16	89810707	89810802	FANCA	Exon/CDS
chr16	89810802	89810929	FANCA	Intron
chr16	89810929	89811071	FANCA	Exon/CDS
chr16	89811071	89814520	FANCA	Intron
chr16	89814520	89814613	FANCA	Exon/CDS
chr16	89814613	89815877	FANCA	Intron
chr16	89815877	89815986	FANCA	Exon/CDS
chr16	89815986	89816537	FANCA	Intron
chr16	89816537	89816615	FANCA	Exon/CDS
chr16	89816615	89817977	FANCA	Flanking Down
chrX	14690388	14843567	FANCB	Flanking Up
chrX	14843567	14843981	FANCB	Exon/CDS
chrX	14843981	14844503	FANCB	Intron
chrX	14844503	14844740	FANCB	Exon/CDS
chrX	14844740	14844856	FANCB	Intron
chrX	14844856	14845286	FANCB	Exon/CDS
chrX	14845286	14850505	FANCB	Intron
chrX	14850505	14850674	FANCB	Exon/CDS
chrX	14850674	14853039	FANCB	Intron
chrX	14853039	14853167	FANCB	Exon/CDS
chrX	14853167	14857862	FANCB	Intron
chrX	14857862	14857954	FANCB	Exon/CDS
chrX	14857954	14859182	FANCB	Intron
chrX	14859182	14859334	FANCB	Exon/CDS
chrX	14859334	14864560	FANCB	Intron
chrX	14864560	14865510	FANCB	Exon/CDS
chrX	14865510	14874255	FANCB	Flanking Down
chr9	95099054	95101707	FANCC	Flanking Up
chr9	95101707	95101850	FANCC	Exon/CDS
chr9	95101850	95107066	FANCC	Intron
chr9	95107066	95107269	FANCC	Exon/CDS
chr9	95107269	95111463	FANCC	Intron
chr9	95111463	95111637	FANCC	Exon/CDS
chr9	95111637	95114629	FANCC	Intron
chr9	95114629	95114710	FANCC	Exon/CDS
chr9	95114710	95117315	FANCC	Intron
chr9	95117315	95117390	FANCC	Exon/CDS
chr9	95117390	95125086	FANCC	Intron
chr9	95125086	95125185	FANCC	Exon/CDS
chr9	95125185	95126529	FANCC	Intron
chr9	95126529	95126581	FANCC	Exon/CDS
chr9	95126581	95135346	FANCC	Intron
chr9	95135346	95135502	FANCC	Exon/CDS
chr9	95135502	95149923	FANCC	Intron
chr9	95149923	95150087	FANCC	Exon/CDS
chr9	95150087	95171079	FANCC	Intron
chr9	95171079	95171143	FANCC	Exon/CDS
chr9	95171143	95172037	FANCC	Intron
chr9	95172037	95172147	FANCC	Exon/CDS
chr9	95172147	95240649	FANCC	Intron
chr9	95240649	95240743	FANCC	Exon/CDS
chr9	95240743	95247432	FANCC	Intron
chr9	95247432	95247516	FANCC	Exon/CDS
chr9	95247516	95249127	FANCC	Intron
chr9	95249127	95249291	FANCC	Exon/CDS
chr9	95249291	95427796	FANCC	Flanking Down
chr3	10025370	10028658	FANCD2	Flanking Up
chr3	10028658	10028721	FANCD2	Exon/CDS
chr3	10028721	10032832	FANCD2	Intron
chr3	10032832	10032972	FANCD2	Exon/CDS
chr3	10032972	10034469	FANCD2	Intron
chr3	10034469	10034536	FANCD2	Exon/CDS
chr3	10034536	10034695	FANCD2	Intron
chr3	10034695	10034798	FANCD2	Exon/CDS
chr3	10034798	10035173	FANCD2	Intron
chr3	10035173	10035233	FANCD2	Exon/CDS
chr3	10035233	10036287	FANCD2	Intron
chr3	10036287	10036339	FANCD2	Exon/CDS
chr3	10036339	10039279	FANCD2	Intron
chr3	10039279	10039357	FANCD2	Exon/CDS
chr3	10039357	10039721	FANCD2	Intron
chr3	10039721	10039845	FANCD2	Exon/CDS
chr3	10039845	10041623	FANCD2	Intron
chr3	10041623	10041710	FANCD2	Exon/CDS
chr3	10041710	10042559	FANCD2	Intron
chr3	10042559	10042663	FANCD2	Exon/CDS
chr3	10042663	10043050	FANCD2	Intron
chr3	10043050	10043150	FANCD2	Exon/CDS
chr3	10043150	10043484	FANCD2	Intron
chr3	10043484	10043592	FANCD2	Exon/CDS
chr3	10043592	10043829	FANCD2	Intron
chr3	10043829	10043864	FANCD2	Exon/CDS
chr3	10043864	10046580	FANCD2	Intron
chr3	10046580	10046723	FANCD2	Exon/CDS
chr3	10046723	10047917	FANCD2	Intron
chr3	10047917	10048051	FANCD2	Exon/CDS
chr3	10048051	10049374	FANCD2	Intron
chr3	10049374	10049505	FANCD2	Exon/CDS
chr3	10049505	10052387	FANCD2	Intron
chr3	10052387	10052497	FANCD2	Exon/CDS
chr3	10052497	10060294	FANCD2	Intron
chr3	10060294	10060403	FANCD2	Exon/CDS
chr3	10060403	10062151	FANCD2	Intron
chr3	10062151	10062211	FANCD2	Exon/CDS
chr3	10062211	10063792	FANCD2	Intron
chr3	10063792	10063911	FANCD2	Exon/CDS
chr3	10063911	10064356	FANCD2	Intron
chr3	10064356	10064429	FANCD2	Exon/CDS
chr3	10064429	10064729	FANCD2	Intron
chr3	10064729	10064875	FANCD2	Exon/CDS
chr3	10064875	10065394	FANCD2	Intron
chr3	10065394	10065494	FANCD2	Exon/CDS
chr3	10065494	10065864	FANCD2	Intron
chr3	10065864	10065979	FANCD2	Exon/CDS
chr3	10065979	10067209	FANCD2	Intron
chr3	10067209	10067317	FANCD2	Exon/CDS
chr3	10067317	10072871	FANCD2	Intron
chr3	10072871	10072981	FANCD2	Exon/CDS
chr3	10072981	10073253	FANCD2	Intron
chr3	10073253	10073362	FANCD2	Exon/CDS
chr3	10073362	10074530	FANCD2	Intron
chr3	10074530	10074673	FANCD2	Exon/CDS
chr3	10074673	10078081	FANCD2	Intron
chr3	10078081	10078197	FANCD2	Exon/CDS
chr3	10078197	10081100	FANCD2	Intron
chr3	10081100	10081228	FANCD2	Exon/CDS
chr3	10081228	10081346	FANCD2	Intron
chr3	10081346	10081464	FANCD2	Exon/CDS
chr3	10081464	10085812	FANCD2	Intron
chr3	10085812	10085922	FANCD2	Exon/CDS
chr3	10085922	10087134	FANCD2	Intron
chr3	10087134	10087264	FANCD2	Exon/CDS
chr3	10087264	10088449	FANCD2	Intron
chr3	10088449	10088542	FANCD2	Exon/CDS
chr3	10088542	10088828	FANCD2	Intron
chr3	10088828	10088950	FANCD2	Exon/CDS
chr3	10088950	10090292	FANCD2	Intron
chr3	10090292	10090385	FANCD2	Exon/CDS
chr3	10090385	10092181	FANCD2	Intron
chr3	10092181	10092252	FANCD2	Exon/CDS
chr3	10092252	10093285	FANCD2	Intron
chr3	10093285	10093323	FANCD2	Exon/CDS
chr3	10093323	10094289	FANCD2	Intron
chr3	10094289	10094363	FANCD2	Exon/CDS
chr3	10094363	10095200	FANCD2	Intron
chr3	10095200	10095274	FANCD2	Exon/CDS
chr3	10095274	10096326	FANCD2	Intron
chr3	10096326	10096472	FANCD2	Exon/CDS
chr3	10096472	10098720	FANCD2	Intron
chr3	10098720	10098815	FANCD2	Exon/CDS
chr3	10098815	10101188	FANCD2	Intron
chr3	10101188	10101262	FANCD2	Exon/CDS
chr3	10101262	10101932	FANCD2	Flanking Down
chr6	35451338	35452546	FANCE	Flanking Up
chr6	35452546	35452793	FANCE	Exon/CDS
chr6	35452793	35455747	FANCE	Intron
chr6	35455747	35456353	FANCE	Exon/CDS
chr6	35456353	35457556	FANCE	Intron
chr6	35457556	35457600	FANCE	Exon/CDS
chr6	35457600	35457916	FANCE	Intron
chr6	35457916	35457984	FANCE	Exon/CDS
chr6	35457984	35458297	FANCE	Intron
chr6	35458297	35458440	FANCE	Exon/CDS
chr6	35458440	35459331	FANCE	Intron
chr6	35459331	35459454	FANCE	Exon/CDS
chr6	35459454	35459682	FANCE	Intron
chr6	35459682	35459760	FANCE	Exon/CDS
chr6	35459760	35460552	FANCE	Intron
chr6	35460552	35460618	FANCE	Exon/CDS
chr6	35460618	35462789	FANCE	Intron
chr6	35462789	35462914	FANCE	Exon/CDS
chr6	35462914	35466244	FANCE	Intron
chr6	35466244	35466345	FANCE	Exon/CDS
chr6	35466345	35467104	FANCE	Flanking Down
chr11	22622533	22624686	FANCF	Flanking Up
chr11	22624686	22625810	FANCF	Exon/CDS
chr11	22625810	22626823	FANCF	Flanking Down
chr9	35073835	35074108	FANCG	Flanking Up
chr9	35074108	35074216	FANCG	Exon/CDS
chr9	35074216	35074371	FANCG	Intron
chr9	35074371	35074494	FANCG	Exon/CDS
chr9	35074494	35074927	FANCG	Intron
chr9	35074927	35075082	FANCG	Exon/CDS
chr9	35075082	35075279	FANCG	Intron
chr9	35075279	35075325	FANCG	Exon/CDS
chr9	35075325	35075465	FANCG	Intron
chr9	35075465	35075754	FANCG	Exon/CDS
chr9	35075754	35075962	FANCG	Intron
chr9	35075962	35076028	FANCG	Exon/CDS
chr9	35076028	35076432	FANCG	Intron
chr9	35076432	35076583	FANCG	Exon/CDS
chr9	35076583	35076724	FANCG	Intron
chr9	35076724	35076870	FANCG	Exon/CDS
chr9	35076870	35076971	FANCG	Intron
chr9	35076971	35077101	FANCG	Exon/CDS
chr9	35077101	35077264	FANCG	Intron
chr9	35077264	35077399	FANCG	Exon/CDS
chr9	35077399	35078141	FANCG	Intron
chr9	35078141	35078343	FANCG	Exon/CDS
chr9	35078343	35078605	FANCG	Intron
chr9	35078605	35078736	FANCG	Exon/CDS
chr9	35078736	35079151	FANCG	Intron
chr9	35079151	35079241	FANCG	Exon/CDS
chr9	35079241	35079441	FANCG	Intron
chr9	35079441	35079524	FANCG	Exon/CDS
chr9	35079524	35081004	FANCG	Flanking Down
chr15	89242945	89247648	FANCI	Flanking Up
chr15	89247648	89247731	FANCI	Exon/CDS
chr15	89247731	89258704	FANCI	Intron
chr15	89258704	89258776	FANCI	Exon/CDS
chr15	89258776	89260713	FANCI	Intron
chr15	89260713	89260843	FANCI	Exon/CDS
chr15	89260843	89261585	FANCI	Intron
chr15	89261585	89261741	FANCI	Exon/CDS
chr15	89261741	89261821	FANCI	Intron
chr15	89261821	89261878	FANCI	Exon/CDS
chr15	89261878	89263419	FANCI	Intron
chr15	89263419	89263460	FANCI	Exon/CDS
chr15	89263460	89263903	FANCI	Intron
chr15	89263903	89264026	FANCI	Exon/CDS
chr15	89264026	89264522	FANCI	Intron
chr15	89264522	89264607	FANCI	Exon/CDS
chr15	89264607	89268399	FANCI	Intron
chr15	89268399	89268525	FANCI	Exon/CDS
chr15	89268525	89273377	FANCI	Intron
chr15	89273377	89273469	FANCI	Exon/CDS
chr15	89273469	89274168	FANCI	Intron
chr15	89274168	89274304	FANCI	Exon/CDS
chr15	89274304	89276711	FANCI	Intron
chr15	89276711	89276891	FANCI	Exon/CDS
chr15	89276891	89278687	FANCI	Intron
chr15	89278687	89278774	FANCI	Exon/CDS
chr15	89278774	89281170	FANCI	Intron
chr15	89281170	89281300	FANCI	Exon/CDS
chr15	89281300	89281765	FANCI	Intron
chr15	89281765	89281835	FANCI	Exon/CDS
chr15	89281835	89283136	FANCI	Intron
chr15	89283136	89283250	FANCI	Exon/CDS
chr15	89283250	89285096	FANCI	Intron
chr15	89285096	89285218	FANCI	Exon/CDS
chr15	89285218	89290213	FANCI	Intron
chr15	89290213	89290281	FANCI	Exon/CDS
chr15	89290281	89291613	FANCI	Intron
chr15	89291613	89291714	FANCI	Exon/CDS
chr15	89291714	89292688	FANCI	Intron
chr15	89292688	89292864	FANCI	Exon/CDS
chr15	89292864	89292942	FANCI	Intron
chr15	89292942	89293063	FANCI	Exon/CDS
chr15	89293063	89293833	FANCI	Intron
chr15	89293833	89293997	FANCI	Exon/CDS
chr15	89293997	89294915	FANCI	Intron
chr15	89294915	89295094	FANCI	Exon/CDS
chr15	89295094	89299800	FANCI	Intron
chr15	89299800	89299966	FANCI	Exon/CDS
chr15	89299966	89300300	FANCI	Intron
chr15	89300300	89300385	FANCI	Exon/CDS
chr15	89300385	89301326	FANCI	Intron
chr15	89301326	89301442	FANCI	Exon/CDS
chr15	89301442	89303864	FANCI	Intron
chr15	89303864	89303915	FANCI	Exon/CDS
chr15	89303915	89305115	FANCI	Intron
chr15	89305115	89305242	FANCI	Exon/CDS
chr15	89305242	89305341	FANCI	Intron
chr15	89305341	89305409	FANCI	Exon/CDS
chr15	89305409	89305605	FANCI	Intron
chr15	89305605	89305698	FANCI	Exon/CDS
chr15	89305698	89306007	FANCI	Intron
chr15	89306007	89306194	FANCI	Exon/CDS
chr15	89306194	89307476	FANCI	Intron
chr15	89307476	89307529	FANCI	Exon/CDS
chr15	89307529	89307613	FANCI	Intron
chr15	89307613	89307672	FANCI	Exon/CDS
chr15	89307672	89312904	FANCI	Intron
chr15	89312904	89312972	FANCI	Exon/CDS
chr15	89312972	89314612	FANCI	Intron
chr15	89314612	89314707	FANCI	Exon/CDS
chr15	89314707	89315282	FANCI	Intron
chr15	89315282	89315389	FANCI	Exon/CDS
chr15	89315389	89316397	FANCI	Intron
chr15	89316397	89316459	FANCI	Exon/CDS
chr15	89316459	89317261	FANCI	Flanking Down
chr2	58159243	58159765	FANCL	Flanking Up
chr2	58159765	58159800	FANCL	Exon/CDS
chr2	58159800	58160108	FANCL	Intron
chr2	58160108	58160179	FANCL	Exon/CDS
chr2	58160179	58161522	FANCL	Intron
chr2	58161522	58161638	FANCL	Exon/CDS
chr2	58161638	58162866	FANCL	Intron
chr2	58162866	58162947	FANCL	Exon/CDS
chr2	58162947	58163029	FANCL	Intron
chr2	58163029	58163074	FANCL	Exon/CDS
chr2	58163074	58163434	FANCL	Intron
chr2	58163434	58163517	FANCL	Exon/CDS
chr2	58163517	58165724	FANCL	Intron
chr2	58165724	58165874	FANCL	Exon/CDS
chr2	58165874	58198594	FANCL	Intron
chr2	58198594	58198662	FANCL	Exon/CDS
chr2	58198662	58204130	FANCL	Intron
chr2	58204130	58204226	FANCL	Exon/CDS
chr2	58204226	58221942	FANCL	Intron
chr2	58221942	58222042	FANCL	Exon/CDS
chr2	58222042	58226728	FANCL	Intron
chr2	58226728	58226784	FANCL	Exon/CDS
chr2	58226784	58229814	FANCL	Intron
chr2	58229814	58229874	FANCL	Exon/CDS
chr2	58229874	58232054	FANCL	Intron
chr2	58232054	58232112	FANCL	Exon/CDS
chr2	58232112	58241218	FANCL	Intron
chr2	58241218	58241313	FANCL	Exon/CDS
chr2	58241313	58242410	FANCL	Flanking Down
chr14	45134930	45136032	FANCM	Flanking Up
chr14	45136032	45136539	FANCM	Exon/CDS
chr14	45136539	45137069	FANCM	Intron
chr14	45137069	45137241	FANCM	Exon/CDS
chr14	45137241	45140632	FANCM	Intron
chr14	45140632	45140709	FANCM	Exon/CDS
chr14	45140709	45148837	FANCM	Intron
chr14	45148837	45148995	FANCM	Exon/CDS
chr14	45148995	45151397	FANCM	Intron
chr14	45151397	45151528	FANCM	Exon/CDS
chr14	45151528	45153920	FANCM	Intron
chr14	45153920	45154052	FANCM	Exon/CDS
chr14	45154052	45154697	FANCM	Intron
chr14	45154697	45154822	FANCM	Exon/CDS
chr14	45154822	45155373	FANCM	Intron
chr14	45155373	45155459	FANCM	Exon/CDS
chr14	45155459	45159096	FANCM	Intron
chr14	45159096	45159280	FANCM	Exon/CDS
chr14	45159280	45164359	FANCM	Intron
chr14	45164359	45164565	FANCM	Exon/CDS
chr14	45164565	45166950	FANCM	Intron
chr14	45166950	45167163	FANCM	Exon/CDS
chr14	45167163	45170589	FANCM	Intron
chr14	45170589	45170746	FANCM	Exon/CDS
chr14	45170746	45173055	FANCM	Intron
chr14	45173055	45173210	FANCM	Exon/CDS
chr14	45173210	45175071	FANCM	Intron
chr14	45175071	45176976	FANCM	Exon/CDS
chr14	45176976	45181430	FANCM	Intron
chr14	45181430	45181524	FANCM	Exon/CDS
chr14	45181524	45181637	FANCM	Intron
chr14	45181637	45181705	FANCM	Exon/CDS
chr14	45181705	45183774	FANCM	Intron
chr14	45183774	45183902	FANCM	Exon/CDS
chr14	45183902	45185217	FANCM	Intron
chr14	45185217	45185373	FANCM	Exon/CDS
chr14	45185373	45187781	FANCM	Intron
chr14	45187781	45187887	FANCM	Exon/CDS
chr14	45187887	45188802	FANCM	Intron
chr14	45188802	45189362	FANCM	Exon/CDS
chr14	45189362	45196172	FANCM	Intron
chr14	45196172	45196547	FANCM	Exon/CDS
chr14	45196547	45198644	FANCM	Intron
chr14	45198644	45198935	FANCM	Exon/CDS
chr14	45198935	45199870	FANCM	Intron
chr14	45199870	45200008	FANCM	Exon/CDS
chr14	45200008	45200890	FANCM	Flanking Down
chr10	88952813	88990877	FAS	Flanking Up
chr10	88990877	88990906	FAS	Exon/CDS
chr10	88990906	89003029	FAS	Intron
chr10	89003029	89003194	FAS	Exon/CDS
chr10	89003194	89007700	FAS	Intron
chr10	89007700	89007837	FAS	Exon/CDS
chr10	89007837	89008889	FAS	Intron
chr10	89008889	89008997	FAS	Exon/CDS
chr10	89008997	89010539	FAS	Intron
chr10	89010539	89010600	FAS	Exon/CDS
chr10	89010600	89010753	FAS	Intron
chr10	89010753	89010815	FAS	Exon/CDS
chr10	89010815	89011999	FAS	Intron
chr10	89011999	89012081	FAS	Exon/CDS
chr10	89012081	89013343	FAS	Intron
chr10	89013343	89013367	FAS	Exon/CDS
chr10	89013367	89014119	FAS	Intron
chr10	89014119	89014450	FAS	Exon/CDS
chr10	89014450	89029605	FAS	Flanking Down
chr1	241497511	241497828	FH	Flanking Up
chr1	241497828	241497970	FH	Exon/CDS
chr1	241497970	241500437	FH	Intron
chr1	241500437	241500590	FH	Exon/CDS
chr1	241500590	241502443	FH	Intron
chr1	241502443	241502570	FH	Exon/CDS
chr1	241502570	241504042	FH	Intron
chr1	241504042	241504245	FH	Exon/CDS
chr1	241504245	241506003	FH	Intron
chr1	241506003	241506168	FH	Exon/CDS
chr1	241506168	241508603	FH	Intron
chr1	241508603	241508785	FH	Exon/CDS
chr1	241508785	241511967	FH	Intron
chr1	241511967	241512143	FH	Exon/CDS
chr1	241512143	241513603	FH	Intron
chr1	241513603	241513713	FH	Exon/CDS
chr1	241513713	241517182	FH	Intron
chr1	241517182	241517316	FH	Exon/CDS
chr1	241517316	241519591	FH	Intron
chr1	241519591	241519722	FH	Exon/CDS
chr1	241519722	241520799	FH	Flanking Down
chr17	17212212	17213655	FLCN	Flanking Up
chr17	17213655	17213856	FLCN	Exon/CDS
chr17	17213856	17214985	FLCN	Intron
chr17	17214985	17215090	FLCN	Exon/CDS
chr17	17215090	17215185	FLCN	Intron
chr17	17215185	17215316	FLCN	Exon/CDS
chr17	17215316	17216380	FLCN	Intron
chr17	17216380	17216503	FLCN	Exon/CDS
chr17	17216503	17217069	FLCN	Intron
chr17	17217069	17217182	FLCN	Exon/CDS
chr17	17217182	17219019	FLCN	Intron
chr17	17219019	17219209	FLCN	Exon/CDS
chr17	17219209	17221537	FLCN	Intron
chr17	17221537	17221628	FLCN	Exon/CDS
chr17	17221628	17222501	FLCN	Intron
chr17	17222501	17222661	FLCN	Exon/CDS
chr17	17222661	17223922	FLCN	Intron
chr17	17223922	17224143	FLCN	Exon/CDS
chr17	17224143	17226176	FLCN	Intron
chr17	17226176	17226322	FLCN	Exon/CDS
chr17	17226322	17227889	FLCN	Intron
chr17	17227889	17228137	FLCN	Exon/CDS
chr17	17228137	17238188	FLCN	Flanking Down
chr17	44069620	44070966	G6PC3	Flanking Up
chr17	44070966	44071183	G6PC3	Exon/CDS
chr17	44071183	44074160	G6PC3	Intron
chr17	44074160	44074266	G6PC3	Exon/CDS
chr17	44074266	44074680	G6PC3	Intron
chr17	44074680	44074770	G6PC3	Exon/CDS
chr17	44074770	44074969	G6PC3	Intron
chr17	44074969	44075087	G6PC3	Exon/CDS
chr17	44075087	44075310	G6PC3	Intron
chr17	44075310	44075451	G6PC3	Exon/CDS
chr17	44075451	44075680	G6PC3	Intron
chr17	44075680	44076043	G6PC3	Exon/CDS
chr17	44076043	44082151	G6PC3	Flanking Down
chr9	98806670	98807699	GALNT12	Flanking Up
chr9	98807699	98808069	GALNT12	Exon/CDS
chr9	98808069	98823256	GALNT12	Intron
chr9	98823256	98823425	GALNT12	Exon/CDS
chr9	98823425	98826752	GALNT12	Intron
chr9	98826752	98826941	GALNT12	Exon/CDS
chr9	98826941	98831772	GALNT12	Intron
chr9	98831772	98831957	GALNT12	Exon/CDS
chr9	98831957	98835249	GALNT12	Intron
chr9	98835249	98835366	GALNT12	Exon/CDS
chr9	98835366	98836972	GALNT12	Intron
chr9	98836972	98837148	GALNT12	Exon/CDS
chr9	98837148	98840002	GALNT12	Intron
chr9	98840002	98840133	GALNT12	Exon/CDS
chr9	98840133	98844096	GALNT12	Intron
chr9	98844096	98844209	GALNT12	Exon/CDS
chr9	98844209	98845977	GALNT12	Intron
chr9	98845977	98846123	GALNT12	Exon/CDS
chr9	98846123	98848952	GALNT12	Intron
chr9	98848952	98849092	GALNT12	Exon/CDS
chr9	98849092	98850081	GALNT12	Flanking Down
chrX	48785540	48791110	GATA1	Flanking Up
chrX	48791110	48791329	GATA1	Exon/CDS
chrX	48791329	48791844	GATA1	Intron
chrX	48791844	48792221	GATA1	Exon/CDS
chrX	48792221	48792323	GATA1	Intron
chrX	48792323	48792468	GATA1	Exon/CDS
chrX	48792468	48793172	GATA1	Intron
chrX	48793172	48793297	GATA1	Exon/CDS
chrX	48793297	48793793	GATA1	Intron
chrX	48793793	48794164	GATA1	Exon/CDS
chrX	48794164	48794311	GATA1	Flanking Down
chr3	128479427	128481019	GATA2	Flanking Up
chr3	128481019	128481318	GATA2	Exon/CDS
chr3	128481318	128481819	GATA2	Intron
chr3	128481819	128481944	GATA2	Exon/CDS
chr3	128481944	128483860	GATA2	Intron
chr3	128483860	128484005	GATA2	Exon/CDS
chr3	128484005	128485727	GATA2	Intron
chr3	128485727	128486368	GATA2	Exon/CDS
chr3	128486368	128486803	GATA2	Intron
chr3	128486803	128487031	GATA2	Exon/CDS
chr3	128487031	128494201	GATA2	Flanking Down
chr1	155234452	155234995	GBA1	Flanking Up
chr1	155234995	155235100	GBA1	Exon/CDS
chr1	155235100	155235195	GBA1	Intron
chr1	155235195	155235311	GBA1	Exon/CDS
chr1	155235311	155235681	GBA1	Intron
chr1	155235681	155235844	GBA1	Exon/CDS
chr1	155235844	155236245	GBA1	Intron
chr1	155236245	155236469	GBA1	Exon/CDS
chr1	155236469	155237341	GBA1	Intron
chr1	155237341	155237578	GBA1	Exon/CDS
chr1	155237578	155238134	GBA1	Intron
chr1	155238134	155238306	GBA1	Exon/CDS
chr1	155238306	155238517	GBA1	Intron
chr1	155238517	155238650	GBA1	Exon/CDS
chr1	155238650	155239616	GBA1	Intron
chr1	155239616	155239762	GBA1	Exon/CDS
chr1	155239762	155239886	GBA1	Intron
chr1	155239886	155240077	GBA1	Exon/CDS
chr1	155240077	155240630	GBA1	Intron
chr1	155240630	155240717	GBA1	Exon/CDS
chr1	155240717	155241086	GBA1	Intron
chr1	155241086	155241112	GBA1	Exon/CDS
chr1	155241112	155245699	GBA1	Flanking Down
chr1	92473043	92476029	GFI1	Flanking Up
chr1	92476029	92476207	GFI1	Exon/CDS
chr1	92476207	92478588	GFI1	Intron
chr1	92478588	92478753	GFI1	Exon/CDS
chr1	92478753	92480348	GFI1	Intron
chr1	92480348	92480485	GFI1	Exon/CDS
chr1	92480485	92480601	GFI1	Intron
chr1	92480601	92481088	GFI1	Exon/CDS
chr1	92481088	92482864	GFI1	Intron
chr1	92482864	92483046	GFI1	Exon/CDS
chr1	92483046	92483373	GFI1	Intron
chr1	92483373	92483487	GFI1	Exon/CDS
chr1	92483487	92487925	GFI1	Flanking Down
chrX	133535745	133536124	GPC3	Flanking Up
chrX	133536124	133536293	GPC3	Exon/CDS
chrX	133536293	133596440	GPC3	Intron
chrX	133596440	133596599	GPC3	Exon/CDS
chrX	133596599	133661730	GPC3	Intron
chrX	133661730	133661850	GPC3	Exon/CDS
chrX	133661850	133692369	GPC3	Intron
chrX	133692369	133692494	GPC3	Exon/CDS
chrX	133692494	133699895	GPC3	Intron
chrX	133699895	133700028	GPC3	Exon/CDS
chrX	133700028	133753482	GPC3	Intron
chrX	133753482	133754176	GPC3	Exon/CDS
chrX	133754176	133953050	GPC3	Intron
chrX	133953050	133953211	GPC3	Exon/CDS
chrX	133953211	133985275	GPC3	Intron
chrX	133985275	133985449	GPC3	Exon/CDS
chrX	133985449	133988100	GPC3	Flanking Down
chr1	168079542	168085531	GPR161	Flanking Up
chr1	168085531	168085796	GPR161	Exon/CDS
chr1	168085796	168087585	GPR161	Intron
chr1	168087585	168087704	GPR161	Exon/CDS
chr1	168087704	168090564	GPR161	Intron
chr1	168090564	168090668	GPR161	Exon/CDS
chr1	168090668	168096508	GPR161	Intron
chr1	168096508	168097232	GPR161	Exon/CDS
chr1	168097232	168104477	GPR161	Intron
chr1	168104477	168104850	GPR161	Exon/CDS
chr1	168104850	168138667	GPR161	Flanking Down
chr7	50590063	50592952	GRB10	Flanking Up
chr7	50592952	50593098	GRB10	Exon/CDS
chr7	50593098	50595437	GRB10	Intron
chr7	50595437	50595530	GRB10	Exon/CDS
chr7	50595530	50603998	GRB10	Intron
chr7	50603998	50604085	GRB10	Exon/CDS
chr7	50604085	50604311	GRB10	Intron
chr7	50604311	50604377	GRB10	Exon/CDS
chr7	50604377	50605290	GRB10	Intron
chr7	50605290	50605406	GRB10	Exon/CDS
chr7	50605406	50606337	GRB10	Intron
chr7	50606337	50606414	GRB10	Exon/CDS
chr7	50606414	50612741	GRB10	Intron
chr7	50612741	50612839	GRB10	Exon/CDS
chr7	50612839	50614770	GRB10	Intron
chr7	50614770	50614880	GRB10	Exon/CDS
chr7	50614880	50616210	GRB10	Intron
chr7	50616210	50616347	GRB10	Exon/CDS
chr7	50616347	50618071	GRB10	Intron
chr7	50618071	50618139	GRB10	Exon/CDS
chr7	50618139	50619170	GRB10	Intron
chr7	50619170	50619285	GRB10	Exon/CDS
chr7	50619285	50626822	GRB10	Intron
chr7	50626822	50626978	GRB10	Exon/CDS
chr7	50626978	50669722	GRB10	Intron
chr7	50669722	50669863	GRB10	Exon/CDS
chr7	50669863	50674436	GRB10	Intron
chr7	50674436	50674658	GRB10	Exon/CDS
chr7	50674658	50703821	GRB10	Intron
chr7	50703821	50703908	GRB10	Exon/CDS
chr7	50703908	50732272	GRB10	Intron
chr7	50732272	50732322	GRB10	Exon/CDS
chr7	50732322	50794462	GRB10	Flanking Down
chr15	32717270	32730691	GREM1	Flanking Up
chr15	32730691	32731245	GREM1	Exon/CDS
chr15	32731245	32746106	GREM1	Flanking Down
chr14	96362452	96382248	GSKIP	Flanking Up
chr14	96382248	96382505	GSKIP	Exon/CDS
chr14	96382505	96385523	GSKIP	Intron
chr14	96385523	96385684	GSKIP	Exon/CDS
chr14	96385684	96387288	GSKIP	Flanking Down
chr11	1995166	2005552	H19	Gene Body
chr1	154271355	154272724	HAX1	Flanking Up
chr1	154272724	154272776	HAX1	Exon/CDS
chr1	154272776	154273336	HAX1	Intron
chr1	154273336	154273598	HAX1	Exon/CDS
chr1	154273598	154273774	HAX1	Intron
chr1	154273774	154273961	HAX1	Exon/CDS
chr1	154273961	154274950	HAX1	Intron
chr1	154274950	154275001	HAX1	Exon/CDS
chr1	154275001	154275154	HAX1	Intron
chr1	154275154	154275260	HAX1	Exon/CDS
chr1	154275260	154275393	HAX1	Intron
chr1	154275393	154275483	HAX1	Exon/CDS
chr1	154275483	154275616	HAX1	Intron
chr1	154275616	154275701	HAX1	Exon/CDS
chr1	154275701	154275875	HAX1	Flanking Down
chr6	29940260	29942554	HLA-A	Flanking Up
chr6	29942554	29942626	HLA-A	Exon/CDS
chr6	29942626	29942757	HLA-A	Intron
chr6	29942757	29943026	HLA-A	Exon/CDS
chr6	29943026	29943268	HLA-A	Intron
chr6	29943268	29943543	HLA-A	Exon/CDS
chr6	29943543	29944122	HLA-A	Intron
chr6	29944122	29944397	HLA-A	Exon/CDS
chr6	29944397	29944500	HLA-A	Intron
chr6	29944500	29944616	HLA-A	Exon/CDS
chr6	29944616	29945059	HLA-A	Intron
chr6	29945059	29945091	HLA-A	Exon/CDS
chr6	29945091	29945234	HLA-A	Intron
chr6	29945234	29945281	HLA-A	Exon/CDS
chr6	29945281	29945451	HLA-A	Intron
chr6	29945451	29945455	HLA-A	Exon/CDS
chr6	29945455	29949572	HLA-A	Flanking Down
chr6	31353872	31354483	HLA-B	Flanking Up
chr6	31354483	31354526	HLA-B	Exon/CDS
chr6	31354526	31354633	HLA-B	Intron
chr6	31354633	31354665	HLA-B	Exon/CDS
chr6	31354665	31355107	HLA-B	Intron
chr6	31355107	31355223	HLA-B	Exon/CDS
chr6	31355223	31355317	HLA-B	Intron
chr6	31355317	31355592	HLA-B	Exon/CDS
chr6	31355592	31356167	HLA-B	Intron
chr6	31356167	31356442	HLA-B	Exon/CDS
chr6	31356442	31356688	HLA-B	Intron
chr6	31356688	31356957	HLA-B	Exon/CDS
chr6	31356957	31357086	HLA-B	Intron
chr6	31357086	31357158	HLA-B	Exon/CDS
chr6	31357158	31368067	HLA-B	Flanking Down
chr6	31268749	31269169	HLA-C	Flanking Up
chr6	31269169	31269173	HLA-C	Exon/CDS
chr6	31269173	31269338	HLA-C	Intron
chr6	31269338	31269385	HLA-C	Exon/CDS
chr6	31269385	31269493	HLA-C	Intron
chr6	31269493	31269525	HLA-C	Exon/CDS
chr6	31269525	31269966	HLA-C	Intron
chr6	31269966	31270085	HLA-C	Exon/CDS
chr6	31270085	31270210	HLA-C	Intron
chr6	31270210	31270485	HLA-C	Exon/CDS
chr6	31270485	31271073	HLA-C	Intron
chr6	31271073	31271348	HLA-C	Exon/CDS
chr6	31271348	31271599	HLA-C	Intron
chr6	31271599	31271868	HLA-C	Exon/CDS
chr6	31271868	31271999	HLA-C	Intron
chr6	31271999	31272071	HLA-C	Exon/CDS
chr6	31272071	31273130	HLA-C	Flanking Down
chr6	33064569	33068650	HLA-DPA1	Flanking Up
chr6	33068650	33068804	HLA-DPA1	Exon/CDS
chr6	33068804	33069019	HLA-DPA1	Intron
chr6	33069019	33069300	HLA-DPA1	Exon/CDS
chr6	33069300	33069641	HLA-DPA1	Intron
chr6	33069641	33069886	HLA-DPA1	Exon/CDS
chr6	33069886	33073471	HLA-DPA1	Intron
chr6	33073471	33073570	HLA-DPA1	Exon/CDS
chr6	33073570	33081775	HLA-DPA1	Flanking Down
chr6	32627179	32637459	HLA-DQA1	Flanking Up
chr6	32637459	32637540	HLA-DQA1	Exon/CDS
chr6	32637540	32641310	HLA-DQA1	Intron
chr6	32641310	32641558	HLA-DQA1	Exon/CDS
chr6	32641558	32641972	HLA-DQA1	Intron
chr6	32641972	32642253	HLA-DQA1	Exon/CDS
chr6	32642253	32642610	HLA-DQA1	Intron
chr6	32642610	32642764	HLA-DQA1	Exon/CDS
chr6	32642764	32647062	HLA-DQA1	Flanking Down
chr6	32659467	32660236	HLA-DQB1	Flanking Up
chr6	32660236	32660249	HLA-DQB1	Exon/CDS
chr6	32660249	32661347	HLA-DQB1	Intron
chr6	32661347	32661457	HLA-DQB1	Exon/CDS
chr6	32661457	32661967	HLA-DQB1	Intron
chr6	32661967	32662248	HLA-DQB1	Exon/CDS
chr6	32662248	32664798	HLA-DQB1	Intron
chr6	32664798	32665067	HLA-DQB1	Exon/CDS
chr6	32665067	32666499	HLA-DQB1	Intron
chr6	32666499	32666607	HLA-DQB1	Exon/CDS
chr6	32666607	32669383	HLA-DQB1	Flanking Down
chr6	32577902	32579091	HLA-DRB1	Flanking Up
chr6	32579091	32579104	HLA-DRB1	Exon/CDS
chr6	32579104	32580247	HLA-DRB1	Intron
chr6	32580247	32580270	HLA-DRB1	Exon/CDS
chr6	32580270	32580746	HLA-DRB1	Intron
chr6	32580746	32580856	HLA-DRB1	Exon/CDS
chr6	32580856	32581557	HLA-DRB1	Intron
chr6	32581557	32581838	HLA-DRB1	Exon/CDS
chr6	32581838	32584109	HLA-DRB1	Intron
chr6	32584109	32584378	HLA-DRB1	Exon/CDS
chr6	32584378	32589643	HLA-DRB1	Intron
chr6	32589643	32589742	HLA-DRB1	Exon/CDS
chr6	32589742	32590848	HLA-DRB1	Flanking Down
chr11	119083866	119085034	HMBS	Flanking Up
chr11	119085034	119085066	HMBS	Exon/CDS
chr11	119085066	119088255	HMBS	Intron
chr11	119088255	119088308	HMBS	Exon/CDS
chr11	119088308	119088635	HMBS	Intron
chr11	119088635	119088707	HMBS	Exon/CDS
chr11	119088707	119089082	HMBS	Intron
chr11	119089082	119089131	HMBS	Exon/CDS
chr11	119089131	119089217	HMBS	Intron
chr11	119089217	119089272	HMBS	Exon/CDS
chr11	119089272	119089683	HMBS	Intron
chr11	119089683	119089760	HMBS	Exon/CDS
chr11	119089760	119089990	HMBS	Intron
chr11	119089990	119090067	HMBS	Exon/CDS
chr11	119090067	119090190	HMBS	Intron
chr11	119090190	119090265	HMBS	Exon/CDS
chr11	119090265	119091413	HMBS	Intron
chr11	119091413	119091526	HMBS	Exon/CDS
chr11	119091526	119092125	HMBS	Intron
chr11	119092125	119092163	HMBS	Exon/CDS
chr11	119092163	119092404	HMBS	Intron
chr11	119092404	119092523	HMBS	Exon/CDS
chr11	119092523	119092758	HMBS	Intron
chr11	119092758	119092811	HMBS	Exon/CDS
chr11	119092811	119092935	HMBS	Intron
chr11	119092935	119093021	HMBS	Exon/CDS
chr11	119093021	119093110	HMBS	Intron
chr11	119093110	119093283	HMBS	Exon/CDS
chr11	119093283	119093834	HMBS	Flanking Down
chr17	48724763	48726790	HOXB13	Flanking Up
chr17	48726790	48727043	HOXB13	Exon/CDS
chr17	48727043	48727993	HOXB13	Intron
chr17	48727993	48728593	HOXB13	Exon/CDS
chr17	48728593	48729750	HOXB13	Flanking Down
chr11	532242	532636	HRAS	Flanking Up
chr11	532636	532755	HRAS	Exon/CDS
chr11	532755	533453	HRAS	Intron
chr11	533453	533612	HRAS	Exon/CDS
chr11	533612	533766	HRAS	Intron
chr11	533766	533944	HRAS	Exon/CDS
chr11	533944	534212	HRAS	Intron
chr11	534212	534322	HRAS	Exon/CDS
chr11	534322	538321	HRAS	Flanking Down
chr11	2129112	2132987	IGF2	Flanking Up
chr11	2132987	2133223	IGF2	Exon/CDS
chr11	2133223	2133517	IGF2	Intron
chr11	2133517	2133665	IGF2	Exon/CDS
chr11	2133665	2135367	IGF2	Intron
chr11	2135367	2135523	IGF2	Exon/CDS
chr11	2135523	2159391	IGF2	Flanking Down
chr7	50303068	50319062	IKZF1	Flanking Up
chr7	50319062	50319101	IKZF1	Exon/CDS
chr7	50319101	50327638	IKZF1	Intron
chr7	50327638	50327757	IKZF1	Exon/CDS
chr7	50327757	50376533	IKZF1	Intron
chr7	50376533	50376793	IKZF1	Exon/CDS
chr7	50376793	50382540	IKZF1	Intron
chr7	50382540	50382707	IKZF1	Exon/CDS
chr7	50382707	50387345	IKZF1	Intron
chr7	50387345	50387470	IKZF1	Exon/CDS
chr7	50387470	50391729	IKZF1	Intron
chr7	50391729	50391863	IKZF1	Exon/CDS
chr7	50391863	50399918	IKZF1	Intron
chr7	50399918	50400627	IKZF1	Exon/CDS
chr7	50400627	50405101	IKZF1	Flanking Down
chr11	31781961	32490442	ISCA-37401_WAGR_region	Gene Body
chr5	157141933	157180978	ITK	Flanking Up
chr5	157180978	157181115	ITK	Exon/CDS
chr5	157181115	157208889	ITK	Intron
chr5	157208889	157208993	ITK	Exon/CDS
chr5	157208993	157211287	ITK	Intron
chr5	157211287	157211368	ITK	Exon/CDS
chr5	157211368	157214191	ITK	Intron
chr5	157214191	157214319	ITK	Exon/CDS
chr5	157214319	157217867	ITK	Intron
chr5	157217867	157217907	ITK	Exon/CDS
chr5	157217907	157222863	ITK	Intron
chr5	157222863	157223014	ITK	Exon/CDS
chr5	157223014	157228296	ITK	Intron
chr5	157228296	157228361	ITK	Exon/CDS
chr5	157228361	157232340	ITK	Intron
chr5	157232340	157232394	ITK	Exon/CDS
chr5	157232394	157238109	ITK	Intron
chr5	157238109	157238191	ITK	Exon/CDS
chr5	157238191	157240062	ITK	Intron
chr5	157240062	157240195	ITK	Exon/CDS
chr5	157240195	157241646	ITK	Intron
chr5	157241646	157241720	ITK	Exon/CDS
chr5	157241720	157243623	ITK	Intron
chr5	157243623	157243794	ITK	Exon/CDS
chr5	157243794	157244262	ITK	Intron
chr5	157244262	157244478	ITK	Exon/CDS
chr5	157244478	157245726	ITK	Intron
chr5	157245726	157245790	ITK	Exon/CDS
chr5	157245790	157245881	ITK	Intron
chr5	157245881	157245999	ITK	Exon/CDS
chr5	157245999	157248850	ITK	Intron
chr5	157248850	157249007	ITK	Exon/CDS
chr5	157249007	157252607	ITK	Intron
chr5	157252607	157252678	ITK	Exon/CDS
chr5	157252678	157255185	ITK	Flanking Down
chr11	2443654	2445099	KCNQ1	Flanking Up
chr11	2445099	2445484	KCNQ1	Exon/CDS
chr11	2445484	2527928	KCNQ1	Intron
chr11	2527928	2528018	KCNQ1	Exon/CDS
chr11	2528018	2570628	KCNQ1	Intron
chr11	2570628	2570754	KCNQ1	Exon/CDS
chr11	2570754	2571325	KCNQ1	Intron
chr11	2571325	2571403	KCNQ1	Exon/CDS
chr11	2571403	2572013	KCNQ1	Intron
chr11	2572013	2572109	KCNQ1	Exon/CDS
chr11	2572109	2572846	KCNQ1	Intron
chr11	2572846	2572986	KCNQ1	Exon/CDS
chr11	2572986	2583435	KCNQ1	Intron
chr11	2583435	2583545	KCNQ1	Exon/CDS
chr11	2583545	2585212	KCNQ1	Intron
chr11	2585212	2585307	KCNQ1	Exon/CDS
chr11	2585307	2587570	KCNQ1	Intron
chr11	2587570	2587692	KCNQ1	Exon/CDS
chr11	2587692	2588713	KCNQ1	Intron
chr11	2588713	2588854	KCNQ1	Exon/CDS
chr11	2588854	2661961	KCNQ1	Intron
chr11	2661961	2662081	KCNQ1	Exon/CDS
chr11	2662081	2768844	KCNQ1	Intron
chr11	2768844	2768919	KCNQ1	Exon/CDS
chr11	2768919	2775960	KCNQ1	Intron
chr11	2775960	2776054	KCNQ1	Exon/CDS
chr11	2776054	2776986	KCNQ1	Intron
chr11	2776986	2777032	KCNQ1	Exon/CDS
chr11	2777032	2777976	KCNQ1	Intron
chr11	2777976	2778037	KCNQ1	Exon/CDS
chr11	2778037	2847767	KCNQ1	Intron
chr11	2847767	2848003	KCNQ1	Exon/CDS
chr11	2848003	2849105	KCNQ1	Flanking Down
chr11	2597308	2701003	KCNQ1OT1	Gene Body
chr1	10209570	10232329	KIF1B	Flanking Up
chr1	10232329	10232434	KIF1B	Exon/CDS
chr1	10232434	10256247	KIF1B	Intron
chr1	10256247	10256323	KIF1B	Exon/CDS
chr1	10256323	10258493	KIF1B	Intron
chr1	10258493	10258672	KIF1B	Exon/CDS
chr1	10258672	10261905	KIF1B	Intron
chr1	10261905	10261970	KIF1B	Exon/CDS
chr1	10261970	10267380	KIF1B	Intron
chr1	10267380	10267558	KIF1B	Exon/CDS
chr1	10267558	10268152	KIF1B	Intron
chr1	10268152	10268263	KIF1B	Exon/CDS
chr1	10268263	10271502	KIF1B	Intron
chr1	10271502	10271579	KIF1B	Exon/CDS
chr1	10271579	10272241	KIF1B	Intron
chr1	10272241	10272306	KIF1B	Exon/CDS
chr1	10272306	10273014	KIF1B	Intron
chr1	10273014	10273031	KIF1B	Exon/CDS
chr1	10273031	10275428	KIF1B	Intron
chr1	10275428	10275503	KIF1B	Exon/CDS
chr1	10275503	10276321	KIF1B	Intron
chr1	10276321	10276399	KIF1B	Exon/CDS
chr1	10276399	10277986	KIF1B	Intron
chr1	10277986	10278128	KIF1B	Exon/CDS
chr1	10278128	10279097	KIF1B	Intron
chr1	10279097	10279138	KIF1B	Exon/CDS
chr1	10279138	10282322	KIF1B	Intron
chr1	10282322	10282533	KIF1B	Exon/CDS
chr1	10282533	10291082	KIF1B	Intron
chr1	10291082	10291161	KIF1B	Exon/CDS
chr1	10291161	10292047	KIF1B	Intron
chr1	10292047	10292122	KIF1B	Exon/CDS
chr1	10292122	10295086	KIF1B	Intron
chr1	10295086	10295165	KIF1B	Exon/CDS
chr1	10295165	10295660	KIF1B	Intron
chr1	10295660	10295766	KIF1B	Exon/CDS
chr1	10295766	10296582	KIF1B	Intron
chr1	10296582	10296665	KIF1B	Exon/CDS
chr1	10296665	10296897	KIF1B	Intron
chr1	10296897	10297077	KIF1B	Exon/CDS
chr1	10297077	10297174	KIF1B	Intron
chr1	10297174	10297246	KIF1B	Exon/CDS
chr1	10297246	10320043	KIF1B	Intron
chr1	10320043	10320136	KIF1B	Exon/CDS
chr1	10320136	10321709	KIF1B	Intron
chr1	10321709	10321857	KIF1B	Exon/CDS
chr1	10321857	10323884	KIF1B	Intron
chr1	10323884	10324062	KIF1B	Exon/CDS
chr1	10324062	10324758	KIF1B	Intron
chr1	10324758	10324895	KIF1B	Exon/CDS
chr1	10324895	10326111	KIF1B	Intron
chr1	10326111	10326359	KIF1B	Exon/CDS
chr1	10326359	10334520	KIF1B	Intron
chr1	10334520	10334638	KIF1B	Exon/CDS
chr1	10334638	10336657	KIF1B	Intron
chr1	10336657	10336742	KIF1B	Exon/CDS
chr1	10336742	10337074	KIF1B	Intron
chr1	10337074	10337203	KIF1B	Exon/CDS
chr1	10337203	10337371	KIF1B	Intron
chr1	10337371	10337533	KIF1B	Exon/CDS
chr1	10337533	10339769	KIF1B	Intron
chr1	10339769	10339859	KIF1B	Exon/CDS
chr1	10339859	10342050	KIF1B	Intron
chr1	10342050	10342168	KIF1B	Exon/CDS
chr1	10342168	10343232	KIF1B	Intron
chr1	10343232	10343287	KIF1B	Exon/CDS
chr1	10343287	10345845	KIF1B	Intron
chr1	10345845	10345953	KIF1B	Exon/CDS
chr1	10345953	10347761	KIF1B	Intron
chr1	10347761	10347827	KIF1B	Exon/CDS
chr1	10347827	10348649	KIF1B	Intron
chr1	10348649	10348733	KIF1B	Exon/CDS
chr1	10348733	10352631	KIF1B	Intron
chr1	10352631	10352736	KIF1B	Exon/CDS
chr1	10352736	10360929	KIF1B	Intron
chr1	10360929	10361043	KIF1B	Exon/CDS
chr1	10361043	10361692	KIF1B	Intron
chr1	10361692	10361825	KIF1B	Exon/CDS
chr1	10361825	10363283	KIF1B	Intron
chr1	10363283	10363344	KIF1B	Exon/CDS
chr1	10363344	10365100	KIF1B	Intron
chr1	10365100	10365245	KIF1B	Exon/CDS
chr1	10365245	10365409	KIF1B	Intron
chr1	10365409	10365648	KIF1B	Exon/CDS
chr1	10365648	10368467	KIF1B	Intron
chr1	10368467	10368538	KIF1B	Exon/CDS
chr1	10368538	10371141	KIF1B	Intron
chr1	10371141	10371262	KIF1B	Exon/CDS
chr1	10371262	10374316	KIF1B	Intron
chr1	10374316	10374465	KIF1B	Exon/CDS
chr1	10374465	10374854	KIF1B	Intron
chr1	10374854	10375046	KIF1B	Exon/CDS
chr1	10375046	10375255	KIF1B	Intron
chr1	10375255	10375373	KIF1B	Exon/CDS
chr1	10375373	10376545	KIF1B	Intron
chr1	10376545	10376587	KIF1B	Exon/CDS
chr1	10376587	10381603	KIF1B	Flanking Down
chr4	54656267	54658015	KIT	Flanking Up
chr4	54658015	54658081	KIT	Exon/CDS
chr4	54658081	54695512	KIT	Intron
chr4	54695512	54695781	KIT	Exon/CDS
chr4	54695781	54698284	KIT	Intron
chr4	54698284	54698565	KIT	Exon/CDS
chr4	54698565	54699630	KIT	Intron
chr4	54699630	54699766	KIT	Exon/CDS
chr4	54699766	54703724	KIT	Intron
chr4	54703724	54703892	KIT	Exon/CDS
chr4	54703892	54707098	KIT	Intron
chr4	54707098	54707287	KIT	Exon/CDS
chr4	54707287	54709424	KIT	Intron
chr4	54709424	54709539	KIT	Exon/CDS
chr4	54709539	54723584	KIT	Intron
chr4	54723584	54723698	KIT	Exon/CDS
chr4	54723698	54725857	KIT	Intron
chr4	54725857	54726050	KIT	Exon/CDS
chr4	54726050	54727218	KIT	Intron
chr4	54727218	54727324	KIT	Exon/CDS
chr4	54727324	54727416	KIT	Intron
chr4	54727416	54727542	KIT	Exon/CDS
chr4	54727542	54727823	KIT	Intron
chr4	54727823	54727927	KIT	Exon/CDS
chr4	54727927	54728011	KIT	Intron
chr4	54728011	54728121	KIT	Exon/CDS
chr4	54728121	54729335	KIT	Intron
chr4	54729335	54729485	KIT	Exon/CDS
chr4	54729485	54731328	KIT	Intron
chr4	54731328	54731419	KIT	Exon/CDS
chr4	54731419	54731871	KIT	Intron
chr4	54731871	54731998	KIT	Exon/CDS
chr4	54731998	54733070	KIT	Intron
chr4	54733070	54733192	KIT	Exon/CDS
chr4	54733192	54736498	KIT	Intron
chr4	54736498	54736609	KIT	Exon/CDS
chr4	54736609	54736721	KIT	Intron
chr4	54736721	54736820	KIT	Exon/CDS
chr4	54736820	54737175	KIT	Intron
chr4	54737175	54737280	KIT	Exon/CDS
chr4	54737280	54738429	KIT	Intron
chr4	54738429	54738557	KIT	Exon/CDS
chr4	54738557	54740783	KIT	Flanking Down
chr10	87859158	87861951	KLLN	Flanking Up
chr10	87861951	87862487	KLLN	Exon/CDS
chr10	87862487	87864533	KLLN	Flanking Down
chr12	25205246	25209795	KRAS	Flanking Up
chr12	25209795	25209911	KRAS	Exon/CDS
chr12	25209911	25225614	KRAS	Intron
chr12	25225614	25225773	KRAS	Exon/CDS
chr12	25225773	25227234	KRAS	Intron
chr12	25227234	25227412	KRAS	Exon/CDS
chr12	25227412	25245274	KRAS	Intron
chr12	25245274	25245384	KRAS	Exon/CDS
chr12	25245384	25251936	KRAS	Flanking Down
chr20	43488442	43513504	L3MBTL1	Flanking Up
chr20	43513504	43513639	L3MBTL1	Exon/CDS
chr20	43513639	43513838	L3MBTL1	Intron
chr20	43513838	43514061	L3MBTL1	Exon/CDS
chr20	43514061	43514635	L3MBTL1	Intron
chr20	43514635	43514776	L3MBTL1	Exon/CDS
chr20	43514776	43515009	L3MBTL1	Intron
chr20	43515009	43515159	L3MBTL1	Exon/CDS
chr20	43515159	43515292	L3MBTL1	Intron
chr20	43515292	43515415	L3MBTL1	Exon/CDS
chr20	43515415	43516093	L3MBTL1	Intron
chr20	43516093	43516177	L3MBTL1	Exon/CDS
chr20	43516177	43528657	L3MBTL1	Intron
chr20	43528657	43528745	L3MBTL1	Exon/CDS
chr20	43528745	43529264	L3MBTL1	Intron
chr20	43529264	43529368	L3MBTL1	Exon/CDS
chr20	43529368	43530284	L3MBTL1	Intron
chr20	43530284	43530419	L3MBTL1	Exon/CDS
chr20	43530419	43530798	L3MBTL1	Intron
chr20	43530798	43530889	L3MBTL1	Exon/CDS
chr20	43530889	43532773	L3MBTL1	Intron
chr20	43532773	43532924	L3MBTL1	Exon/CDS
chr20	43532924	43533342	L3MBTL1	Intron
chr20	43533342	43533418	L3MBTL1	Exon/CDS
chr20	43533418	43534008	L3MBTL1	Intron
chr20	43534008	43534093	L3MBTL1	Exon/CDS
chr20	43534093	43534284	L3MBTL1	Intron
chr20	43534284	43534394	L3MBTL1	Exon/CDS
chr20	43534394	43534828	L3MBTL1	Intron
chr20	43534828	43534942	L3MBTL1	Exon/CDS
chr20	43534942	43535837	L3MBTL1	Intron
chr20	43535837	43535936	L3MBTL1	Exon/CDS
chr20	43535936	43536097	L3MBTL1	Intron
chr20	43536097	43536294	L3MBTL1	Exon/CDS
chr20	43536294	43536409	L3MBTL1	Intron
chr20	43536409	43536458	L3MBTL1	Exon/CDS
chr20	43536458	43540151	L3MBTL1	Intron
chr20	43540151	43540308	L3MBTL1	Exon/CDS
chr20	43540308	43540753	L3MBTL1	Intron
chr20	43540753	43540815	L3MBTL1	Exon/CDS
chr20	43540815	43540934	L3MBTL1	Intron
chr20	43540934	43541128	L3MBTL1	Exon/CDS
chr20	43541128	43550954	L3MBTL1	Flanking Down
chr13	108207439	108208533	LIG4	Flanking Up
chr13	108208533	108211268	LIG4	Exon/CDS
chr13	108211268	108219368	LIG4	Flanking Down
chr22	20981269	20982372	LZTR1	Flanking Up
chr22	20982372	20982571	LZTR1	Exon/CDS
chr22	20982571	20983027	LZTR1	Intron
chr22	20983027	20983089	LZTR1	Exon/CDS
chr22	20983089	20985841	LZTR1	Intron
chr22	20985841	20985897	LZTR1	Exon/CDS
chr22	20985897	20987504	LZTR1	Intron
chr22	20987504	20987583	LZTR1	Exon/CDS
chr22	20987583	20988010	LZTR1	Intron
chr22	20988010	20988118	LZTR1	Exon/CDS
chr22	20988118	20988789	LZTR1	Intron
chr22	20988789	20988872	LZTR1	Exon/CDS
chr22	20988872	20989625	LZTR1	Intron
chr22	20989625	20989682	LZTR1	Exon/CDS
chr22	20989682	20990386	LZTR1	Intron
chr22	20990386	20990525	LZTR1	Exon/CDS
chr22	20990525	20991628	LZTR1	Intron
chr22	20991628	20991829	LZTR1	Exon/CDS
chr22	20991829	20992214	LZTR1	Intron
chr22	20992214	20992369	LZTR1	Exon/CDS
chr22	20992369	20992794	LZTR1	Intron
chr22	20992794	20992904	LZTR1	Exon/CDS
chr22	20992904	20993662	LZTR1	Intron
chr22	20993662	20993754	LZTR1	Exon/CDS
chr22	20993754	20993924	LZTR1	Intron
chr22	20993924	20994019	LZTR1	Exon/CDS
chr22	20994019	20994104	LZTR1	Intron
chr22	20994104	20994269	LZTR1	Exon/CDS
chr22	20994269	20994558	LZTR1	Intron
chr22	20994558	20994727	LZTR1	Exon/CDS
chr22	20994727	20994870	LZTR1	Intron
chr22	20994870	20995026	LZTR1	Exon/CDS
chr22	20995026	20995746	LZTR1	Intron
chr22	20995746	20995872	LZTR1	Exon/CDS
chr22	20995872	20995963	LZTR1	Intron
chr22	20995963	20996112	LZTR1	Exon/CDS
chr22	20996112	20996696	LZTR1	Intron
chr22	20996696	20996801	LZTR1	Exon/CDS
chr22	20996801	20996886	LZTR1	Intron
chr22	20996886	20996966	LZTR1	Exon/CDS
chr22	20996966	20997232	LZTR1	Intron
chr22	20997232	20997348	LZTR1	Exon/CDS
chr22	20997348	20999032	LZTR1	Flanking Down
chr1	11658918	11674775	MAD2L2	Flanking Up
chr1	11674775	11674816	MAD2L2	Exon/CDS
chr1	11674816	11675082	MAD2L2	Intron
chr1	11675082	11675174	MAD2L2	Exon/CDS
chr1	11675174	11675658	MAD2L2	Intron
chr1	11675658	11675731	MAD2L2	Exon/CDS
chr1	11675731	11676046	MAD2L2	Intron
chr1	11676046	11676140	MAD2L2	Exon/CDS
chr1	11676140	11676848	MAD2L2	Intron
chr1	11676848	11676948	MAD2L2	Exon/CDS
chr1	11676948	11677543	MAD2L2	Intron
chr1	11677543	11677614	MAD2L2	Exon/CDS
chr1	11677614	11680353	MAD2L2	Intron
chr1	11680353	11680471	MAD2L2	Exon/CDS
chr1	11680471	11680562	MAD2L2	Intron
chr1	11680562	11680601	MAD2L2	Exon/CDS
chr1	11680601	11692811	MAD2L2	Flanking Down
chr15	66385837	66387348	MAP2K1	Flanking Up
chr15	66387348	66387427	MAP2K1	Exon/CDS
chr15	66387427	66435027	MAP2K1	Intron
chr15	66435027	66435237	MAP2K1	Exon/CDS
chr15	66435237	66436746	MAP2K1	Intron
chr15	66436746	66436892	MAP2K1	Exon/CDS
chr15	66436892	66443280	MAP2K1	Intron
chr15	66443280	66443357	MAP2K1	Exon/CDS
chr15	66443357	66444656	MAP2K1	Intron
chr15	66444656	66444707	MAP2K1	Exon/CDS
chr15	66444707	66481755	MAP2K1	Intron
chr15	66481755	66481879	MAP2K1	Exon/CDS
chr15	66481879	66484990	MAP2K1	Intron
chr15	66484990	66485191	MAP2K1	Exon/CDS
chr15	66485191	66487228	MAP2K1	Intron
chr15	66487228	66487292	MAP2K1	Exon/CDS
chr15	66487292	66489215	MAP2K1	Intron
chr15	66489215	66489276	MAP2K1	Exon/CDS
chr15	66489276	66489718	MAP2K1	Intron
chr15	66489718	66489763	MAP2K1	Exon/CDS
chr15	66489763	66490502	MAP2K1	Intron
chr15	66490502	66490615	MAP2K1	Exon/CDS
chr15	66490615	66491656	MAP2K1	Flanking Down
chr19	4090321	4090598	MAP2K2	Flanking Up
chr19	4090598	4090708	MAP2K2	Exon/CDS
chr19	4090708	4094453	MAP2K2	Intron
chr19	4094453	4094498	MAP2K2	Exon/CDS
chr19	4094498	4095388	MAP2K2	Intron
chr19	4095388	4095449	MAP2K2	Exon/CDS
chr19	4095449	4097279	MAP2K2	Intron
chr19	4097279	4097343	MAP2K2	Exon/CDS
chr19	4097343	4099201	MAP2K2	Intron
chr19	4099201	4099414	MAP2K2	Exon/CDS
chr19	4099414	4101019	MAP2K2	Intron
chr19	4101019	4101143	MAP2K2	Exon/CDS
chr19	4101143	4101229	MAP2K2	Intron
chr19	4101229	4101280	MAP2K2	Exon/CDS
chr19	4101280	4102376	MAP2K2	Intron
chr19	4102376	4102453	MAP2K2	Exon/CDS
chr19	4102453	4110509	MAP2K2	Intron
chr19	4110509	4110655	MAP2K2	Exon/CDS
chr19	4110655	4117419	MAP2K2	Intron
chr19	4117419	4117629	MAP2K2	Exon/CDS
chr19	4117629	4123784	MAP2K2	Intron
chr19	4123784	4123875	MAP2K2	Exon/CDS
chr19	4123875	4125122	MAP2K2	Flanking Down
chr14	65006174	65076476	MAX	Flanking Up
chr14	65076476	65076663	MAX	Exon/CDS
chr14	65076663	65077913	MAX	Intron
chr14	65077913	65078036	MAX	Exon/CDS
chr14	65078036	65093708	MAX	Intron
chr14	65093708	65093815	MAX	Exon/CDS
chr14	65093815	65101546	MAX	Intron
chr14	65101546	65101572	MAX	Exon/CDS
chr14	65101572	65102304	MAX	Intron
chr14	65102304	65102339	MAX	Exon/CDS
chr14	65102339	65103695	MAX	Flanking Down
chr3	129430947	129431501	MBD4	Flanking Up
chr3	129431501	129431578	MBD4	Exon/CDS
chr3	129431578	129432503	MBD4	Intron
chr3	129432503	129432606	MBD4	Exon/CDS
chr3	129432606	129433098	MBD4	Intron
chr3	129433098	129433247	MBD4	Exon/CDS
chr3	129433247	129433850	MBD4	Intron
chr3	129433850	129433984	MBD4	Exon/CDS
chr3	129433984	129434062	MBD4	Intron
chr3	129434062	129434136	MBD4	Exon/CDS
chr3	129434136	129436461	MBD4	Intron
chr3	129436461	129437308	MBD4	Exon/CDS
chr3	129437308	129437720	MBD4	Intron
chr3	129437720	129437950	MBD4	Exon/CDS
chr3	129437950	129439730	MBD4	Intron
chr3	129439730	129439833	MBD4	Exon/CDS
chr3	129439833	129441179	MBD4	Flanking Down
chr16	89911119	89919259	MC1R	Flanking Up
chr16	89919259	89920212	MC1R	Exon/CDS
chr16	89920212	89920973	MC1R	Flanking Down
chr3	169083499	169084909	MECOM	Flanking Up
chr3	169084909	169085043	MECOM	Exon/CDS
chr3	169085043	169089000	MECOM	Intron
chr3	169089000	169089183	MECOM	Exon/CDS
chr3	169089183	169090000	MECOM	Intron
chr3	169090000	169090236	MECOM	Exon/CDS
chr3	169090236	169092958	MECOM	Intron
chr3	169092958	169093102	MECOM	Exon/CDS
chr3	169093102	169095076	MECOM	Intron
chr3	169095076	169095245	MECOM	Exon/CDS
chr3	169095245	169100885	MECOM	Intron
chr3	169100885	169100962	MECOM	Exon/CDS
chr3	169100962	169102060	MECOM	Intron
chr3	169102060	169102226	MECOM	Exon/CDS
chr3	169102226	169107926	MECOM	Intron
chr3	169107926	169107952	MECOM	Exon/CDS
chr3	169107952	169112787	MECOM	Intron
chr3	169112787	169112874	MECOM	Exon/CDS
chr3	169112874	169115383	MECOM	Intron
chr3	169115383	169116739	MECOM	Exon/CDS
chr3	169116739	169121056	MECOM	Intron
chr3	169121056	169121209	MECOM	Exon/CDS
chr3	169121209	169122580	MECOM	Intron
chr3	169122580	169122727	MECOM	Exon/CDS
chr3	169122727	169127844	MECOM	Intron
chr3	169127844	169128060	MECOM	Exon/CDS
chr3	169128060	169131429	MECOM	Intron
chr3	169131429	169131531	MECOM	Exon/CDS
chr3	169131531	169143698	MECOM	Intron
chr3	169143698	169143832	MECOM	Exon/CDS
chr3	169143832	169381187	MECOM	Intron
chr3	169381187	169381524	MECOM	Exon/CDS
chr3	169381524	169663336	MECOM	Intron
chr3	169663336	169663372	MECOM	Exon/CDS
chr3	169663372	169664775	MECOM	Flanking Down
chr11	64803510	64804334	MEN1	Flanking Up
chr11	64804334	64804816	MEN1	Exon/CDS
chr11	64804816	64805034	MEN1	Intron
chr11	64805034	64805198	MEN1	Exon/CDS
chr11	64805198	64805635	MEN1	Intron
chr11	64805635	64805770	MEN1	Exon/CDS
chr11	64805770	64806232	MEN1	Intron
chr11	64806232	64806368	MEN1	Exon/CDS
chr11	64806368	64807011	MEN1	Intron
chr11	64807011	64807098	MEN1	Exon/CDS
chr11	64807098	64807179	MEN1	Intron
chr11	64807179	64807219	MEN1	Exon/CDS
chr11	64807219	64807552	MEN1	Intron
chr11	64807552	64807680	MEN1	Exon/CDS
chr11	64807680	64807891	MEN1	Intron
chr11	64807891	64808099	MEN1	Exon/CDS
chr11	64808099	64809665	MEN1	Intron
chr11	64809665	64810109	MEN1	Exon/CDS
chr11	64810109	64812294	MEN1	Flanking Down
chr7	130485171	130492314	MEST	Flanking Up
chr7	130492314	130492339	MEST	Exon/CDS
chr7	130492339	130495368	MEST	Intron
chr7	130495368	130495522	MEST	Exon/CDS
chr7	130495522	130497156	MEST	Intron
chr7	130497156	130497235	MEST	Exon/CDS
chr7	130497235	130497936	MEST	Intron
chr7	130497936	130498013	MEST	Exon/CDS
chr7	130498013	130498139	MEST	Intron
chr7	130498139	130498275	MEST	Exon/CDS
chr7	130498275	130498419	MEST	Intron
chr7	130498419	130498477	MEST	Exon/CDS
chr7	130498477	130499875	MEST	Intron
chr7	130499875	130499915	MEST	Exon/CDS
chr7	130499915	130500462	MEST	Intron
chr7	130500462	130500532	MEST	Exon/CDS
chr7	130500532	130500789	MEST	Intron
chr7	130500789	130500890	MEST	Exon/CDS
chr7	130500890	130502644	MEST	Intron
chr7	130502644	130502720	MEST	Exon/CDS
chr7	130502720	130503933	MEST	Intron
chr7	130503933	130503996	MEST	Exon/CDS
chr7	130503996	130504939	MEST	Intron
chr7	130504939	130505056	MEST	Exon/CDS
chr7	130505056	130506465	MEST	Flanking Down
chr7	116671196	116699085	MET	Flanking Up
chr7	116699085	116700284	MET	Exon/CDS
chr7	116700284	116731668	MET	Intron
chr7	116731668	116731859	MET	Exon/CDS
chr7	116731859	116739950	MET	Intron
chr7	116739950	116740084	MET	Exon/CDS
chr7	116740084	116740852	MET	Intron
chr7	116740852	116741025	MET	Exon/CDS
chr7	116741025	116755355	MET	Intron
chr7	116755355	116755515	MET	Exon/CDS
chr7	116755515	116757437	MET	Intron
chr7	116757437	116757539	MET	Exon/CDS
chr7	116757539	116757638	MET	Intron
chr7	116757638	116757774	MET	Exon/CDS
chr7	116757774	116758459	MET	Intron
chr7	116758459	116758620	MET	Exon/CDS
chr7	116758620	116759391	MET	Intron
chr7	116759391	116759490	MET	Exon/CDS
chr7	116759490	116763050	MET	Intron
chr7	116763050	116763268	MET	Exon/CDS
chr7	116763268	116769645	MET	Intron
chr7	116769645	116769791	MET	Exon/CDS
chr7	116769791	116771498	MET	Intron
chr7	116771498	116771654	MET	Exon/CDS
chr7	116771654	116771849	MET	Intron
chr7	116771849	116771989	MET	Exon/CDS
chr7	116771989	116774881	MET	Intron
chr7	116774881	116775111	MET	Exon/CDS
chr7	116775111	116777389	MET	Intron
chr7	116777389	116777469	MET	Exon/CDS
chr7	116777469	116778776	MET	Intron
chr7	116778776	116778957	MET	Exon/CDS
chr7	116778957	116781988	MET	Intron
chr7	116781988	116782097	MET	Exon/CDS
chr7	116782097	116783304	MET	Intron
chr7	116783304	116783469	MET	Exon/CDS
chr7	116783469	116795655	MET	Intron
chr7	116795655	116795791	MET	Exon/CDS
chr7	116795791	116795887	MET	Intron
chr7	116795887	116796124	MET	Exon/CDS
chr7	116796124	116798377	MET	Flanking Down
chr3	69738456	69739598	MITF	Flanking Up
chr3	69739598	69739701	MITF	Exon/CDS
chr3	69739701	69879134	MITF	Intron
chr3	69879134	69879383	MITF	Exon/CDS
chr3	69879383	69937822	MITF	Intron
chr3	69937822	69938049	MITF	Exon/CDS
chr3	69938049	69939098	MITF	Intron
chr3	69939098	69939181	MITF	Exon/CDS
chr3	69939181	69941236	MITF	Intron
chr3	69941236	69941331	MITF	Exon/CDS
chr3	69941331	69949051	MITF	Intron
chr3	69949051	69949168	MITF	Exon/CDS
chr3	69949168	69951812	MITF	Intron
chr3	69951812	69951886	MITF	Exon/CDS
chr3	69951886	69956455	MITF	Intron
chr3	69956455	69956530	MITF	Exon/CDS
chr3	69956530	69959273	MITF	Intron
chr3	69959273	69959420	MITF	Exon/CDS
chr3	69959420	69964847	MITF	Intron
chr3	69964847	69965248	MITF	Exon/CDS
chr3	69965248	69968336	MITF	Flanking Down
chr3	36987300	36993548	MLH1	Flanking Up
chr3	36993548	36993663	MLH1	Exon/CDS
chr3	36993663	36996619	MLH1	Intron
chr3	36996619	36996709	MLH1	Exon/CDS
chr3	36996709	37000955	MLH1	Intron
chr3	37000955	37001053	MLH1	Exon/CDS
chr3	37001053	37004401	MLH1	Intron
chr3	37004401	37004474	MLH1	Exon/CDS
chr3	37004474	37006991	MLH1	Intron
chr3	37006991	37007063	MLH1	Exon/CDS
chr3	37007063	37008814	MLH1	Intron
chr3	37008814	37008905	MLH1	Exon/CDS
chr3	37008905	37011820	MLH1	Intron
chr3	37011820	37011862	MLH1	Exon/CDS
chr3	37011862	37012011	MLH1	Intron
chr3	37012011	37012099	MLH1	Exon/CDS
chr3	37012099	37014432	MLH1	Intron
chr3	37014432	37014544	MLH1	Exon/CDS
chr3	37014544	37017506	MLH1	Intron
chr3	37017506	37017599	MLH1	Exon/CDS
chr3	37017599	37020310	MLH1	Intron
chr3	37020310	37020463	MLH1	Exon/CDS
chr3	37020463	37025637	MLH1	Intron
chr3	37025637	37026007	MLH1	Exon/CDS
chr3	37026007	37028784	MLH1	Intron
chr3	37028784	37028932	MLH1	Exon/CDS
chr3	37028932	37040186	MLH1	Intron
chr3	37040186	37040294	MLH1	Exon/CDS
chr3	37040294	37042268	MLH1	Intron
chr3	37042268	37042331	MLH1	Exon/CDS
chr3	37042331	37047519	MLH1	Intron
chr3	37047519	37047683	MLH1	Exon/CDS
chr3	37047683	37048517	MLH1	Intron
chr3	37048517	37048609	MLH1	Exon/CDS
chr3	37048609	37048904	MLH1	Intron
chr3	37048904	37049017	MLH1	Exon/CDS
chr3	37049017	37050486	MLH1	Intron
chr3	37050486	37050653	MLH1	Exon/CDS
chr3	37050653	37051896	MLH1	Flanking Down
chr14	75013769	75017082	MLH3	Flanking Up
chr14	75017082	75017201	MLH3	Exon/CDS
chr14	75017201	75018829	MLH3	Intron
chr14	75018829	75018980	MLH3	Exon/CDS
chr14	75018980	75022814	MLH3	Intron
chr14	75022814	75022892	MLH3	Exon/CDS
chr14	75022892	75022995	MLH3	Intron
chr14	75022995	75023018	MLH3	Exon/CDS
chr14	75023018	75030543	MLH3	Intron
chr14	75030543	75030702	MLH3	Exon/CDS
chr14	75030702	75032068	MLH3	Intron
chr14	75032068	75032179	MLH3	Exon/CDS
chr14	75032179	75033419	MLH3	Intron
chr14	75033419	75033490	MLH3	Exon/CDS
chr14	75033490	75038340	MLH3	Intron
chr14	75038340	75038412	MLH3	Exon/CDS
chr14	75038412	75039911	MLH3	Intron
chr14	75039911	75040015	MLH3	Exon/CDS
chr14	75040015	75041615	MLH3	Intron
chr14	75041615	75041700	MLH3	Exon/CDS
chr14	75041700	75042379	MLH3	Intron
chr14	75042379	75042477	MLH3	Exon/CDS
chr14	75042477	75046376	MLH3	Intron
chr14	75046376	75049655	MLH3	Exon/CDS
chr14	75049655	75052532	MLH3	Flanking Down
chr1	43336818	43337849	MPL	Flanking Up
chr1	43337849	43337927	MPL	Exon/CDS
chr1	43337927	43338099	MPL	Intron
chr1	43338099	43338231	MPL	Exon/CDS
chr1	43338231	43338542	MPL	Intron
chr1	43338542	43338720	MPL	Exon/CDS
chr1	43338720	43339271	MPL	Intron
chr1	43339271	43339569	MPL	Exon/CDS
chr1	43339569	43339964	MPL	Intron
chr1	43339964	43340126	MPL	Exon/CDS
chr1	43340126	43340387	MPL	Intron
chr1	43340387	43340513	MPL	Exon/CDS
chr1	43340513	43346445	MPL	Intron
chr1	43346445	43346629	MPL	Exon/CDS
chr1	43346629	43346792	MPL	Intron
chr1	43346792	43346934	MPL	Exon/CDS
chr1	43346934	43348843	MPL	Intron
chr1	43348843	43349002	MPL	Exon/CDS
chr1	43349002	43349263	MPL	Intron
chr1	43349263	43349359	MPL	Exon/CDS
chr1	43349359	43352216	MPL	Intron
chr1	43352216	43352303	MPL	Exon/CDS
chr1	43352303	43352518	MPL	Intron
chr1	43352518	43352772	MPL	Exon/CDS
chr1	43352772	43354466	MPL	Flanking Down
chr11	94415570	94420125	MRE11	Flanking Up
chr11	94420125	94420181	MRE11	Exon/CDS
chr11	94420181	94429911	MRE11	Intron
chr11	94429911	94429986	MRE11	Exon/CDS
chr11	94429986	94435832	MRE11	Intron
chr11	94435832	94435899	MRE11	Exon/CDS
chr11	94435899	94437177	MRE11	Intron
chr11	94437177	94437235	MRE11	Exon/CDS
chr11	94437235	94445810	MRE11	Intron
chr11	94445810	94445893	MRE11	Exon/CDS
chr11	94445893	94447219	MRE11	Intron
chr11	94447219	94447438	MRE11	Exon/CDS
chr11	94447438	94456276	MRE11	Intron
chr11	94456276	94456338	MRE11	Exon/CDS
chr11	94456338	94459408	MRE11	Intron
chr11	94459408	94459581	MRE11	Exon/CDS
chr11	94459581	94460936	MRE11	Intron
chr11	94460936	94461036	MRE11	Exon/CDS
chr11	94461036	94464113	MRE11	Intron
chr11	94464113	94464239	MRE11	Exon/CDS
chr11	94464239	94467813	MRE11	Intron
chr11	94467813	94467893	MRE11	Exon/CDS
chr11	94467893	94470471	MRE11	Intron
chr11	94470471	94470642	MRE11	Exon/CDS
chr11	94470642	94471574	MRE11	Intron
chr11	94471574	94471759	MRE11	Exon/CDS
chr11	94471759	94476289	MRE11	Intron
chr11	94476289	94476403	MRE11	Exon/CDS
chr11	94476403	94478735	MRE11	Intron
chr11	94478735	94478876	MRE11	Exon/CDS
chr11	94478876	94479674	MRE11	Intron
chr11	94479674	94479761	MRE11	Exon/CDS
chr11	94479761	94485924	MRE11	Intron
chr11	94485924	94486084	MRE11	Exon/CDS
chr11	94486084	94490833	MRE11	Intron
chr11	94490833	94490965	MRE11	Exon/CDS
chr11	94490965	94492782	MRE11	Intron
chr11	94492782	94492801	MRE11	Exon/CDS
chr11	94492801	94494885	MRE11	Flanking Down
chr2	47387601	47403192	MSH2	Flanking Up
chr2	47403192	47403402	MSH2	Exon/CDS
chr2	47403402	47408401	MSH2	Intron
chr2	47408401	47408555	MSH2	Exon/CDS
chr2	47408555	47410094	MSH2	Intron
chr2	47410094	47410372	MSH2	Exon/CDS
chr2	47410372	47412414	MSH2	Intron
chr2	47412414	47412560	MSH2	Exon/CDS
chr2	47412560	47414269	MSH2	Intron
chr2	47414269	47414418	MSH2	Exon/CDS
chr2	47414418	47416296	MSH2	Intron
chr2	47416296	47416429	MSH2	Exon/CDS
chr2	47416429	47429742	MSH2	Intron
chr2	47429742	47429941	MSH2	Exon/CDS
chr2	47429941	47445548	MSH2	Intron
chr2	47445548	47445657	MSH2	Exon/CDS
chr2	47445657	47463031	MSH2	Intron
chr2	47463031	47463154	MSH2	Exon/CDS
chr2	47463154	47466658	MSH2	Intron
chr2	47466658	47466808	MSH2	Exon/CDS
chr2	47466808	47470965	MSH2	Intron
chr2	47470965	47471062	MSH2	Exon/CDS
chr2	47471062	47475025	MSH2	Intron
chr2	47475025	47475270	MSH2	Exon/CDS
chr2	47475270	47476367	MSH2	Intron
chr2	47476367	47476571	MSH2	Exon/CDS
chr2	47476571	47478272	MSH2	Intron
chr2	47478272	47478519	MSH2	Exon/CDS
chr2	47478519	47480696	MSH2	Intron
chr2	47480696	47480871	MSH2	Exon/CDS
chr2	47480871	47482779	MSH2	Intron
chr2	47482779	47482949	MSH2	Exon/CDS
chr2	47482949	47664146	MSH2	Flanking Down
chr5	80653652	80654728	MSH3	Flanking Up
chr5	80654728	80654964	MSH3	Exon/CDS
chr5	80654964	80656411	MSH3	Intron
chr5	80656411	80656531	MSH3	Exon/CDS
chr5	80656531	80665143	MSH3	Intron
chr5	80665143	80665363	MSH3	Exon/CDS
chr5	80665363	80670097	MSH3	Intron
chr5	80670097	80670309	MSH3	Exon/CDS
chr5	80670309	80672244	MSH3	Intron
chr5	80672244	80672360	MSH3	Exon/CDS
chr5	80672360	80672741	MSH3	Intron
chr5	80672741	80672858	MSH3	Exon/CDS
chr5	80672858	80674983	MSH3	Intron
chr5	80674983	80675128	MSH3	Exon/CDS
chr5	80675128	80678927	MSH3	Intron
chr5	80678927	80679093	MSH3	Exon/CDS
chr5	80679093	80725453	MSH3	Intron
chr5	80725453	80725565	MSH3	Exon/CDS
chr5	80725565	80728851	MSH3	Intron
chr5	80728851	80728965	MSH3	Exon/CDS
chr5	80728965	80741464	MSH3	Intron
chr5	80741464	80741548	MSH3	Exon/CDS
chr5	80741548	80744506	MSH3	Intron
chr5	80744506	80744615	MSH3	Exon/CDS
chr5	80744615	80761546	MSH3	Intron
chr5	80761546	80761678	MSH3	Exon/CDS
chr5	80761678	80767933	MSH3	Intron
chr5	80767933	80768120	MSH3	Exon/CDS
chr5	80768120	80768835	MSH3	Intron
chr5	80768835	80769003	MSH3	Exon/CDS
chr5	80769003	80775694	MSH3	Intron
chr5	80775694	80775758	MSH3	Exon/CDS
chr5	80775758	80778720	MSH3	Intron
chr5	80778720	80778836	MSH3	Exon/CDS
chr5	80778836	80787565	MSH3	Intron
chr5	80787565	80787672	MSH3	Exon/CDS
chr5	80787672	80792733	MSH3	Intron
chr5	80792733	80792844	MSH3	Exon/CDS
chr5	80792844	80813584	MSH3	Intron
chr5	80813584	80813741	MSH3	Exon/CDS
chr5	80813741	80854130	MSH3	Intron
chr5	80854130	80854316	MSH3	Exon/CDS
chr5	80854316	80864813	MSH3	Intron
chr5	80864813	80864942	MSH3	Exon/CDS
chr5	80864942	80873116	MSH3	Intron
chr5	80873116	80873287	MSH3	Exon/CDS
chr5	80873287	80875751	MSH3	Intron
chr5	80875751	80875862	MSH3	Exon/CDS
chr5	80875862	80876815	MSH3	Flanking Down
chr2	47694530	47783234	MSH6	Flanking Up
chr2	47783234	47783493	MSH6	Exon/CDS
chr2	47783493	47790927	MSH6	Intron
chr2	47790927	47791123	MSH6	Exon/CDS
chr2	47791123	47795894	MSH6	Intron
chr2	47795894	47796063	MSH6	Exon/CDS
chr2	47796063	47798611	MSH6	Intron
chr2	47798611	47801155	MSH6	Exon/CDS
chr2	47801155	47803420	MSH6	Intron
chr2	47803420	47803685	MSH6	Exon/CDS
chr2	47803685	47804910	MSH6	Intron
chr2	47804910	47805027	MSH6	Exon/CDS
chr2	47805027	47805618	MSH6	Intron
chr2	47805618	47805707	MSH6	Exon/CDS
chr2	47805707	47806204	MSH6	Intron
chr2	47806204	47806358	MSH6	Exon/CDS
chr2	47806358	47806452	MSH6	Intron
chr2	47806452	47806651	MSH6	Exon/CDS
chr2	47806651	47806779	MSH6	Intron
chr2	47806779	47806860	MSH6	Exon/CDS
chr2	47806860	47810063	MSH6	Flanking Down
chr9	21801636	21802749	MTAP	Flanking Up
chr9	21802749	21802781	MTAP	Exon/CDS
chr9	21802781	21815433	MTAP	Intron
chr9	21815433	21815519	MTAP	Exon/CDS
chr9	21815519	21816714	MTAP	Intron
chr9	21816714	21816772	MTAP	Exon/CDS
chr9	21816772	21818035	MTAP	Intron
chr9	21818035	21818202	MTAP	Exon/CDS
chr9	21818202	21837908	MTAP	Intron
chr9	21837908	21838010	MTAP	Exon/CDS
chr9	21838010	21854631	MTAP	Intron
chr9	21854631	21854870	MTAP	Exon/CDS
chr9	21854870	21859303	MTAP	Intron
chr9	21859303	21859425	MTAP	Exon/CDS
chr9	21859425	21861976	MTAP	Intron
chr9	21861976	21862014	MTAP	Exon/CDS
chr9	21862014	21937651	MTAP	Flanking Down
chr1	45329163	45329306	MUTYH	Flanking Up
chr1	45329306	45329437	MUTYH	Exon/CDS
chr1	45329437	45330516	MUTYH	Intron
chr1	45330516	45330557	MUTYH	Exon/CDS
chr1	45330557	45331182	MUTYH	Intron
chr1	45331182	45331334	MUTYH	Exon/CDS
chr1	45331334	45331420	MUTYH	Intron
chr1	45331420	45331556	MUTYH	Exon/CDS
chr1	45331556	45331661	MUTYH	Intron
chr1	45331661	45331849	MUTYH	Exon/CDS
chr1	45331849	45332023	MUTYH	Intron
chr1	45332023	45332086	MUTYH	Exon/CDS
chr1	45332086	45332166	MUTYH	Intron
chr1	45332166	45332310	MUTYH	Exon/CDS
chr1	45332310	45332391	MUTYH	Intron
chr1	45332391	45332488	MUTYH	Exon/CDS
chr1	45332488	45332574	MUTYH	Intron
chr1	45332574	45332687	MUTYH	Exon/CDS
chr1	45332687	45332763	MUTYH	Intron
chr1	45332763	45332834	MUTYH	Exon/CDS
chr1	45332834	45332918	MUTYH	Intron
chr1	45332918	45332959	MUTYH	Exon/CDS
chr1	45332959	45333097	MUTYH	Intron
chr1	45333097	45333170	MUTYH	Exon/CDS
chr1	45333170	45333285	MUTYH	Intron
chr1	45333285	45333324	MUTYH	Exon/CDS
chr1	45333324	45333413	MUTYH	Intron
chr1	45333413	45333561	MUTYH	Exon/CDS
chr1	45333561	45334391	MUTYH	Intron
chr1	45334391	45334505	MUTYH	Exon/CDS
chr1	45334505	45341893	MUTYH	Flanking Down
chr4	163110073	163128897	NAF1	Flanking Up
chr4	163128897	163129348	NAF1	Exon/CDS
chr4	163129348	163133154	NAF1	Intron
chr4	163133154	163133256	NAF1	Exon/CDS
chr4	163133256	163137199	NAF1	Intron
chr4	163137199	163137250	NAF1	Exon/CDS
chr4	163137250	163140223	NAF1	Intron
chr4	163140223	163140383	NAF1	Exon/CDS
chr4	163140383	163145782	NAF1	Intron
chr4	163145782	163145864	NAF1	Exon/CDS
chr4	163145864	163148341	NAF1	Intron
chr4	163148341	163148434	NAF1	Exon/CDS
chr4	163148434	163164217	NAF1	Intron
chr4	163164217	163164391	NAF1	Exon/CDS
chr4	163164391	163166363	NAF1	Intron
chr4	163166363	163166727	NAF1	Exon/CDS
chr4	163166727	163167890	NAF1	Flanking Down
chr8	143574785	143574838	NAPRT	Flanking Up
chr8	143574838	143574900	NAPRT	Exon/CDS
chr8	143574900	143574986	NAPRT	Intron
chr8	143574986	143575093	NAPRT	Exon/CDS
chr8	143575093	143575191	NAPRT	Intron
chr8	143575191	143575345	NAPRT	Exon/CDS
chr8	143575345	143575423	NAPRT	Intron
chr8	143575423	143575525	NAPRT	Exon/CDS
chr8	143575525	143575622	NAPRT	Intron
chr8	143575622	143575702	NAPRT	Exon/CDS
chr8	143575702	143576078	NAPRT	Intron
chr8	143576078	143576162	NAPRT	Exon/CDS
chr8	143576162	143576432	NAPRT	Intron
chr8	143576432	143576572	NAPRT	Exon/CDS
chr8	143576572	143576646	NAPRT	Intron
chr8	143576646	143576842	NAPRT	Exon/CDS
chr8	143576842	143577062	NAPRT	Intron
chr8	143577062	143577177	NAPRT	Exon/CDS
chr8	143577177	143577269	NAPRT	Intron
chr8	143577269	143577399	NAPRT	Exon/CDS
chr8	143577399	143577657	NAPRT	Intron
chr8	143577657	143577739	NAPRT	Exon/CDS
chr8	143577739	143577816	NAPRT	Intron
chr8	143577816	143577943	NAPRT	Exon/CDS
chr8	143577943	143578093	NAPRT	Intron
chr8	143578093	143578318	NAPRT	Exon/CDS
chr8	143578318	143579649	NAPRT	Flanking Down
chr8	89924515	89935582	NBN	Flanking Up
chr8	89935582	89935612	NBN	Exon/CDS
chr8	89935612	89937026	NBN	Intron
chr8	89937026	89937075	NBN	Exon/CDS
chr8	89937075	89943253	NBN	Intron
chr8	89943253	89943366	NBN	Exon/CDS
chr8	89943366	89946140	NBN	Intron
chr8	89946140	89946295	NBN	Exon/CDS
chr8	89946295	89947824	NBN	Intron
chr8	89947824	89947892	NBN	Exon/CDS
chr8	89947892	89953244	NBN	Intron
chr8	89953244	89953691	NBN	Exon/CDS
chr8	89953691	89955283	NBN	Intron
chr8	89955283	89955555	NBN	Exon/CDS
chr8	89955555	89958725	NBN	Intron
chr8	89958725	89958854	NBN	Exon/CDS
chr8	89958854	89964410	NBN	Intron
chr8	89964410	89964507	NBN	Exon/CDS
chr8	89964507	89970364	NBN	Intron
chr8	89970364	89970557	NBN	Exon/CDS
chr8	89970557	89971173	NBN	Intron
chr8	89971173	89971290	NBN	Exon/CDS
chr8	89971290	89978220	NBN	Intron
chr8	89978220	89978323	NBN	Exon/CDS
chr8	89978323	89980734	NBN	Intron
chr8	89980734	89980893	NBN	Exon/CDS
chr8	89980893	89981375	NBN	Intron
chr8	89981375	89981523	NBN	Exon/CDS
chr8	89981523	89982722	NBN	Intron
chr8	89982722	89982855	NBN	Exon/CDS
chr8	89982855	89984525	NBN	Intron
chr8	89984525	89984561	NBN	Exon/CDS
chr8	89984561	90004228	NBN	Flanking Down
chr17	31093927	31095310	NF1	Flanking Up
chr17	31095310	31095369	NF1	Exon/CDS
chr17	31095369	31155983	NF1	Intron
chr17	31155983	31156126	NF1	Exon/CDS
chr17	31156126	31159010	NF1	Intron
chr17	31159010	31159093	NF1	Exon/CDS
chr17	31159093	31163186	NF1	Intron
chr17	31163186	31163376	NF1	Exon/CDS
chr17	31163376	31169891	NF1	Intron
chr17	31169891	31169997	NF1	Exon/CDS
chr17	31169997	31181422	NF1	Intron
chr17	31181422	31181489	NF1	Exon/CDS
chr17	31181489	31181710	NF1	Intron
chr17	31181710	31181785	NF1	Exon/CDS
chr17	31181785	31182508	NF1	Intron
chr17	31182508	31182665	NF1	Exon/CDS
chr17	31182665	31200422	NF1	Intron
chr17	31200422	31200595	NF1	Exon/CDS
chr17	31200595	31201037	NF1	Intron
chr17	31201037	31201159	NF1	Exon/CDS
chr17	31201159	31201411	NF1	Intron
chr17	31201411	31201485	NF1	Exon/CDS
chr17	31201485	31206240	NF1	Intron
chr17	31206240	31206371	NF1	Exon/CDS
chr17	31206371	31214451	NF1	Intron
chr17	31214451	31214585	NF1	Exon/CDS
chr17	31214585	31219005	NF1	Intron
chr17	31219005	31219118	NF1	Exon/CDS
chr17	31219118	31221850	NF1	Intron
chr17	31221850	31221929	NF1	Exon/CDS
chr17	31221929	31223444	NF1	Intron
chr17	31223444	31223567	NF1	Exon/CDS
chr17	31223567	31225095	NF1	Intron
chr17	31225095	31225250	NF1	Exon/CDS
chr17	31225250	31226435	NF1	Intron
chr17	31226435	31226684	NF1	Exon/CDS
chr17	31226684	31227218	NF1	Intron
chr17	31227218	31227291	NF1	Exon/CDS
chr17	31227291	31227523	NF1	Intron
chr17	31227523	31227606	NF1	Exon/CDS
chr17	31227606	31229025	NF1	Intron
chr17	31229025	31229465	NF1	Exon/CDS
chr17	31229465	31229835	NF1	Intron
chr17	31229835	31229974	NF1	Exon/CDS
chr17	31229974	31230260	NF1	Intron
chr17	31230260	31230382	NF1	Exon/CDS
chr17	31230382	31230842	NF1	Intron
chr17	31230842	31230925	NF1	Exon/CDS
chr17	31230925	31232073	NF1	Intron
chr17	31232073	31232189	NF1	Exon/CDS
chr17	31232189	31232700	NF1	Intron
chr17	31232700	31232881	NF1	Exon/CDS
chr17	31232881	31233002	NF1	Intron
chr17	31233002	31233213	NF1	Exon/CDS
chr17	31233213	31235611	NF1	Intron
chr17	31235611	31235772	NF1	Exon/CDS
chr17	31235772	31235918	NF1	Intron
chr17	31235918	31236021	NF1	Exon/CDS
chr17	31236021	31248984	NF1	Intron
chr17	31248984	31249119	NF1	Exon/CDS
chr17	31249119	31252938	NF1	Intron
chr17	31252938	31253000	NF1	Exon/CDS
chr17	31253000	31258344	NF1	Intron
chr17	31258344	31258502	NF1	Exon/CDS
chr17	31258502	31259032	NF1	Intron
chr17	31259032	31259129	NF1	Exon/CDS
chr17	31259129	31260369	NF1	Intron
chr17	31260369	31260515	NF1	Exon/CDS
chr17	31260515	31261711	NF1	Intron
chr17	31261711	31261857	NF1	Exon/CDS
chr17	31261857	31265229	NF1	Intron
chr17	31265229	31265339	NF1	Exon/CDS
chr17	31265339	31325820	NF1	Intron
chr17	31325820	31326252	NF1	Exon/CDS
chr17	31326252	31327499	NF1	Intron
chr17	31327499	31327839	NF1	Exon/CDS
chr17	31327839	31330296	NF1	Intron
chr17	31330296	31330498	NF1	Exon/CDS
chr17	31330498	31334838	NF1	Intron
chr17	31334838	31335031	NF1	Exon/CDS
chr17	31335031	31336333	NF1	Intron
chr17	31336333	31336473	NF1	Exon/CDS
chr17	31336473	31336635	NF1	Intron
chr17	31336635	31336914	NF1	Exon/CDS
chr17	31336914	31337368	NF1	Intron
chr17	31337368	31337582	NF1	Exon/CDS
chr17	31337582	31337819	NF1	Intron
chr17	31337819	31337880	NF1	Exon/CDS
chr17	31337880	31338025	NF1	Intron
chr17	31338025	31338139	NF1	Exon/CDS
chr17	31338139	31338704	NF1	Intron
chr17	31338704	31338805	NF1	Exon/CDS
chr17	31338805	31340505	NF1	Intron
chr17	31340505	31340645	NF1	Exon/CDS
chr17	31340645	31343009	NF1	Intron
chr17	31343009	31343135	NF1	Exon/CDS
chr17	31343135	31349120	NF1	Intron
chr17	31349120	31349251	NF1	Exon/CDS
chr17	31349251	31350183	NF1	Intron
chr17	31350183	31350318	NF1	Exon/CDS
chr17	31350318	31352257	NF1	Intron
chr17	31352257	31352414	NF1	Exon/CDS
chr17	31352414	31356460	NF1	Intron
chr17	31356460	31356582	NF1	Exon/CDS
chr17	31356582	31356960	NF1	Intron
chr17	31356960	31357090	NF1	Exon/CDS
chr17	31357090	31357269	NF1	Intron
chr17	31357269	31357369	NF1	Exon/CDS
chr17	31357369	31358480	NF1	Intron
chr17	31358480	31358622	NF1	Exon/CDS
chr17	31358622	31358969	NF1	Intron
chr17	31358969	31359015	NF1	Exon/CDS
chr17	31359015	31360487	NF1	Intron
chr17	31360487	31360703	NF1	Exon/CDS
chr17	31360703	31374013	NF1	Intron
chr17	31374013	31374155	NF1	Exon/CDS
chr17	31374155	31382116	NF1	Flanking Down
chr22	29602556	29603999	NF2	Flanking Up
chr22	29603999	29604112	NF2	Exon/CDS
chr22	29604112	29636751	NF2	Intron
chr22	29636751	29636876	NF2	Exon/CDS
chr22	29636876	29639090	NF2	Intron
chr22	29639090	29639212	NF2	Exon/CDS
chr22	29639212	29642202	NF2	Intron
chr22	29642202	29642285	NF2	Exon/CDS
chr22	29642285	29654657	NF2	Intron
chr22	29654657	29654725	NF2	Exon/CDS
chr22	29654725	29655594	NF2	Intron
chr22	29655594	29655676	NF2	Exon/CDS
chr22	29655676	29658189	NF2	Intron
chr22	29658189	29658264	NF2	Exon/CDS
chr22	29658264	29661205	NF2	Intron
chr22	29661205	29661339	NF2	Exon/CDS
chr22	29661339	29664990	NF2	Intron
chr22	29664990	29665064	NF2	Exon/CDS
chr22	29665064	29668333	NF2	Intron
chr22	29668333	29668446	NF2	Exon/CDS
chr22	29668446	29671826	NF2	Intron
chr22	29671826	29671948	NF2	Exon/CDS
chr22	29671948	29673269	NF2	Intron
chr22	29673269	29673486	NF2	Exon/CDS
chr22	29673486	29674836	NF2	Intron
chr22	29674836	29674941	NF2	Exon/CDS
chr22	29674941	29678196	NF2	Intron
chr22	29678196	29678323	NF2	Exon/CDS
chr22	29678323	29681439	NF2	Intron
chr22	29681439	29681601	NF2	Exon/CDS
chr22	29681601	29694752	NF2	Intron
chr22	29694752	29694802	NF2	Exon/CDS
chr22	29694802	29698598	NF2	Flanking Down
chr5	178149463	178149713	NHP2	Flanking Up
chr5	178149713	178149838	NHP2	Exon/CDS
chr5	178149838	178150888	NHP2	Intron
chr5	178150888	178150993	NHP2	Exon/CDS
chr5	178150993	178153491	NHP2	Intron
chr5	178153491	178153560	NHP2	Exon/CDS
chr5	178153560	178153658	NHP2	Intron
chr5	178153658	178153817	NHP2	Exon/CDS
chr5	178153817	178154894	NHP2	Flanking Down
chr19	54952130	54970016	NLRP2	Flanking Up
chr19	54970016	54970295	NLRP2	Exon/CDS
chr19	54970295	54974500	NLRP2	Intron
chr19	54974500	54974544	NLRP2	Exon/CDS
chr19	54974544	54977752	NLRP2	Intron
chr19	54977752	54977823	NLRP2	Exon/CDS
chr19	54977823	54981617	NLRP2	Intron
chr19	54981617	54981682	NLRP2	Exon/CDS
chr19	54981682	54982162	NLRP2	Intron
chr19	54982162	54983728	NLRP2	Exon/CDS
chr19	54983728	54985047	NLRP2	Intron
chr19	54985047	54985217	NLRP2	Exon/CDS
chr19	54985217	54986151	NLRP2	Intron
chr19	54986151	54986315	NLRP2	Exon/CDS
chr19	54986315	54990022	NLRP2	Intron
chr19	54990022	54990192	NLRP2	Exon/CDS
chr19	54990192	54990502	NLRP2	Intron
chr19	54990502	54990672	NLRP2	Exon/CDS
chr19	54990672	54994269	NLRP2	Intron
chr19	54994269	54994439	NLRP2	Exon/CDS
chr19	54994439	54997317	NLRP2	Intron
chr19	54997317	54997487	NLRP2	Exon/CDS
chr19	54997487	55000760	NLRP2	Intron
chr19	55000760	55000898	NLRP2	Exon/CDS
chr19	55000898	55001142	NLRP2	Flanking Down
chr19	55998726	56003807	NLRP5	Flanking Up
chr19	56003807	56004095	NLRP5	Exon/CDS
chr19	56004095	56008788	NLRP5	Intron
chr19	56008788	56008853	NLRP5	Exon/CDS
chr19	56008853	56015742	NLRP5	Intron
chr19	56015742	56015798	NLRP5	Exon/CDS
chr19	56015798	56019342	NLRP5	Intron
chr19	56019342	56019398	NLRP5	Exon/CDS
chr19	56019398	56020375	NLRP5	Intron
chr19	56020375	56020431	NLRP5	Exon/CDS
chr19	56020431	56026913	NLRP5	Intron
chr19	56026913	56028509	NLRP5	Exon/CDS
chr19	56028509	56032611	NLRP5	Intron
chr19	56032611	56032781	NLRP5	Exon/CDS
chr19	56032781	56033542	NLRP5	Intron
chr19	56033542	56033709	NLRP5	Exon/CDS
chr19	56033709	56038025	NLRP5	Intron
chr19	56038025	56038195	NLRP5	Exon/CDS
chr19	56038195	56040922	NLRP5	Intron
chr19	56040922	56041092	NLRP5	Exon/CDS
chr19	56041092	56050418	NLRP5	Intron
chr19	56050418	56050588	NLRP5	Exon/CDS
chr19	56050588	56053638	NLRP5	Intron
chr19	56053638	56053808	NLRP5	Exon/CDS
chr19	56053808	56058240	NLRP5	Intron
chr19	56058240	56058410	NLRP5	Exon/CDS
chr19	56058410	56061396	NLRP5	Intron
chr19	56061396	56061528	NLRP5	Exon/CDS
chr19	56061528	56061810	NLRP5	Flanking Down
chr19	54923509	54923740	NLRP7	Flanking Up
chr19	54923740	54923872	NLRP7	Exon/CDS
chr19	54923872	54927605	NLRP7	Intron
chr19	54927605	54927775	NLRP7	Exon/CDS
chr19	54927775	54930499	NLRP7	Intron
chr19	54930499	54930666	NLRP7	Exon/CDS
chr19	54930666	54933569	NLRP7	Intron
chr19	54933569	54933739	NLRP7	Exon/CDS
chr19	54933739	54934489	NLRP7	Intron
chr19	54934489	54934659	NLRP7	Exon/CDS
chr19	54934659	54936261	NLRP7	Intron
chr19	54936261	54936431	NLRP7	Exon/CDS
chr19	54936431	54938044	NLRP7	Intron
chr19	54938044	54938241	NLRP7	Exon/CDS
chr19	54938241	54938888	NLRP7	Intron
chr19	54938888	54940466	NLRP7	Exon/CDS
chr19	54940466	54940931	NLRP7	Intron
chr19	54940931	54941005	NLRP7	Exon/CDS
chr19	54941005	54941435	NLRP7	Intron
chr19	54941435	54941711	NLRP7	Exon/CDS
chr19	54941711	54967312	NLRP7	Flanking Down
chr15	34339159	34341968	NOP10	Flanking Up
chr15	34341968	34342108	NOP10	Exon/CDS
chr15	34342108	34343020	NOP10	Intron
chr15	34343020	34343073	NOP10	Exon/CDS
chr15	34343073	34344180	NOP10	Flanking Down
chr5	171386116	171387949	NPM1	Flanking Up
chr5	171387949	171388006	NPM1	Exon/CDS
chr5	171388006	171390051	NPM1	Intron
chr5	171390051	171390130	NPM1	Exon/CDS
chr5	171390130	171391305	NPM1	Intron
chr5	171391305	171391424	NPM1	Exon/CDS
chr5	171391424	171391706	NPM1	Intron
chr5	171391706	171391799	NPM1	Exon/CDS
chr5	171391799	171392710	NPM1	Intron
chr5	171392710	171392816	NPM1	Exon/CDS
chr5	171392816	171392914	NPM1	Intron
chr5	171392914	171392978	NPM1	Exon/CDS
chr5	171392978	171400153	NPM1	Intron
chr5	171400153	171400210	NPM1	Exon/CDS
chr5	171400210	171400839	NPM1	Intron
chr5	171400839	171400925	NPM1	Exon/CDS
chr5	171400925	171405302	NPM1	Intron
chr5	171405302	171405403	NPM1	Exon/CDS
chr5	171405403	171407700	NPM1	Intron
chr5	171407700	171407774	NPM1	Exon/CDS
chr5	171407774	171410527	NPM1	Intron
chr5	171410527	171410565	NPM1	Exon/CDS
chr5	171410565	171411810	NPM1	Flanking Down
chr1	114704469	114708535	NRAS	Flanking Up
chr1	114708535	114708654	NRAS	Exon/CDS
chr1	114708654	114709569	NRAS	Intron
chr1	114709569	114709728	NRAS	Exon/CDS
chr1	114709728	114713800	NRAS	Intron
chr1	114713800	114713978	NRAS	Exon/CDS
chr1	114713978	114716050	NRAS	Intron
chr1	114716050	114716160	NRAS	Exon/CDS
chr1	114716160	114717771	NRAS	Flanking Down
chr5	177130830	177135104	NSD1	Flanking Up
chr5	177135104	177136030	NSD1	Exon/CDS
chr5	177136030	177191884	NSD1	Intron
chr5	177191884	177192019	NSD1	Exon/CDS
chr5	177192019	177204120	NSD1	Intron
chr5	177204120	177204292	NSD1	Exon/CDS
chr5	177204292	177209636	NSD1	Intron
chr5	177209636	177212195	NSD1	Exon/CDS
chr5	177212195	177235821	NSD1	Intron
chr5	177235821	177235945	NSD1	Exon/CDS
chr5	177235945	177238237	NSD1	Intron
chr5	177238237	177238507	NSD1	Exon/CDS
chr5	177238507	177239756	NSD1	Intron
chr5	177239756	177239865	NSD1	Exon/CDS
chr5	177239865	177244195	NSD1	Intron
chr5	177244195	177244270	NSD1	Exon/CDS
chr5	177244270	177246678	NSD1	Intron
chr5	177246678	177246796	NSD1	Exon/CDS
chr5	177246796	177248181	NSD1	Intron
chr5	177248181	177248324	NSD1	Exon/CDS
chr5	177248324	177251730	NSD1	Intron
chr5	177251730	177251853	NSD1	Exon/CDS
chr5	177251853	177256951	NSD1	Intron
chr5	177256951	177257151	NSD1	Exon/CDS
chr5	177257151	177259989	NSD1	Intron
chr5	177259989	177260168	NSD1	Exon/CDS
chr5	177260168	177267562	NSD1	Intron
chr5	177267562	177267718	NSD1	Exon/CDS
chr5	177267718	177269602	NSD1	Intron
chr5	177269602	177269807	NSD1	Exon/CDS
chr5	177269807	177273672	NSD1	Intron
chr5	177273672	177273784	NSD1	Exon/CDS
chr5	177273784	177280565	NSD1	Intron
chr5	177280565	177280834	NSD1	Exon/CDS
chr5	177280834	177282465	NSD1	Intron
chr5	177282465	177282581	NSD1	Exon/CDS
chr5	177282581	177283787	NSD1	Intron
chr5	177283787	177283928	NSD1	Exon/CDS
chr5	177283928	177288819	NSD1	Intron
chr5	177288819	177288925	NSD1	Exon/CDS
chr5	177288925	177291954	NSD1	Intron
chr5	177291954	177292158	NSD1	Exon/CDS
chr5	177292158	177293832	NSD1	Intron
chr5	177293832	177295459	NSD1	Exon/CDS
chr5	177295459	177300213	NSD1	Flanking Down
chr16	2039815	2039924	NTHL1	Flanking Up
chr16	2039924	2040047	NTHL1	Exon/CDS
chr16	2040047	2040133	NTHL1	Intron
chr16	2040133	2040238	NTHL1	Exon/CDS
chr16	2040238	2043567	NTHL1	Intron
chr16	2043567	2043726	NTHL1	Exon/CDS
chr16	2043726	2044630	NTHL1	Intron
chr16	2044630	2044800	NTHL1	Exon/CDS
chr16	2044800	2046128	NTHL1	Intron
chr16	2046128	2046366	NTHL1	Exon/CDS
chr16	2046366	2047709	NTHL1	Intron
chr16	2047709	2047823	NTHL1	Exon/CDS
chr16	2047823	2048866	NTHL1	Flanking Down
chr1	17371196	17372246	PADI6	Flanking Up
chr1	17372246	17372361	PADI6	Exon/CDS
chr1	17372361	17373056	PADI6	Intron
chr1	17373056	17373233	PADI6	Exon/CDS
chr1	17373233	17375427	PADI6	Intron
chr1	17375427	17375499	PADI6	Exon/CDS
chr1	17375499	17379920	PADI6	Intron
chr1	17379920	17379987	PADI6	Exon/CDS
chr1	17379987	17381047	PADI6	Intron
chr1	17381047	17381164	PADI6	Exon/CDS
chr1	17381164	17381967	PADI6	Intron
chr1	17381967	17382092	PADI6	Exon/CDS
chr1	17382092	17388381	PADI6	Intron
chr1	17388381	17388559	PADI6	Exon/CDS
chr1	17388559	17388777	PADI6	Intron
chr1	17388777	17388880	PADI6	Exon/CDS
chr1	17388880	17392114	PADI6	Intron
chr1	17392114	17392225	PADI6	Exon/CDS
chr1	17392225	17393975	PADI6	Intron
chr1	17393975	17394082	PADI6	Exon/CDS
chr1	17394082	17394300	PADI6	Intron
chr1	17394300	17394454	PADI6	Exon/CDS
chr1	17394454	17394951	PADI6	Intron
chr1	17394951	17395107	PADI6	Exon/CDS
chr1	17395107	17395540	PADI6	Intron
chr1	17395540	17395663	PADI6	Exon/CDS
chr1	17395663	17397071	PADI6	Intron
chr1	17397071	17397141	PADI6	Exon/CDS
chr1	17397141	17398686	PADI6	Intron
chr1	17398686	17398847	PADI6	Exon/CDS
chr1	17398847	17401205	PADI6	Intron
chr1	17401205	17401438	PADI6	Exon/CDS
chr1	17401438	17401699	PADI6	Flanking Down
chr16	23603160	23603459	PALB2	Flanking Up
chr16	23603459	23603669	PALB2	Exon/CDS
chr16	23603669	23607864	PALB2	Intron
chr16	23607864	23608012	PALB2	Exon/CDS
chr16	23608012	23614004	PALB2	Intron
chr16	23614004	23614091	PALB2	Exon/CDS
chr16	23614091	23621362	PALB2	Intron
chr16	23621362	23621478	PALB2	Exon/CDS
chr16	23621478	23622969	PALB2	Intron
chr16	23622969	23623130	PALB2	Exon/CDS
chr16	23623130	23624009	PALB2	Intron
chr16	23624009	23624094	PALB2	Exon/CDS
chr16	23624094	23626236	PALB2	Intron
chr16	23626236	23626397	PALB2	Exon/CDS
chr16	23626397	23629204	PALB2	Intron
chr16	23629204	23629275	PALB2	Exon/CDS
chr16	23629275	23629640	PALB2	Intron
chr16	23629640	23630469	PALB2	Exon/CDS
chr16	23630469	23634862	PALB2	Intron
chr16	23634862	23636334	PALB2	Exon/CDS
chr16	23636334	23637850	PALB2	Intron
chr16	23637850	23637952	PALB2	Exon/CDS
chr16	23637952	23638070	PALB2	Intron
chr16	23638070	23638129	PALB2	Exon/CDS
chr16	23638129	23641110	PALB2	Intron
chr16	23641110	23641157	PALB2	Exon/CDS
chr16	23641157	23642321	PALB2	Flanking Down
chr4	168496052	168511505	PALLD	Flanking Up
chr4	168511505	168512412	PALLD	Exon/CDS
chr4	168512412	168668190	PALLD	Intron
chr4	168668190	168668368	PALLD	Exon/CDS
chr4	168668368	168681332	PALLD	Intron
chr4	168681332	168681398	PALLD	Exon/CDS
chr4	168681398	168682998	PALLD	Intron
chr4	168682998	168683103	PALLD	Exon/CDS
chr4	168683103	168685485	PALLD	Intron
chr4	168685485	168685559	PALLD	Exon/CDS
chr4	168685559	168690603	PALLD	Intron
chr4	168690603	168690744	PALLD	Exon/CDS
chr4	168690744	168691269	PALLD	Intron
chr4	168691269	168691292	PALLD	Exon/CDS
chr4	168691292	168709028	PALLD	Intron
chr4	168709028	168709147	PALLD	Exon/CDS
chr4	168709147	168711581	PALLD	Intron
chr4	168711581	168711923	PALLD	Exon/CDS
chr4	168711923	168890922	PALLD	Intron
chr4	168890922	168891057	PALLD	Exon/CDS
chr4	168891057	168894579	PALLD	Intron
chr4	168894579	168894677	PALLD	Exon/CDS
chr4	168894677	168896549	PALLD	Intron
chr4	168896549	168896599	PALLD	Exon/CDS
chr4	168896599	168898493	PALLD	Intron
chr4	168898493	168898714	PALLD	Exon/CDS
chr4	168898714	168903757	PALLD	Intron
chr4	168903757	168903906	PALLD	Exon/CDS
chr4	168903906	168913927	PALLD	Intron
chr4	168913927	168914021	PALLD	Exon/CDS
chr4	168914021	168915895	PALLD	Intron
chr4	168915895	168916027	PALLD	Exon/CDS
chr4	168916027	168921534	PALLD	Intron
chr4	168921534	168921741	PALLD	Exon/CDS
chr4	168921741	168924255	PALLD	Intron
chr4	168924255	168924420	PALLD	Exon/CDS
chr4	168924420	168924945	PALLD	Intron
chr4	168924945	168925078	PALLD	Exon/CDS
chr4	168925078	168925233	PALLD	Intron
chr4	168925233	168925246	PALLD	Exon/CDS
chr4	168925246	168928457	PALLD	Flanking Down
chr16	14435700	14436717	PARN	Flanking Up
chr16	14436717	14436772	PARN	Exon/CDS
chr16	14436772	14446888	PARN	Intron
chr16	14446888	14447081	PARN	Exon/CDS
chr16	14447081	14482638	PARN	Intron
chr16	14482638	14482827	PARN	Exon/CDS
chr16	14482827	14552021	PARN	Intron
chr16	14552021	14552095	PARN	Exon/CDS
chr16	14552095	14554065	PARN	Intron
chr16	14554065	14554151	PARN	Exon/CDS
chr16	14554151	14555654	PARN	Intron
chr16	14555654	14555709	PARN	Exon/CDS
chr16	14555709	14580874	PARN	Intron
chr16	14580874	14580943	PARN	Exon/CDS
chr16	14580943	14582181	PARN	Intron
chr16	14582181	14582291	PARN	Exon/CDS
chr16	14582291	14584347	PARN	Intron
chr16	14584347	14584422	PARN	Exon/CDS
chr16	14584422	14584749	PARN	Intron
chr16	14584749	14584791	PARN	Exon/CDS
chr16	14584791	14586318	PARN	Intron
chr16	14586318	14586361	PARN	Exon/CDS
chr16	14586361	14593301	PARN	Intron
chr16	14593301	14593378	PARN	Exon/CDS
chr16	14593378	14599904	PARN	Intron
chr16	14599904	14599960	PARN	Exon/CDS
chr16	14599960	14604146	PARN	Intron
chr16	14604146	14604226	PARN	Exon/CDS
chr16	14604226	14606484	PARN	Intron
chr16	14606484	14606526	PARN	Exon/CDS
chr16	14606526	14608281	PARN	Intron
chr16	14608281	14608319	PARN	Exon/CDS
chr16	14608319	14609058	PARN	Intron
chr16	14609058	14609123	PARN	Exon/CDS
chr16	14609123	14610644	PARN	Intron
chr16	14610644	14610809	PARN	Exon/CDS
chr16	14610809	14617590	PARN	Intron
chr16	14617590	14617650	PARN	Exon/CDS
chr16	14617650	14627106	PARN	Intron
chr16	14627106	14627187	PARN	Exon/CDS
chr16	14627187	14627269	PARN	Intron
chr16	14627269	14627336	PARN	Exon/CDS
chr16	14627336	14628172	PARN	Intron
chr16	14628172	14628251	PARN	Exon/CDS
chr16	14628251	14629597	PARN	Intron
chr16	14629597	14629674	PARN	Exon/CDS
chr16	14629674	14630107	PARN	Intron
chr16	14630107	14630125	PARN	Exon/CDS
chr16	14630125	14633728	PARN	Flanking Down
chr9	36833269	36840560	PAX5	Flanking Up
chr9	36840560	36840636	PAX5	Exon/CDS
chr9	36840636	36846843	PAX5	Intron
chr9	36846843	36846929	PAX5	Exon/CDS
chr9	36846929	36882004	PAX5	Intron
chr9	36882004	36882105	PAX5	Exon/CDS
chr9	36882105	36923355	PAX5	Intron
chr9	36923355	36923484	PAX5	Exon/CDS
chr9	36923484	36966549	PAX5	Intron
chr9	36966549	36966724	PAX5	Exon/CDS
chr9	36966724	37002648	PAX5	Intron
chr9	37002648	37002776	PAX5	Exon/CDS
chr9	37002776	37006473	PAX5	Intron
chr9	37006473	37006537	PAX5	Exon/CDS
chr9	37006537	37014997	PAX5	Intron
chr9	37014997	37015194	PAX5	Exon/CDS
chr9	37015194	37020636	PAX5	Intron
chr9	37020636	37020801	PAX5	Exon/CDS
chr9	37020801	37033986	PAX5	Intron
chr9	37033986	37034031	PAX5	Exon/CDS
chr9	37034031	37035268	PAX5	Flanking Down
chr11	31790709	31790710	PAX6	Intron
chr11	31790710	31790860	PAX6	Exon/CDS
chr11	31790860	31793438	PAX6	Intron
chr11	31793438	31793553	PAX6	Exon/CDS
chr11	31793553	31793652	PAX6	Intron
chr11	31793652	31793802	PAX6	Exon/CDS
chr11	31793802	31794032	PAX6	Intron
chr11	31794032	31794114	PAX6	Exon/CDS
chr11	31794114	31794630	PAX6	Intron
chr11	31794630	31794788	PAX6	Exon/CDS
chr11	31794788	31800691	PAX6	Intron
chr11	31800691	31800856	PAX6	Exon/CDS
chr11	31800856	31801561	PAX6	Intron
chr11	31801561	31801776	PAX6	Exon/CDS
chr11	31801776	31801871	PAX6	Intron
chr11	31801871	31801912	PAX6	Exon/CDS
chr11	31801912	31802704	PAX6	Intron
chr11	31802704	31802834	PAX6	Exon/CDS
chr11	31802834	31806402	PAX6	Intron
chr11	31806402	31806411	PAX6	Exon/CDS
chr11	31806411	31827961	PAX6	Flanking Down
chr4	54228280	54258769	PDGFRA	Flanking Up
chr4	54258769	54258817	PDGFRA	Exon/CDS
chr4	54258817	54261095	PDGFRA	Intron
chr4	54261095	54261412	PDGFRA	Exon/CDS
chr4	54261412	54263667	PDGFRA	Intron
chr4	54263667	54263927	PDGFRA	Exon/CDS
chr4	54263927	54264919	PDGFRA	Intron
chr4	54264919	54265049	PDGFRA	Exon/CDS
chr4	54265049	54267289	PDGFRA	Intron
chr4	54267289	54267460	PDGFRA	Exon/CDS
chr4	54267460	54267552	PDGFRA	Intron
chr4	54267552	54267741	PDGFRA	Exon/CDS
chr4	54267741	54270633	PDGFRA	Intron
chr4	54270633	54270748	PDGFRA	Exon/CDS
chr4	54270748	54272394	PDGFRA	Intron
chr4	54272394	54272520	PDGFRA	Exon/CDS
chr4	54272520	54273537	PDGFRA	Intron
chr4	54273537	54273730	PDGFRA	Exon/CDS
chr4	54273730	54274531	PDGFRA	Intron
chr4	54274531	54274625	PDGFRA	Exon/CDS
chr4	54274625	54274841	PDGFRA	Intron
chr4	54274841	54274973	PDGFRA	Exon/CDS
chr4	54274973	54277388	PDGFRA	Intron
chr4	54277388	54277492	PDGFRA	Exon/CDS
chr4	54277492	54277896	PDGFRA	Intron
chr4	54277896	54278006	PDGFRA	Exon/CDS
chr4	54278006	54278362	PDGFRA	Intron
chr4	54278362	54278515	PDGFRA	Exon/CDS
chr4	54278515	54280316	PDGFRA	Intron
chr4	54280316	54280482	PDGFRA	Exon/CDS
chr4	54280482	54285371	PDGFRA	Intron
chr4	54285371	54285486	PDGFRA	Exon/CDS
chr4	54285486	54285841	PDGFRA	Intron
chr4	54285841	54285963	PDGFRA	Exon/CDS
chr4	54285963	54287430	PDGFRA	Intron
chr4	54287430	54287541	PDGFRA	Exon/CDS
chr4	54287541	54288799	PDGFRA	Intron
chr4	54288799	54288898	PDGFRA	Exon/CDS
chr4	54288898	54289009	PDGFRA	Intron
chr4	54289009	54289114	PDGFRA	Exon/CDS
chr4	54289114	54290313	PDGFRA	Intron
chr4	54290313	54290554	PDGFRA	Exon/CDS
chr4	54290554	54295125	PDGFRA	Intron
chr4	54295125	54295272	PDGFRA	Exon/CDS
chr4	54295272	54298245	PDGFRA	Flanking Down
chr5	150113839	150115763	PDGFRB	Flanking Up
chr5	150115763	150115946	PDGFRB	Exon/CDS
chr5	150115946	150117618	PDGFRB	Intron
chr5	150117618	150117850	PDGFRB	Exon/CDS
chr5	150117850	150118747	PDGFRB	Intron
chr5	150118747	150118852	PDGFRB	Exon/CDS
chr5	150118852	150119467	PDGFRB	Intron
chr5	150119467	150119566	PDGFRB	Exon/CDS
chr5	150119566	150120012	PDGFRB	Intron
chr5	150120012	150120123	PDGFRB	Exon/CDS
chr5	150120123	150120888	PDGFRB	Intron
chr5	150120888	150121010	PDGFRB	Exon/CDS
chr5	150121010	150121204	PDGFRB	Intron
chr5	150121204	150121322	PDGFRB	Exon/CDS
chr5	150121322	150121880	PDGFRB	Intron
chr5	150121880	150122040	PDGFRB	Exon/CDS
chr5	150122040	150123042	PDGFRB	Intron
chr5	150123042	150123201	PDGFRB	Exon/CDS
chr5	150123201	150124250	PDGFRB	Intron
chr5	150124250	150124360	PDGFRB	Exon/CDS
chr5	150124360	150124727	PDGFRB	Intron
chr5	150124727	150124831	PDGFRB	Exon/CDS
chr5	150124831	150125445	PDGFRB	Intron
chr5	150125445	150125577	PDGFRB	Exon/CDS
chr5	150125577	150126520	PDGFRB	Intron
chr5	150126520	150126614	PDGFRB	Exon/CDS
chr5	150126614	150129757	PDGFRB	Intron
chr5	150129757	150129968	PDGFRB	Exon/CDS
chr5	150129968	150130539	PDGFRB	Intron
chr5	150130539	150130662	PDGFRB	Exon/CDS
chr5	150130662	150131979	PDGFRB	Intron
chr5	150131979	150132094	PDGFRB	Exon/CDS
chr5	150132094	150132750	PDGFRB	Intron
chr5	150132750	150132942	PDGFRB	Exon/CDS
chr5	150132942	150133586	PDGFRB	Intron
chr5	150133586	150133760	PDGFRB	Exon/CDS
chr5	150133760	150133881	PDGFRB	Intron
chr5	150133881	150134008	PDGFRB	Exon/CDS
chr5	150134008	150134750	PDGFRB	Intron
chr5	150134750	150135016	PDGFRB	Exon/CDS
chr5	150135016	150135555	PDGFRB	Intron
chr5	150135555	150135878	PDGFRB	Exon/CDS
chr5	150135878	150137008	PDGFRB	Intron
chr5	150137008	150137047	PDGFRB	Exon/CDS
chr5	150137047	150156872	PDGFRB	Flanking Down
chr4	41744082	41745807	PHOX2B	Flanking Up
chr4	41745807	41746322	PHOX2B	Exon/CDS
chr4	41746322	41747349	PHOX2B	Intron
chr4	41747349	41747536	PHOX2B	Exon/CDS
chr4	41747536	41748370	PHOX2B	Intron
chr4	41748370	41748610	PHOX2B	Exon/CDS
chr4	41748610	41749725	PHOX2B	Flanking Down
chr3	179147114	179198826	PIK3CA	Flanking Up
chr3	179198826	179199177	PIK3CA	Exon/CDS
chr3	179199177	179199690	PIK3CA	Intron
chr3	179199690	179199899	PIK3CA	Exon/CDS
chr3	179199899	179201290	PIK3CA	Intron
chr3	179201290	179201540	PIK3CA	Exon/CDS
chr3	179201540	179203544	PIK3CA	Intron
chr3	179203544	179203789	PIK3CA	Exon/CDS
chr3	179203789	179204503	PIK3CA	Intron
chr3	179204503	179204588	PIK3CA	Exon/CDS
chr3	179204588	179209595	PIK3CA	Intron
chr3	179209595	179209700	PIK3CA	Exon/CDS
chr3	179209700	179210186	PIK3CA	Intron
chr3	179210186	179210338	PIK3CA	Exon/CDS
chr3	179210338	179210431	PIK3CA	Intron
chr3	179210431	179210565	PIK3CA	Exon/CDS
chr3	179210565	179218210	PIK3CA	Intron
chr3	179218210	179218334	PIK3CA	Exon/CDS
chr3	179218334	179219196	PIK3CA	Intron
chr3	179219196	179219277	PIK3CA	Exon/CDS
chr3	179219277	179219571	PIK3CA	Intron
chr3	179219571	179219735	PIK3CA	Exon/CDS
chr3	179219735	179219949	PIK3CA	Intron
chr3	179219949	179220052	PIK3CA	Exon/CDS
chr3	179220052	179220986	PIK3CA	Intron
chr3	179220986	179221157	PIK3CA	Exon/CDS
chr3	179221157	179224081	PIK3CA	Intron
chr3	179224081	179224187	PIK3CA	Exon/CDS
chr3	179224187	179224700	PIK3CA	Intron
chr3	179224700	179224821	PIK3CA	Exon/CDS
chr3	179224821	179225962	PIK3CA	Intron
chr3	179225962	179226040	PIK3CA	Exon/CDS
chr3	179226040	179229272	PIK3CA	Intron
chr3	179229272	179229442	PIK3CA	Exon/CDS
chr3	179229442	179230004	PIK3CA	Intron
chr3	179230004	179230121	PIK3CA	Exon/CDS
chr3	179230121	179230225	PIK3CA	Intron
chr3	179230225	179230376	PIK3CA	Exon/CDS
chr3	179230376	179234094	PIK3CA	Intron
chr3	179234094	179234364	PIK3CA	Exon/CDS
chr3	179234364	179240093	PIK3CA	Flanking Down
chr7	5970925	5973399	PMS2	Flanking Up
chr7	5973399	5973542	PMS2	Exon/CDS
chr7	5973542	5977588	PMS2	Intron
chr7	5977588	5977757	PMS2	Exon/CDS
chr7	5977757	5978596	PMS2	Intron
chr7	5978596	5978696	PMS2	Exon/CDS
chr7	5978696	5982824	PMS2	Intron
chr7	5982824	5982991	PMS2	Exon/CDS
chr7	5982991	5986759	PMS2	Intron
chr7	5986759	5987620	PMS2	Exon/CDS
chr7	5987620	5989800	PMS2	Intron
chr7	5989800	5989955	PMS2	Exon/CDS
chr7	5989955	5991973	PMS2	Intron
chr7	5991973	5992057	PMS2	Exon/CDS
chr7	5992057	5995534	PMS2	Intron
chr7	5995534	5995633	PMS2	Exon/CDS
chr7	5995633	5997326	PMS2	Intron
chr7	5997326	5997423	PMS2	Exon/CDS
chr7	5997423	5999108	PMS2	Intron
chr7	5999108	5999275	PMS2	Exon/CDS
chr7	5999275	6002453	PMS2	Intron
chr7	6002453	6002636	PMS2	Exon/CDS
chr7	6002636	6003690	PMS2	Intron
chr7	6003690	6003792	PMS2	Exon/CDS
chr7	6003792	6003972	PMS2	Intron
chr7	6003972	6004058	PMS2	Exon/CDS
chr7	6004058	6005892	PMS2	Intron
chr7	6005892	6006031	PMS2	Exon/CDS
chr7	6006031	6008997	PMS2	Intron
chr7	6008997	6009019	PMS2	Exon/CDS
chr7	6009019	6015624	PMS2	Flanking Down
chr7	6734305	6751392	PMS2CL	Gene Body
chr19	50383204	50398852	POLD1	Flanking Up
chr19	50398852	50399053	POLD1	Exon/CDS
chr19	50399053	50399371	POLD1	Intron
chr19	50399371	50399484	POLD1	Exon/CDS
chr19	50399484	50401778	POLD1	Intron
chr19	50401778	50401924	POLD1	Exon/CDS
chr19	50401924	50401999	POLD1	Intron
chr19	50401999	50402124	POLD1	Exon/CDS
chr19	50402124	50402205	POLD1	Intron
chr19	50402205	50402373	POLD1	Exon/CDS
chr19	50402373	50402454	POLD1	Intron
chr19	50402454	50402535	POLD1	Exon/CDS
chr19	50402535	50402612	POLD1	Intron
chr19	50402612	50402741	POLD1	Exon/CDS
chr19	50402741	50403053	POLD1	Intron
chr19	50403053	50403219	POLD1	Exon/CDS
chr19	50403219	50403493	POLD1	Intron
chr19	50403493	50403597	POLD1	Exon/CDS
chr19	50403597	50406182	POLD1	Intron
chr19	50406182	50406322	POLD1	Exon/CDS
chr19	50406322	50406407	POLD1	Intron
chr19	50406407	50406517	POLD1	Exon/CDS
chr19	50406517	50406983	POLD1	Intron
chr19	50406983	50407174	POLD1	Exon/CDS
chr19	50407174	50407327	POLD1	Intron
chr19	50407327	50407415	POLD1	Exon/CDS
chr19	50407415	50408785	POLD1	Intron
chr19	50408785	50408901	POLD1	Exon/CDS
chr19	50408901	50409122	POLD1	Intron
chr19	50409122	50409235	POLD1	Exon/CDS
chr19	50409235	50409519	POLD1	Intron
chr19	50409519	50409666	POLD1	Exon/CDS
chr19	50409666	50413426	POLD1	Intron
chr19	50413426	50413521	POLD1	Exon/CDS
chr19	50413521	50413742	POLD1	Intron
chr19	50413742	50413879	POLD1	Exon/CDS
chr19	50413879	50414815	POLD1	Intron
chr19	50414815	50414990	POLD1	Exon/CDS
chr19	50414990	50415438	POLD1	Intron
chr19	50415438	50415590	POLD1	Exon/CDS
chr19	50415590	50415724	POLD1	Intron
chr19	50415724	50415826	POLD1	Exon/CDS
chr19	50415826	50416396	POLD1	Intron
chr19	50416396	50416528	POLD1	Exon/CDS
chr19	50416528	50416610	POLD1	Intron
chr19	50416610	50416723	POLD1	Exon/CDS
chr19	50416723	50417045	POLD1	Intron
chr19	50417045	50417097	POLD1	Exon/CDS
chr19	50417097	50417172	POLD1	Intron
chr19	50417172	50417269	POLD1	Exon/CDS
chr19	50417269	50417842	POLD1	Intron
chr19	50417842	50417947	POLD1	Exon/CDS
chr19	50417947	50418018	POLD1	Flanking Down
chr12	132623753	132624697	POLE	Flanking Up
chr12	132624697	132624810	POLE	Exon/CDS
chr12	132624810	132624905	POLE	Intron
chr12	132624905	132624994	POLE	Exon/CDS
chr12	132624994	132625645	POLE	Intron
chr12	132625645	132625770	POLE	Exon/CDS
chr12	132625770	132626117	POLE	Intron
chr12	132626117	132626317	POLE	Exon/CDS
chr12	132626317	132632315	POLE	Intron
chr12	132632315	132632508	POLE	Exon/CDS
chr12	132632508	132632664	POLE	Intron
chr12	132632664	132632795	POLE	Exon/CDS
chr12	132632795	132634186	POLE	Intron
chr12	132634186	132634378	POLE	Exon/CDS
chr12	132634378	132635892	POLE	Intron
chr12	132635892	132636024	POLE	Exon/CDS
chr12	132636024	132638014	POLE	Intron
chr12	132638014	132638139	POLE	Exon/CDS
chr12	132638139	132639125	POLE	Intron
chr12	132639125	132639298	POLE	Exon/CDS
chr12	132639298	132641647	POLE	Intron
chr12	132641647	132641851	POLE	Exon/CDS
chr12	132641851	132642177	POLE	Intron
chr12	132642177	132642397	POLE	Exon/CDS
chr12	132642397	132642506	POLE	Intron
chr12	132642506	132642729	POLE	Exon/CDS
chr12	132642729	132642820	POLE	Intron
chr12	132642820	132642996	POLE	Exon/CDS
chr12	132642996	132643224	POLE	Intron
chr12	132643224	132643330	POLE	Exon/CDS
chr12	132643330	132643407	POLE	Intron
chr12	132643407	132643560	POLE	Exon/CDS
chr12	132643560	132643837	POLE	Intron
chr12	132643837	132643977	POLE	Exon/CDS
chr12	132643977	132648929	POLE	Intron
chr12	132648929	132649072	POLE	Exon/CDS
chr12	132649072	132649306	POLE	Intron
chr12	132649306	132649515	POLE	Exon/CDS
chr12	132649515	132649677	POLE	Intron
chr12	132649677	132649889	POLE	Exon/CDS
chr12	132649889	132657136	POLE	Intron
chr12	132657136	132657258	POLE	Exon/CDS
chr12	132657258	132657349	POLE	Intron
chr12	132657349	132657429	POLE	Exon/CDS
chr12	132657429	132657868	POLE	Intron
chr12	132657868	132657970	POLE	Exon/CDS
chr12	132657970	132659295	POLE	Intron
chr12	132659295	132659509	POLE	Exon/CDS
chr12	132659509	132660969	POLE	Intron
chr12	132660969	132661164	POLE	Exon/CDS
chr12	132661164	132661527	POLE	Intron
chr12	132661527	132661684	POLE	Exon/CDS
chr12	132661684	132664004	POLE	Intron
chr12	132664004	132664148	POLE	Exon/CDS
chr12	132664148	132664370	POLE	Intron
chr12	132664370	132664462	POLE	Exon/CDS
chr12	132664462	132665302	POLE	Intron
chr12	132665302	132665450	POLE	Exon/CDS
chr12	132665450	132667503	POLE	Intron
chr12	132667503	132667648	POLE	Exon/CDS
chr12	132667648	132668356	POLE	Intron
chr12	132668356	132668502	POLE	Exon/CDS
chr12	132668502	132668635	POLE	Intron
chr12	132668635	132668737	POLE	Exon/CDS
chr12	132668737	132668811	POLE	Intron
chr12	132668811	132668939	POLE	Exon/CDS
chr12	132668939	132672215	POLE	Intron
chr12	132672215	132672322	POLE	Exon/CDS
chr12	132672322	132672627	POLE	Intron
chr12	132672627	132672839	POLE	Exon/CDS
chr12	132672839	132673164	POLE	Intron
chr12	132673164	132673277	POLE	Exon/CDS
chr12	132673277	132673575	POLE	Intron
chr12	132673575	132673707	POLE	Exon/CDS
chr12	132673707	132675398	POLE	Intron
chr12	132675398	132675517	POLE	Exon/CDS
chr12	132675517	132675735	POLE	Intron
chr12	132675735	132675820	POLE	Exon/CDS
chr12	132675820	132676094	POLE	Intron
chr12	132676094	132676204	POLE	Exon/CDS
chr12	132676204	132676546	POLE	Intron
chr12	132676546	132676653	POLE	Exon/CDS
chr12	132676653	132677363	POLE	Intron
chr12	132677363	132677443	POLE	Exon/CDS
chr12	132677443	132677578	POLE	Intron
chr12	132677578	132677719	POLE	Exon/CDS
chr12	132677719	132679497	POLE	Intron
chr12	132679497	132679651	POLE	Exon/CDS
chr12	132679651	132679954	POLE	Intron
chr12	132679954	132680046	POLE	Exon/CDS
chr12	132680046	132680178	POLE	Intron
chr12	132680178	132680222	POLE	Exon/CDS
chr12	132680222	132680607	POLE	Intron
chr12	132680607	132680687	POLE	Exon/CDS
chr12	132680687	132681138	POLE	Intron
chr12	132681138	132681279	POLE	Exon/CDS
chr12	132681279	132687254	POLE	Intron
chr12	132687254	132687315	POLE	Exon/CDS
chr12	132687315	132688376	POLE	Flanking Down
chr6	43575185	43582320	POLH	Flanking Up
chr6	43582320	43582456	POLH	Exon/CDS
chr6	43582456	43583007	POLH	Intron
chr6	43583007	43583141	POLH	Exon/CDS
chr6	43583141	43587272	POLH	Intron
chr6	43587272	43587489	POLH	Exon/CDS
chr6	43587489	43597696	POLH	Intron
chr6	43597696	43597865	POLH	Exon/CDS
chr6	43597865	43600988	POLH	Intron
chr6	43600988	43601091	POLH	Exon/CDS
chr6	43601091	43603892	POLH	Intron
chr6	43603892	43604011	POLH	Exon/CDS
chr6	43604011	43604615	POLH	Intron
chr6	43604615	43604738	POLH	Exon/CDS
chr6	43604738	43605254	POLH	Intron
chr6	43605254	43605319	POLH	Exon/CDS
chr6	43605319	43610554	POLH	Intron
chr6	43610554	43610723	POLH	Exon/CDS
chr6	43610723	43613660	POLH	Intron
chr6	43613660	43614557	POLH	Exon/CDS
chr6	43614557	43620523	POLH	Flanking Down
chr7	124822386	124823962	POT1	Flanking Up
chr7	124823962	124824074	POT1	Exon/CDS
chr7	124824074	124825252	POT1	Intron
chr7	124825252	124825357	POT1	Exon/CDS
chr7	124825357	124827214	POT1	Intron
chr7	124827214	124827305	POT1	Exon/CDS
chr7	124827305	124829254	POT1	Intron
chr7	124829254	124829342	POT1	Exon/CDS
chr7	124829342	124835279	POT1	Intron
chr7	124835279	124835414	POT1	Exon/CDS
chr7	124835414	124840973	POT1	Intron
chr7	124840973	124841178	POT1	Exon/CDS
chr7	124841178	124842807	POT1	Intron
chr7	124842807	124842963	POT1	Exon/CDS
chr7	124842963	124846942	POT1	Intron
chr7	124846942	124846998	POT1	Exon/CDS
chr7	124846998	124851872	POT1	Intron
chr7	124851872	124851951	POT1	Exon/CDS
chr7	124851951	124852972	POT1	Intron
chr7	124852972	124853138	POT1	Exon/CDS
chr7	124853138	124858957	POT1	Intron
chr7	124858957	124859112	POT1	Exon/CDS
chr7	124859112	124863350	POT1	Intron
chr7	124863350	124863640	POT1	Exon/CDS
chr7	124863640	124870911	POT1	Intron
chr7	124870911	124871041	POT1	Exon/CDS
chr7	124871041	124892266	POT1	Intron
chr7	124892266	124892380	POT1	Exon/CDS
chr7	124892380	124897165	POT1	Intron
chr7	124897165	124897173	POT1	Exon/CDS
chr7	124897173	124930983	POT1	Flanking Down
chr17	60599193	60600415	PPM1D	Flanking Up
chr17	60600415	60600886	PPM1D	Exon/CDS
chr17	60600886	60623521	PPM1D	Intron
chr17	60623521	60623749	PPM1D	Exon/CDS
chr17	60623749	60633853	PPM1D	Intron
chr17	60633853	60633977	PPM1D	Exon/CDS
chr17	60633977	60647892	PPM1D	Intron
chr17	60647892	60648082	PPM1D	Exon/CDS
chr17	60648082	60656599	PPM1D	Intron
chr17	60656599	60656841	PPM1D	Exon/CDS
chr17	60656841	60662995	PPM1D	Intron
chr17	60662995	60663552	PPM1D	Exon/CDS
chr17	60663552	60666280	PPM1D	Flanking Down
chr10	70597348	70598053	PRF1	Flanking Up
chr10	70598053	70599181	PRF1	Exon/CDS
chr10	70599181	70600364	PRF1	Intron
chr10	70600364	70600902	PRF1	Exon/CDS
chr10	70600902	70603759	PRF1	Flanking Down
chr17	68510780	68515400	PRKAR1A	Flanking Up
chr17	68515400	68515576	PRKAR1A	Exon/CDS
chr17	68515576	68522756	PRKAR1A	Intron
chr17	68522756	68522926	PRKAR1A	Exon/CDS
chr17	68522926	68523725	PRKAR1A	Intron
chr17	68523725	68523816	PRKAR1A	Exon/CDS
chr17	68523816	68524016	PRKAR1A	Intron
chr17	68524016	68524077	PRKAR1A	Exon/CDS
chr17	68524077	68524912	PRKAR1A	Intron
chr17	68524912	68524958	PRKAR1A	Exon/CDS
chr17	68524958	68525754	PRKAR1A	Intron
chr17	68525754	68525912	PRKAR1A	Exon/CDS
chr17	68525912	68527840	PRKAR1A	Intron
chr17	68527840	68527900	PRKAR1A	Exon/CDS
chr17	68527900	68528870	PRKAR1A	Intron
chr17	68528870	68528991	PRKAR1A	Exon/CDS
chr17	68528991	68529920	PRKAR1A	Intron
chr17	68529920	68530001	PRKAR1A	Exon/CDS
chr17	68530001	68530277	PRKAR1A	Intron
chr17	68530277	68530449	PRKAR1A	Exon/CDS
chr17	68530449	68551319	PRKAR1A	Flanking Down
chr7	142748468	142749485	PRSS1	Flanking Up
chr7	142749485	142749524	PRSS1	Exon/CDS
chr7	142749524	142750555	PRSS1	Intron
chr7	142750555	142750714	PRSS1	Exon/CDS
chr7	142750714	142751774	PRSS1	Intron
chr7	142751774	142752027	PRSS1	Exon/CDS
chr7	142752027	142752431	PRSS1	Intron
chr7	142752431	142752567	PRSS1	Exon/CDS
chr7	142752567	142752868	PRSS1	Intron
chr7	142752868	142753020	PRSS1	Exon/CDS
chr7	142753020	142753072	PRSS1	Flanking Down
chr9	95442980	95446912	PTCH1	Flanking Up
chr9	95446912	95447451	PTCH1	Exon/CDS
chr9	95447451	95449069	PTCH1	Intron
chr9	95449069	95449323	PTCH1	Exon/CDS
chr9	95449323	95449841	PTCH1	Intron
chr9	95449841	95449940	PTCH1	Exon/CDS
chr9	95449940	95453478	PTCH1	Intron
chr9	95453478	95453620	PTCH1	Exon/CDS
chr9	95453620	95456276	PTCH1	Intron
chr9	95456276	95456413	PTCH1	Exon/CDS
chr9	95456413	95458013	PTCH1	Intron
chr9	95458013	95458293	PTCH1	Exon/CDS
chr9	95458293	95459600	PTCH1	Intron
chr9	95459600	95459783	PTCH1	Exon/CDS
chr9	95459783	95461856	PTCH1	Intron
chr9	95461856	95461998	PTCH1	Exon/CDS
chr9	95461998	95467116	PTCH1	Intron
chr9	95467116	95467425	PTCH1	Exon/CDS
chr9	95467425	95468751	PTCH1	Intron
chr9	95468751	95469153	PTCH1	Exon/CDS
chr9	95469153	95469813	PTCH1	Intron
chr9	95469813	95469931	PTCH1	Exon/CDS
chr9	95469931	95476034	PTCH1	Intron
chr9	95476034	95476159	PTCH1	Exon/CDS
chr9	95476159	95476759	PTCH1	Intron
chr9	95476759	95476857	PTCH1	Exon/CDS
chr9	95476857	95477547	PTCH1	Intron
chr9	95477547	95477702	PTCH1	Exon/CDS
chr9	95477702	95478055	PTCH1	Intron
chr9	95478055	95478186	PTCH1	Exon/CDS
chr9	95478186	95479000	PTCH1	Intron
chr9	95479000	95479147	PTCH1	Exon/CDS
chr9	95479147	95479969	PTCH1	Intron
chr9	95479969	95480090	PTCH1	Exon/CDS
chr9	95480090	95480390	PTCH1	Intron
chr9	95480390	95480588	PTCH1	Exon/CDS
chr9	95480588	95481949	PTCH1	Intron
chr9	95481949	95482040	PTCH1	Exon/CDS
chr9	95482040	95482134	PTCH1	Intron
chr9	95482134	95482203	PTCH1	Exon/CDS
chr9	95482203	95485685	PTCH1	Intron
chr9	95485685	95485874	PTCH1	Exon/CDS
chr9	95485874	95506407	PTCH1	Intron
chr9	95506407	95506599	PTCH1	Exon/CDS
chr9	95506599	95508161	PTCH1	Intron
chr9	95508161	95508361	PTCH1	Exon/CDS
chr9	95508361	95518057	PTCH1	Flanking Down
chr10	87861638	87864470	PTEN	Flanking Up
chr10	87864470	87864548	PTEN	Exon/CDS
chr10	87864548	87894025	PTEN	Intron
chr10	87894025	87894109	PTEN	Exon/CDS
chr10	87894109	87925513	PTEN	Intron
chr10	87925513	87925557	PTEN	Exon/CDS
chr10	87925557	87931046	PTEN	Intron
chr10	87931046	87931089	PTEN	Exon/CDS
chr10	87931089	87933013	PTEN	Intron
chr10	87933013	87933251	PTEN	Exon/CDS
chr10	87933251	87952118	PTEN	Intron
chr10	87952118	87952259	PTEN	Exon/CDS
chr10	87952259	87957853	PTEN	Intron
chr10	87957853	87958019	PTEN	Exon/CDS
chr10	87958019	87960894	PTEN	Intron
chr10	87960894	87961118	PTEN	Exon/CDS
chr10	87961118	87965287	PTEN	Intron
chr10	87965287	87965472	PTEN	Exon/CDS
chr10	87965472	87971930	PTEN	Flanking Down
chr12	112417351	112419112	PTPN11	Flanking Up
chr12	112419112	112419125	PTPN11	Exon/CDS
chr12	112419125	112446276	PTPN11	Intron
chr12	112446276	112446398	PTPN11	Exon/CDS
chr12	112446398	112450318	PTPN11	Intron
chr12	112450318	112450512	PTPN11	Exon/CDS
chr12	112450512	112453195	PTPN11	Intron
chr12	112453195	112453387	PTPN11	Exon/CDS
chr12	112453387	112454564	PTPN11	Intron
chr12	112454564	112454680	PTPN11	Exon/CDS
chr12	112454680	112455950	PTPN11	Intron
chr12	112455950	112456063	PTPN11	Exon/CDS
chr12	112456063	112472944	PTPN11	Intron
chr12	112472944	112473040	PTPN11	Exon/CDS
chr12	112473040	112477651	PTPN11	Intron
chr12	112477651	112477730	PTPN11	Exon/CDS
chr12	112477730	112477857	PTPN11	Intron
chr12	112477857	112478015	PTPN11	Exon/CDS
chr12	112478015	112482074	PTPN11	Intron
chr12	112482074	112482205	PTPN11	Exon/CDS
chr12	112482205	112486475	PTPN11	Intron
chr12	112486475	112486629	PTPN11	Exon/CDS
chr12	112486629	112488443	PTPN11	Intron
chr12	112488443	112488510	PTPN11	Exon/CDS
chr12	112488510	112489024	PTPN11	Intron
chr12	112489024	112489175	PTPN11	Exon/CDS
chr12	112489175	112502144	PTPN11	Intron
chr12	112502144	112502256	PTPN11	Exon/CDS
chr12	112502256	112504695	PTPN11	Intron
chr12	112504695	112504764	PTPN11	Exon/CDS
chr12	112504764	112509918	PTPN11	Flanking Down
chr8	116845934	116847500	RAD21	Flanking Up
chr8	116847500	116847691	RAD21	Exon/CDS
chr8	116847691	116848946	RAD21	Intron
chr8	116848946	116849029	RAD21	Exon/CDS
chr8	116849029	116850618	RAD21	Intron
chr8	116850618	116850767	RAD21	Exon/CDS
chr8	116850767	116851948	RAD21	Intron
chr8	116851948	116852096	RAD21	Exon/CDS
chr8	116852096	116852549	RAD21	Intron
chr8	116852549	116852708	RAD21	Exon/CDS
chr8	116852708	116854245	RAD21	Intron
chr8	116854245	116854468	RAD21	Exon/CDS
chr8	116854468	116856166	RAD21	Intron
chr8	116856166	116856288	RAD21	Exon/CDS
chr8	116856288	116856646	RAD21	Intron
chr8	116856646	116856771	RAD21	Exon/CDS
chr8	116856771	116857267	RAD21	Intron
chr8	116857267	116857473	RAD21	Exon/CDS
chr8	116857473	116858352	RAD21	Intron
chr8	116858352	116858458	RAD21	Exon/CDS
chr8	116858458	116861841	RAD21	Intron
chr8	116861841	116861940	RAD21	Exon/CDS
chr8	116861940	116863130	RAD21	Intron
chr8	116863130	116863259	RAD21	Exon/CDS
chr8	116863259	116866586	RAD21	Intron
chr8	116866586	116866729	RAD21	Exon/CDS
chr8	116866729	116875776	RAD21	Flanking Down
chr5	132555019	132557325	RAD50	Flanking Up
chr5	132557325	132557453	RAD50	Exon/CDS
chr5	132557453	132559284	RAD50	Intron
chr5	132559284	132559367	RAD50	Exon/CDS
chr5	132559367	132575777	RAD50	Intron
chr5	132575777	132575928	RAD50	Exon/CDS
chr5	132575928	132579317	RAD50	Intron
chr5	132579317	132579502	RAD50	Exon/CDS
chr5	132579502	132579862	RAD50	Intron
chr5	132579862	132580066	RAD50	Exon/CDS
chr5	132580066	132587562	RAD50	Intron
chr5	132587562	132587690	RAD50	Exon/CDS
chr5	132587690	132587924	RAD50	Intron
chr5	132587924	132588089	RAD50	Exon/CDS
chr5	132588089	132588687	RAD50	Intron
chr5	132588687	132588880	RAD50	Exon/CDS
chr5	132588880	132589631	RAD50	Intron
chr5	132589631	132589837	RAD50	Exon/CDS
chr5	132589837	132591224	RAD50	Intron
chr5	132591224	132591406	RAD50	Exon/CDS
chr5	132591406	132591877	RAD50	Intron
chr5	132591877	132592034	RAD50	Exon/CDS
chr5	132592034	132594869	RAD50	Intron
chr5	132594869	132595044	RAD50	Exon/CDS
chr5	132595044	132595573	RAD50	Intron
chr5	132595573	132595810	RAD50	Exon/CDS
chr5	132595810	132603300	RAD50	Intron
chr5	132603300	132603489	RAD50	Exon/CDS
chr5	132603489	132603920	RAD50	Intron
chr5	132603920	132604046	RAD50	Exon/CDS
chr5	132604046	132604806	RAD50	Intron
chr5	132604806	132604999	RAD50	Exon/CDS
chr5	132604999	132608615	RAD50	Intron
chr5	132608615	132608725	RAD50	Exon/CDS
chr5	132608725	132609117	RAD50	Intron
chr5	132609117	132609209	RAD50	Exon/CDS
chr5	132609209	132609283	RAD50	Intron
chr5	132609283	132609396	RAD50	Exon/CDS
chr5	132609396	132616003	RAD50	Intron
chr5	132616003	132616130	RAD50	Exon/CDS
chr5	132616130	132618070	RAD50	Intron
chr5	132618070	132618294	RAD50	Exon/CDS
chr5	132618294	132637115	RAD50	Intron
chr5	132637115	132637200	RAD50	Exon/CDS
chr5	132637200	132638081	RAD50	Intron
chr5	132638081	132638223	RAD50	Exon/CDS
chr5	132638223	132640672	RAD50	Intron
chr5	132640672	132640805	RAD50	Exon/CDS
chr5	132640805	132642178	RAD50	Intron
chr5	132642178	132642364	RAD50	Exon/CDS
chr5	132642364	132646349	RAD50	Flanking Down
chr15	40693774	40698759	RAD51	Flanking Up
chr15	40698759	40698845	RAD51	Exon/CDS
chr15	40698845	40701064	RAD51	Intron
chr15	40701064	40701201	RAD51	Exon/CDS
chr15	40701201	40706177	RAD51	Intron
chr15	40706177	40706294	RAD51	Exon/CDS
chr15	40706294	40709025	RAD51	Intron
chr15	40709025	40709116	RAD51	Exon/CDS
chr15	40709116	40718805	RAD51	Intron
chr15	40718805	40718899	RAD51	Exon/CDS
chr15	40718899	40728711	RAD51	Intron
chr15	40728711	40728824	RAD51	Exon/CDS
chr15	40728824	40729505	RAD51	Intron
chr15	40729505	40729634	RAD51	Exon/CDS
chr15	40729634	40729853	RAD51	Intron
chr15	40729853	40729974	RAD51	Exon/CDS
chr15	40729974	40731055	RAD51	Intron
chr15	40731055	40731178	RAD51	Exon/CDS
chr15	40731178	40732340	RAD51	Flanking Down
chr14	67818779	67823544	RAD51B	Flanking Up
chr14	67823544	67823627	RAD51B	Exon/CDS
chr14	67823627	67825464	RAD51B	Intron
chr14	67825464	67825577	RAD51B	Exon/CDS
chr14	67825577	67835080	RAD51B	Intron
chr14	67835080	67835196	RAD51B	Exon/CDS
chr14	67835196	67865003	RAD51B	Intron
chr14	67865003	67865139	RAD51B	Exon/CDS
chr14	67865139	67885869	RAD51B	Intron
chr14	67885869	67885988	RAD51B	Exon/CDS
chr14	67885988	67887021	RAD51B	Intron
chr14	67887021	67887204	RAD51B	Exon/CDS
chr14	67887204	68291884	RAD51B	Intron
chr14	68291884	68291980	RAD51B	Exon/CDS
chr14	68291980	68411424	RAD51B	Intron
chr14	68411424	68411527	RAD51B	Exon/CDS
chr14	68411527	68468172	RAD51B	Intron
chr14	68468172	68468250	RAD51B	Exon/CDS
chr14	68468250	68477648	RAD51B	Intron
chr14	68477648	68477664	RAD51B	Exon/CDS
chr14	68477664	68730218	RAD51B	Flanking Down
chr17	58691573	58692644	RAD51C	Flanking Up
chr17	58692644	58692788	RAD51C	Exon/CDS
chr17	58692788	58694931	RAD51C	Intron
chr17	58694931	58695189	RAD51C	Exon/CDS
chr17	58695189	58696693	RAD51C	Intron
chr17	58696693	58696859	RAD51C	Exon/CDS
chr17	58696859	58703196	RAD51C	Intron
chr17	58703196	58703329	RAD51C	Exon/CDS
chr17	58703329	58709859	RAD51C	Intron
chr17	58709859	58709990	RAD51C	Exon/CDS
chr17	58709990	58720746	RAD51C	Intron
chr17	58720746	58720812	RAD51C	Exon/CDS
chr17	58720812	58724040	RAD51C	Intron
chr17	58724040	58724100	RAD51C	Exon/CDS
chr17	58724100	58732484	RAD51C	Intron
chr17	58732484	58732544	RAD51C	Exon/CDS
chr17	58732544	58734118	RAD51C	Intron
chr17	58734118	58734222	RAD51C	Exon/CDS
chr17	58734222	58735611	RAD51C	Flanking Down
chr17	35092221	35100953	RAD51D	Flanking Up
chr17	35100953	35101036	RAD51D	Exon/CDS
chr17	35101036	35101201	RAD51D	Intron
chr17	35101201	35101365	RAD51D	Exon/CDS
chr17	35101365	35103254	RAD51D	Intron
chr17	35103254	35103324	RAD51D	Exon/CDS
chr17	35103324	35103454	RAD51D	Intron
chr17	35103454	35103544	RAD51D	Exon/CDS
chr17	35103544	35106386	RAD51D	Intron
chr17	35106386	35106481	RAD51D	Exon/CDS
chr17	35106481	35106988	RAD51D	Intron
chr17	35106988	35107122	RAD51D	Exon/CDS
chr17	35107122	35107366	RAD51D	Intron
chr17	35107366	35107447	RAD51D	Exon/CDS
chr17	35107447	35118501	RAD51D	Intron
chr17	35118501	35118619	RAD51D	Exon/CDS
chr17	35118619	35119111	RAD51D	Intron
chr17	35119111	35119172	RAD51D	Exon/CDS
chr17	35119172	35119532	RAD51D	Intron
chr17	35119532	35119613	RAD51D	Exon/CDS
chr17	35119613	35122522	RAD51D	Flanking Down
chr3	12582101	12584514	RAF1	Flanking Up
chr3	12584514	12584657	RAF1	Exon/CDS
chr3	12584657	12584847	RAF1	Intron
chr3	12584847	12584981	RAF1	Exon/CDS
chr3	12584981	12585122	RAF1	Intron
chr3	12585122	12585253	RAF1	Exon/CDS
chr3	12585253	12585681	RAF1	Intron
chr3	12585681	12585799	RAF1	Exon/CDS
chr3	12585799	12587591	RAF1	Intron
chr3	12587591	12587637	RAF1	Exon/CDS
chr3	12587637	12590798	RAF1	Intron
chr3	12590798	12590974	RAF1	Exon/CDS
chr3	12590974	12591708	RAF1	Intron
chr3	12591708	12591792	RAF1	Exon/CDS
chr3	12591792	12599691	RAF1	Intron
chr3	12599691	12599808	RAF1	Exon/CDS
chr3	12599808	12600152	RAF1	Intron
chr3	12600152	12600279	RAF1	Exon/CDS
chr3	12600279	12600388	RAF1	Intron
chr3	12600388	12600415	RAF1	Exon/CDS
chr3	12600415	12604136	RAF1	Intron
chr3	12604136	12604289	RAF1	Exon/CDS
chr3	12604289	12606201	RAF1	Intron
chr3	12606201	12606299	RAF1	Exon/CDS
chr3	12606299	12608766	RAF1	Intron
chr3	12608766	12608923	RAF1	Exon/CDS
chr3	12608923	12609233	RAF1	Intron
chr3	12609233	12609335	RAF1	Exon/CDS
chr3	12609335	12611950	RAF1	Intron
chr3	12611950	12612062	RAF1	Exon/CDS
chr3	12612062	12618515	RAF1	Intron
chr3	12618515	12618721	RAF1	Exon/CDS
chr3	12618721	12665201	RAF1	Flanking Down
chr13	48302744	48303913	RB1	Flanking Up
chr13	48303913	48304049	RB1	Exon/CDS
chr13	48304049	48307280	RB1	Intron
chr13	48307280	48307406	RB1	Exon/CDS
chr13	48307406	48342599	RB1	Intron
chr13	48342599	48342714	RB1	Exon/CDS
chr13	48342714	48345080	RB1	Intron
chr13	48345080	48345199	RB1	Exon/CDS
chr13	48345199	48347825	RB1	Intron
chr13	48347825	48347863	RB1	Exon/CDS
chr13	48347863	48348956	RB1	Intron
chr13	48348956	48349023	RB1	Exon/CDS
chr13	48349023	48360017	RB1	Intron
chr13	48360017	48360127	RB1	Exon/CDS
chr13	48360127	48362815	RB1	Intron
chr13	48362815	48362957	RB1	Exon/CDS
chr13	48362957	48364894	RB1	Intron
chr13	48364894	48364971	RB1	Exon/CDS
chr13	48364971	48367494	RB1	Intron
chr13	48367494	48367603	RB1	Exon/CDS
chr13	48367603	48368527	RB1	Intron
chr13	48368527	48368604	RB1	Exon/CDS
chr13	48368604	48373405	RB1	Intron
chr13	48373405	48373492	RB1	Exon/CDS
chr13	48373492	48376918	RB1	Intron
chr13	48376918	48377034	RB1	Exon/CDS
chr13	48377034	48379594	RB1	Intron
chr13	48379594	48379650	RB1	Exon/CDS
chr13	48379650	48380053	RB1	Intron
chr13	48380053	48380084	RB1	Exon/CDS
chr13	48380084	48380165	RB1	Intron
chr13	48380165	48380241	RB1	Exon/CDS
chr13	48380241	48381247	RB1	Intron
chr13	48381247	48381443	RB1	Exon/CDS
chr13	48381443	48452993	RB1	Intron
chr13	48452993	48453111	RB1	Exon/CDS
chr13	48453111	48456204	RB1	Intron
chr13	48456204	48456349	RB1	Exon/CDS
chr13	48456349	48459688	RB1	Intron
chr13	48459688	48459833	RB1	Exon/CDS
chr13	48459833	48463731	RB1	Intron
chr13	48463731	48463835	RB1	Exon/CDS
chr13	48463835	48464998	RB1	Intron
chr13	48464998	48465111	RB1	Exon/CDS
chr13	48465111	48465205	RB1	Intron
chr13	48465205	48465368	RB1	Exon/CDS
chr13	48465368	48473360	RB1	Intron
chr13	48473360	48473390	RB1	Exon/CDS
chr13	48473390	48476701	RB1	Intron
chr13	48476701	48476843	RB1	Exon/CDS
chr13	48476843	48477355	RB1	Intron
chr13	48477355	48477404	RB1	Exon/CDS
chr13	48477404	48479998	RB1	Intron
chr13	48479998	48480071	RB1	Exon/CDS
chr13	48480071	48599436	RB1	Flanking Down
chr8	144511288	144511431	RECQL4	Flanking Up
chr8	144511431	144511555	RECQL4	Exon/CDS
chr8	144511555	144511681	RECQL4	Intron
chr8	144511681	144511789	RECQL4	Exon/CDS
chr8	144511789	144511911	RECQL4	Intron
chr8	144511911	144512067	RECQL4	Exon/CDS
chr8	144512067	144512144	RECQL4	Intron
chr8	144512144	144512324	RECQL4	Exon/CDS
chr8	144512324	144512392	RECQL4	Intron
chr8	144512392	144512561	RECQL4	Exon/CDS
chr8	144512561	144512642	RECQL4	Intron
chr8	144512642	144512771	RECQL4	Exon/CDS
chr8	144512771	144512847	RECQL4	Intron
chr8	144512847	144513138	RECQL4	Exon/CDS
chr8	144513138	144513218	RECQL4	Intron
chr8	144513218	144513480	RECQL4	Exon/CDS
chr8	144513480	144513571	RECQL4	Intron
chr8	144513571	144513712	RECQL4	Exon/CDS
chr8	144513712	144513928	RECQL4	Intron
chr8	144513928	144514107	RECQL4	Exon/CDS
chr8	144514107	144514189	RECQL4	Intron
chr8	144514189	144514362	RECQL4	Exon/CDS
chr8	144514362	144514442	RECQL4	Intron
chr8	144514442	144514525	RECQL4	Exon/CDS
chr8	144514525	144514936	RECQL4	Intron
chr8	144514936	144515072	RECQL4	Exon/CDS
chr8	144515072	144515150	RECQL4	Intron
chr8	144515150	144515242	RECQL4	Exon/CDS
chr8	144515242	144515326	RECQL4	Intron
chr8	144515326	144515457	RECQL4	Exon/CDS
chr8	144515457	144515764	RECQL4	Intron
chr8	144515764	144515890	RECQL4	Exon/CDS
chr8	144515890	144515988	RECQL4	Intron
chr8	144515988	144516764	RECQL4	Exon/CDS
chr8	144516764	144517050	RECQL4	Intron
chr8	144517050	144517190	RECQL4	Exon/CDS
chr8	144517190	144517414	RECQL4	Intron
chr8	144517414	144517508	RECQL4	Exon/CDS
chr8	144517508	144517602	RECQL4	Intron
chr8	144517602	144517635	RECQL4	Exon/CDS
chr8	144517635	144517701	RECQL4	Intron
chr8	144517701	144517784	RECQL4	Exon/CDS
chr8	144517784	144518845	RECQL4	Flanking Down
chr4	56906876	56910639	REST	Flanking Up
chr4	56910639	56911536	REST	Exon/CDS
chr4	56911536	56919787	REST	Intron
chr4	56919787	56919870	REST	Exon/CDS
chr4	56919870	56929841	REST	Intron
chr4	56929841	56932152	REST	Exon/CDS
chr4	56932152	56966808	REST	Flanking Down
chr10	43076064	43077259	RET	Flanking Up
chr10	43077259	43077331	RET	Exon/CDS
chr10	43077331	43100459	RET	Intron
chr10	43100459	43100722	RET	Exon/CDS
chr10	43100722	43102342	RET	Intron
chr10	43102342	43102629	RET	Exon/CDS
chr10	43102629	43104952	RET	Intron
chr10	43104952	43105193	RET	Exon/CDS
chr10	43105193	43106376	RET	Intron
chr10	43106376	43106571	RET	Exon/CDS
chr10	43106571	43109031	RET	Intron
chr10	43109031	43109230	RET	Exon/CDS
chr10	43109230	43111207	RET	Intron
chr10	43111207	43111465	RET	Exon/CDS
chr10	43111465	43112099	RET	Intron
chr10	43112099	43112224	RET	Exon/CDS
chr10	43112224	43112853	RET	Intron
chr10	43112853	43112963	RET	Exon/CDS
chr10	43112963	43113556	RET	Intron
chr10	43113556	43113675	RET	Exon/CDS
chr10	43113675	43114480	RET	Intron
chr10	43114480	43114736	RET	Exon/CDS
chr10	43114736	43116584	RET	Intron
chr10	43116584	43116731	RET	Exon/CDS
chr10	43116731	43118373	RET	Intron
chr10	43118373	43118480	RET	Exon/CDS
chr10	43118480	43119531	RET	Intron
chr10	43119531	43119745	RET	Exon/CDS
chr10	43119745	43120081	RET	Intron
chr10	43120081	43120203	RET	Exon/CDS
chr10	43120203	43121946	RET	Intron
chr10	43121946	43122016	RET	Exon/CDS
chr10	43122016	43123671	RET	Intron
chr10	43123671	43123808	RET	Exon/CDS
chr10	43123808	43124883	RET	Intron
chr10	43124883	43124982	RET	Exon/CDS
chr10	43124982	43126575	RET	Intron
chr10	43126575	43126722	RET	Exon/CDS
chr10	43126722	43128112	RET	Intron
chr10	43128112	43128269	RET	Exon/CDS
chr10	43128269	43130351	RET	Flanking Down
chr16	74621399	74623928	RFWD3	Flanking Up
chr16	74623928	74624071	RFWD3	Exon/CDS
chr16	74624071	74626343	RFWD3	Intron
chr16	74626343	74626554	RFWD3	Exon/CDS
chr16	74626554	74628452	RFWD3	Intron
chr16	74628452	74628666	RFWD3	Exon/CDS
chr16	74628666	74630781	RFWD3	Intron
chr16	74630781	74630957	RFWD3	Exon/CDS
chr16	74630957	74632523	RFWD3	Intron
chr16	74632523	74632673	RFWD3	Exon/CDS
chr16	74632673	74636346	RFWD3	Intron
chr16	74636346	74636577	RFWD3	Exon/CDS
chr16	74636577	74637856	RFWD3	Intron
chr16	74637856	74637970	RFWD3	Exon/CDS
chr16	74637970	74644362	RFWD3	Intron
chr16	74644362	74644453	RFWD3	Exon/CDS
chr16	74644453	74644541	RFWD3	Intron
chr16	74644541	74644735	RFWD3	Exon/CDS
chr16	74644735	74649132	RFWD3	Intron
chr16	74649132	74649202	RFWD3	Exon/CDS
chr16	74649202	74651920	RFWD3	Intron
chr16	74651920	74652122	RFWD3	Exon/CDS
chr16	74652122	74660932	RFWD3	Intron
chr16	74660932	74661449	RFWD3	Exon/CDS
chr16	74661449	74667877	RFWD3	Flanking Down
chr17	76470891	76471633	RHBDF2	Flanking Up
chr17	76471633	76472052	RHBDF2	Exon/CDS
chr17	76472052	76472686	RHBDF2	Intron
chr17	76472686	76472839	RHBDF2	Exon/CDS
chr17	76472839	76473005	RHBDF2	Intron
chr17	76473005	76473105	RHBDF2	Exon/CDS
chr17	76473105	76473252	RHBDF2	Intron
chr17	76473252	76473327	RHBDF2	Exon/CDS
chr17	76473327	76473648	RHBDF2	Intron
chr17	76473648	76473742	RHBDF2	Exon/CDS
chr17	76473742	76473839	RHBDF2	Intron
chr17	76473839	76473902	RHBDF2	Exon/CDS
chr17	76473902	76474033	RHBDF2	Intron
chr17	76474033	76474142	RHBDF2	Exon/CDS
chr17	76474142	76474373	RHBDF2	Intron
chr17	76474373	76474534	RHBDF2	Exon/CDS
chr17	76474534	76474730	RHBDF2	Intron
chr17	76474730	76474804	RHBDF2	Exon/CDS
chr17	76474804	76475030	RHBDF2	Intron
chr17	76475030	76475141	RHBDF2	Exon/CDS
chr17	76475141	76476830	RHBDF2	Intron
chr17	76476830	76477024	RHBDF2	Exon/CDS
chr17	76477024	76477180	RHBDF2	Intron
chr17	76477180	76477298	RHBDF2	Exon/CDS
chr17	76477298	76477657	RHBDF2	Intron
chr17	76477657	76477785	RHBDF2	Exon/CDS
chr17	76477785	76478806	RHBDF2	Intron
chr17	76478806	76479009	RHBDF2	Exon/CDS
chr17	76479009	76479082	RHBDF2	Intron
chr17	76479082	76479277	RHBDF2	Exon/CDS
chr17	76479277	76479733	RHBDF2	Intron
chr17	76479733	76479854	RHBDF2	Exon/CDS
chr17	76479854	76481375	RHBDF2	Intron
chr17	76481375	76481524	RHBDF2	Exon/CDS
chr17	76481524	76502790	RHBDF2	Flanking Down
chr7	105531169	105532316	RINT1	Flanking Up
chr7	105532316	105532357	RINT1	Exon/CDS
chr7	105532357	105532824	RINT1	Intron
chr7	105532824	105532869	RINT1	Exon/CDS
chr7	105532869	105536565	RINT1	Intron
chr7	105536565	105536749	RINT1	Exon/CDS
chr7	105536749	105542408	RINT1	Intron
chr7	105542408	105542649	RINT1	Exon/CDS
chr7	105542649	105546910	RINT1	Intron
chr7	105546910	105547083	RINT1	Exon/CDS
chr7	105547083	105547184	RINT1	Intron
chr7	105547184	105547333	RINT1	Exon/CDS
chr7	105547333	105548554	RINT1	Intron
chr7	105548554	105548710	RINT1	Exon/CDS
chr7	105548710	105550055	RINT1	Intron
chr7	105550055	105550165	RINT1	Exon/CDS
chr7	105550165	105550261	RINT1	Intron
chr7	105550261	105550486	RINT1	Exon/CDS
chr7	105550486	105551570	RINT1	Intron
chr7	105551570	105551707	RINT1	Exon/CDS
chr7	105551707	105555028	RINT1	Intron
chr7	105555028	105555227	RINT1	Exon/CDS
chr7	105555227	105563733	RINT1	Intron
chr7	105563733	105563947	RINT1	Exon/CDS
chr7	105563947	105565277	RINT1	Intron
chr7	105565277	105565457	RINT1	Exon/CDS
chr7	105565457	105565530	RINT1	Intron
chr7	105565530	105565648	RINT1	Exon/CDS
chr7	105565648	105567119	RINT1	Intron
chr7	105567119	105567311	RINT1	Exon/CDS
chr7	105567311	105567677	RINT1	Flanking Down
chr9	35657754	35659017	RMRP	Gene Body
chr17	58353676	58354943	RNF43	Flanking Up
chr17	58354943	58354986	RNF43	Exon/CDS
chr17	58354986	58357468	RNF43	Intron
chr17	58357468	58358823	RNF43	Exon/CDS
chr17	58358823	58360149	RNF43	Intron
chr17	58360149	58360251	RNF43	Exon/CDS
chr17	58360251	58360783	RNF43	Intron
chr17	58360783	58360944	RNF43	Exon/CDS
chr17	58360944	58362544	RNF43	Intron
chr17	58362544	58362648	RNF43	Exon/CDS
chr17	58362648	58363275	RNF43	Intron
chr17	58363275	58363406	RNF43	Exon/CDS
chr17	58363406	58363526	RNF43	Intron
chr17	58363526	58363600	RNF43	Exon/CDS
chr17	58363600	58370911	RNF43	Intron
chr17	58370911	58371033	RNF43	Exon/CDS
chr17	58371033	58415326	RNF43	Intron
chr17	58415326	58415577	RNF43	Exon/CDS
chr17	58415577	58418595	RNF43	Flanking Down
chr17	1828702	1830094	RPA1	Flanking Up
chr17	1830094	1830126	RPA1	Exon/CDS
chr17	1830126	1842803	RPA1	Intron
chr17	1842803	1842853	RPA1	Exon/CDS
chr17	1842853	1843920	RPA1	Intron
chr17	1843920	1843998	RPA1	Exon/CDS
chr17	1843998	1844578	RPA1	Intron
chr17	1844578	1844686	RPA1	Exon/CDS
chr17	1844686	1853101	RPA1	Intron
chr17	1853101	1853189	RPA1	Exon/CDS
chr17	1853189	1872434	RPA1	Intron
chr17	1872434	1872526	RPA1	Exon/CDS
chr17	1872526	1875661	RPA1	Intron
chr17	1875661	1875793	RPA1	Exon/CDS
chr17	1875793	1877212	RPA1	Intron
chr17	1877212	1877314	RPA1	Exon/CDS
chr17	1877314	1878993	RPA1	Intron
chr17	1878993	1879061	RPA1	Exon/CDS
chr17	1879061	1879215	RPA1	Intron
chr17	1879215	1879407	RPA1	Exon/CDS
chr17	1879407	1879560	RPA1	Intron
chr17	1879560	1879699	RPA1	Exon/CDS
chr17	1879699	1880543	RPA1	Intron
chr17	1880543	1880691	RPA1	Exon/CDS
chr17	1880691	1883812	RPA1	Intron
chr17	1883812	1883944	RPA1	Exon/CDS
chr17	1883944	1888675	RPA1	Intron
chr17	1888675	1888851	RPA1	Exon/CDS
chr17	1888851	1891833	RPA1	Intron
chr17	1891833	1891940	RPA1	Exon/CDS
chr17	1891940	1895009	RPA1	Intron
chr17	1895009	1895095	RPA1	Exon/CDS
chr17	1895095	1897071	RPA1	Intron
chr17	1897071	1897175	RPA1	Exon/CDS
chr17	1897175	1900082	RPA1	Flanking Down
chr1	23690742	23691824	RPL11	Flanking Up
chr1	23691824	23691829	RPL11	Exon/CDS
chr1	23691829	23692609	RPL11	Intron
chr1	23692609	23692759	RPL11	Exon/CDS
chr1	23692759	23693807	RPL11	Intron
chr1	23693807	23693913	RPL11	Exon/CDS
chr1	23693913	23694660	RPL11	Intron
chr1	23694660	23694791	RPL11	Exon/CDS
chr1	23694791	23695798	RPL11	Intron
chr1	23695798	23695908	RPL11	Exon/CDS
chr1	23695908	23696344	RPL11	Intron
chr1	23696344	23696373	RPL11	Exon/CDS
chr1	23696373	23696835	RPL11	Flanking Down
chr3	23915591	23917860	RPL15	Flanking Up
chr3	23917860	23918031	RPL15	Exon/CDS
chr3	23918031	23918440	RPL15	Intron
chr3	23918440	23918576	RPL15	Exon/CDS
chr3	23918576	23919196	RPL15	Intron
chr3	23919196	23919501	RPL15	Exon/CDS
chr3	23919501	23924374	RPL15	Flanking Down
chr17	38847860	38850132	RPL23	Flanking Up
chr17	38850132	38850214	RPL23	Exon/CDS
chr17	38850214	38850362	RPL23	Intron
chr17	38850362	38850475	RPL23	Exon/CDS
chr17	38850475	38852604	RPL23	Intron
chr17	38852604	38852732	RPL23	Exon/CDS
chr17	38852732	38853022	RPL23	Intron
chr17	38853022	38853105	RPL23	Exon/CDS
chr17	38853105	38853698	RPL23	Intron
chr17	38853698	38853710	RPL23	Exon/CDS
chr17	38853710	38854764	RPL23	Flanking Down
chr17	8377516	8377564	RPL26	Flanking Up
chr17	8377564	8377692	RPL26	Exon/CDS
chr17	8377692	8379796	RPL26	Intron
chr17	8379796	8379936	RPL26	Exon/CDS
chr17	8379936	8382143	RPL26	Intron
chr17	8382143	8382310	RPL26	Exon/CDS
chr17	8382310	8384213	RPL26	Flanking Down
chr17	42997273	42998751	RPL27	Flanking Up
chr17	42998751	42998831	RPL27	Exon/CDS
chr17	42998831	42999933	RPL27	Intron
chr17	42999933	43000102	RPL27	Exon/CDS
chr17	43000102	43002673	RPL27	Intron
chr17	43002673	43002783	RPL27	Exon/CDS
chr17	43002783	43002872	RPL27	Intron
chr17	43002872	43002920	RPL27	Exon/CDS
chr17	43002920	43002959	RPL27	Flanking Down
chr2	101001229	101002702	RPL31	Flanking Up
chr2	101002702	101002808	RPL31	Exon/CDS
chr2	101002808	101004158	RPL31	Intron
chr2	101004158	101004283	RPL31	Exon/CDS
chr2	101004283	101005959	RPL31	Intron
chr2	101005959	101006071	RPL31	Exon/CDS
chr2	101006071	101006350	RPL31	Intron
chr2	101006350	101006381	RPL31	Exon/CDS
chr2	101006381	101024032	RPL31	Flanking Down
chr3	197949190	197950968	RPL35A	Flanking Up
chr3	197950968	197950978	RPL35A	Exon/CDS
chr3	197950978	197951159	RPL35A	Intron
chr3	197951159	197951311	RPL35A	Exon/CDS
chr3	197951311	197954003	RPL35A	Intron
chr3	197954003	197954147	RPL35A	Exon/CDS
chr3	197954147	197955750	RPL35A	Intron
chr3	197955750	197955773	RPL35A	Exon/CDS
chr3	197955773	197956610	RPL35A	Flanking Down
chr19	5673947	5690508	RPL36	Flanking Up
chr19	5690508	5690600	RPL36	Exon/CDS
chr19	5690600	5691319	RPL36	Intron
chr19	5691319	5691453	RPL36	Exon/CDS
chr19	5691453	5691532	RPL36	Intron
chr19	5691532	5691621	RPL36	Exon/CDS
chr19	5691621	5691875	RPL36	Flanking Down
chr1	92831013	92832115	RPL5	Flanking Up
chr1	92832115	92832117	RPL5	Exon/CDS
chr1	92832117	92833389	RPL5	Intron
chr1	92833389	92833458	RPL5	Exon/CDS
chr1	92833458	92833545	RPL5	Intron
chr1	92833545	92833660	RPL5	Exon/CDS
chr1	92833660	92834779	RPL5	Intron
chr1	92834779	92834913	RPL5	Exon/CDS
chr1	92834913	92836190	RPL5	Intron
chr1	92836190	92836392	RPL5	Exon/CDS
chr1	92836392	92837456	RPL5	Intron
chr1	92837456	92837633	RPL5	Exon/CDS
chr1	92837633	92840551	RPL5	Intron
chr1	92840551	92840639	RPL5	Exon/CDS
chr1	92840639	92841766	RPL5	Intron
chr1	92841766	92841865	RPL5	Exon/CDS
chr1	92841865	92841924	RPL5	Flanking Down
chr6	34417454	34417506	RPS10	Flanking Up
chr6	34417506	34417547	RPS10	Exon/CDS
chr6	34417547	34418369	RPS10	Intron
chr6	34418369	34418424	RPS10	Exon/CDS
chr6	34418424	34421730	RPS10	Intron
chr6	34421730	34421807	RPS10	Exon/CDS
chr6	34421807	34424669	RPS10	Intron
chr6	34424669	34424840	RPS10	Exon/CDS
chr6	34424840	34425072	RPS10	Intron
chr6	34425072	34425221	RPS10	Exon/CDS
chr6	34425221	34427069	RPS10	Flanking Down
chr15	82536750	82536801	RPS17	Flanking Up
chr15	82536801	82536881	RPS17	Exon/CDS
chr15	82536881	82538306	RPS17	Intron
chr15	82538306	82538371	RPS17	Exon/CDS
chr15	82538371	82538880	RPS17	Intron
chr15	82538880	82538985	RPS17	Exon/CDS
chr15	82538985	82539981	RPS17	Intron
chr15	82539981	82540132	RPS17	Exon/CDS
chr15	82540132	82540426	RPS17	Intron
chr15	82540426	82540428	RPS17	Exon/CDS
chr15	82540428	82541459	RPS17	Flanking Down
chr19	41859255	41860775	RPS19	Flanking Up
chr19	41860775	41860845	RPS19	Exon/CDS
chr19	41860845	41861112	RPS19	Intron
chr19	41861112	41861212	RPS19	Exon/CDS
chr19	41861212	41869031	RPS19	Intron
chr19	41869031	41869214	RPS19	Exon/CDS
chr19	41869214	41869699	RPS19	Intron
chr19	41869699	41869753	RPS19	Exon/CDS
chr19	41869753	41871351	RPS19	Intron
chr19	41871351	41871377	RPS19	Exon/CDS
chr19	41871377	41872925	RPS19	Flanking Down
chr8	56067254	56073090	RPS20	Flanking Up
chr8	56073090	56073272	RPS20	Exon/CDS
chr8	56073272	56073695	RPS20	Intron
chr8	56073695	56073768	RPS20	Exon/CDS
chr8	56073768	56074060	RPS20	Intron
chr8	56074060	56074159	RPS20	Exon/CDS
chr8	56074159	56074381	RPS20	Intron
chr8	56074381	56074383	RPS20	Exon/CDS
chr8	56074383	56075510	RPS20	Flanking Down
chr10	78032760	78033902	RPS24	Flanking Up
chr10	78033902	78033904	RPS24	Exon/CDS
chr10	78033904	78035352	RPS24	Intron
chr10	78035352	78035417	RPS24	Exon/CDS
chr10	78035417	78035511	RPS24	Intron
chr10	78035511	78035720	RPS24	Exon/CDS
chr10	78035720	78037194	RPS24	Intron
chr10	78037194	78037304	RPS24	Exon/CDS
chr10	78037304	78040204	RPS24	Intron
chr10	78040204	78040206	RPS24	Exon/CDS
chr10	78040206	78056813	RPS24	Flanking Down
chr12	56040351	56042167	RPS26	Flanking Up
chr12	56042167	56042169	RPS26	Exon/CDS
chr12	56042169	56042425	RPS26	Intron
chr12	56042425	56042602	RPS26	Exon/CDS
chr12	56042602	56043363	RPS26	Intron
chr12	56043363	56043493	RPS26	Exon/CDS
chr12	56043493	56044119	RPS26	Intron
chr12	56044119	56044154	RPS26	Exon/CDS
chr12	56044154	56044697	RPS26	Flanking Down
chr1	153989762	153990797	RPS27	Flanking Up
chr1	153990797	153990802	RPS27	Exon/CDS
chr1	153990802	153991115	RPS27	Intron
chr1	153991115	153991223	RPS27	Exon/CDS
chr1	153991223	153991566	RPS27	Intron
chr1	153991566	153991676	RPS27	Exon/CDS
chr1	153991676	153992065	RPS27	Intron
chr1	153992065	153992093	RPS27	Exon/CDS
chr1	153992093	153992155	RPS27	Flanking Down
chr2	55230903	55232825	RPS27A	Flanking Up
chr2	55232825	55232872	RPS27A	Exon/CDS
chr2	55232872	55233363	RPS27A	Intron
chr2	55233363	55233417	RPS27A	Exon/CDS
chr2	55233417	55234119	RPS27A	Intron
chr2	55234119	55234204	RPS27A	Exon/CDS
chr2	55234204	55234831	RPS27A	Intron
chr2	55234831	55234962	RPS27A	Exon/CDS
chr2	55234962	55235428	RPS27A	Intron
chr2	55235428	55235577	RPS27A	Exon/CDS
chr2	55235577	55235853	RPS27A	Flanking Down
chr19	8320158	8321531	RPS28	Flanking Up
chr19	8321531	8321569	RPS28	Exon/CDS
chr19	8321569	8321656	RPS28	Intron
chr19	8321656	8321703	RPS28	Exon/CDS
chr19	8321703	8321953	RPS28	Intron
chr19	8321953	8322075	RPS28	Exon/CDS
chr19	8322075	8323340	RPS28	Flanking Down
chr14	49570984	49583667	RPS29	Flanking Up
chr14	49583667	49583675	RPS29	Exon/CDS
chr14	49583675	49585950	RPS29	Intron
chr14	49585950	49586049	RPS29	Exon/CDS
chr14	49586049	49586285	RPS29	Intron
chr14	49586285	49586346	RPS29	Exon/CDS
chr14	49586346	49600164	RPS29	Flanking Down
chr2	3574260	3575610	RPS7	Flanking Up
chr2	3575610	3575684	RPS7	Exon/CDS
chr2	3575684	3575817	RPS7	Intron
chr2	3575817	3575888	RPS7	Exon/CDS
chr2	3575888	3576487	RPS7	Intron
chr2	3576487	3576630	RPS7	Exon/CDS
chr2	3576630	3577710	RPS7	Intron
chr2	3577710	3577774	RPS7	Exon/CDS
chr2	3577774	3580110	RPS7	Intron
chr2	3580110	3580260	RPS7	Exon/CDS
chr2	3580260	3580805	RPS7	Intron
chr2	3580805	3580882	RPS7	Exon/CDS
chr2	3580882	3580920	RPS7	Flanking Down
chr20	63656810	63659403	RTEL1	Flanking Up
chr20	63659403	63659504	RTEL1	Exon/CDS
chr20	63659504	63661298	RTEL1	Intron
chr20	63661298	63661496	RTEL1	Exon/CDS
chr20	63661496	63661850	RTEL1	Intron
chr20	63661850	63661943	RTEL1	Exon/CDS
chr20	63661943	63662546	RTEL1	Intron
chr20	63662546	63662627	RTEL1	Exon/CDS
chr20	63662627	63662829	RTEL1	Intron
chr20	63662829	63662889	RTEL1	Exon/CDS
chr20	63662889	63666004	RTEL1	Intron
chr20	63666004	63666079	RTEL1	Exon/CDS
chr20	63666079	63667469	RTEL1	Intron
chr20	63667469	63667553	RTEL1	Exon/CDS
chr20	63667553	63672556	RTEL1	Intron
chr20	63672556	63672621	RTEL1	Exon/CDS
chr20	63672621	63673940	RTEL1	Intron
chr20	63673940	63674093	RTEL1	Exon/CDS
chr20	63674093	63678145	RTEL1	Intron
chr20	63678145	63678183	RTEL1	Exon/CDS
chr20	63678183	63678268	RTEL1	Intron
chr20	63678268	63678346	RTEL1	Exon/CDS
chr20	63678346	63679849	RTEL1	Intron
chr20	63679849	63679946	RTEL1	Exon/CDS
chr20	63679946	63680664	RTEL1	Intron
chr20	63680664	63680719	RTEL1	Exon/CDS
chr20	63680719	63685523	RTEL1	Intron
chr20	63685523	63685597	RTEL1	Exon/CDS
chr20	63685597	63685791	RTEL1	Intron
chr20	63685791	63685872	RTEL1	Exon/CDS
chr20	63685872	63687638	RTEL1	Intron
chr20	63687638	63687770	RTEL1	Exon/CDS
chr20	63687770	63687937	RTEL1	Intron
chr20	63687937	63688050	RTEL1	Exon/CDS
chr20	63688050	63688139	RTEL1	Intron
chr20	63688139	63688179	RTEL1	Exon/CDS
chr20	63688179	63688301	RTEL1	Intron
chr20	63688301	63688386	RTEL1	Exon/CDS
chr20	63688386	63688528	RTEL1	Intron
chr20	63688528	63688605	RTEL1	Exon/CDS
chr20	63688605	63689055	RTEL1	Intron
chr20	63689055	63689132	RTEL1	Exon/CDS
chr20	63689132	63689502	RTEL1	Intron
chr20	63689502	63689648	RTEL1	Exon/CDS
chr20	63689648	63689750	RTEL1	Intron
chr20	63689750	63689865	RTEL1	Exon/CDS
chr20	63689865	63690087	RTEL1	Intron
chr20	63690087	63690210	RTEL1	Exon/CDS
chr20	63690210	63690294	RTEL1	Intron
chr20	63690294	63690441	RTEL1	Exon/CDS
chr20	63690441	63690805	RTEL1	Intron
chr20	63690805	63690947	RTEL1	Exon/CDS
chr20	63690947	63691742	RTEL1	Intron
chr20	63691742	63691837	RTEL1	Exon/CDS
chr20	63691837	63692805	RTEL1	Intron
chr20	63692805	63693003	RTEL1	Exon/CDS
chr20	63693003	63693143	RTEL1	Intron
chr20	63693143	63693283	RTEL1	Exon/CDS
chr20	63693283	63694372	RTEL1	Intron
chr20	63694372	63694488	RTEL1	Exon/CDS
chr20	63694488	63694741	RTEL1	Intron
chr20	63694741	63694974	RTEL1	Exon/CDS
chr20	63694974	63695066	RTEL1	Intron
chr20	63695066	63695221	RTEL1	Exon/CDS
chr20	63695221	63695328	RTEL1	Intron
chr20	63695328	63695650	RTEL1	Exon/CDS
chr20	63695650	63695778	RTEL1	Intron
chr20	63695778	63695858	RTEL1	Exon/CDS
chr20	63695858	63696253	RTEL1	Flanking Down
chr21	34787801	34792135	RUNX1	Flanking Up
chr21	34792135	34792610	RUNX1	Exon/CDS
chr21	34792610	34799301	RUNX1	Intron
chr21	34799301	34799462	RUNX1	Exon/CDS
chr21	34799462	34834410	RUNX1	Intron
chr21	34834410	34834601	RUNX1	Exon/CDS
chr21	34834601	34859474	RUNX1	Intron
chr21	34859474	34859578	RUNX1	Exon/CDS
chr21	34859578	34880557	RUNX1	Intron
chr21	34880557	34880713	RUNX1	Exon/CDS
chr21	34880713	34886843	RUNX1	Intron
chr21	34886843	34887096	RUNX1	Exon/CDS
chr21	34887096	34892925	RUNX1	Intron
chr21	34892925	34892963	RUNX1	Exon/CDS
chr21	34892963	35048842	RUNX1	Intron
chr21	35048842	35048899	RUNX1	Exon/CDS
chr21	35048899	36005667	RUNX1	Flanking Down
chr7	93099513	93101328	SAMD9	Flanking Up
chr7	93101328	93106097	SAMD9	Exon/CDS
chr7	93106097	93119023	SAMD9	Flanking Down
chr7	93130056	93131217	SAMD9L	Flanking Up
chr7	93131217	93135971	SAMD9L	Exon/CDS
chr7	93135971	93149385	SAMD9L	Flanking Down
chr7	66987680	66988371	SBDS	Flanking Up
chr7	66988371	66988499	SBDS	Exon/CDS
chr7	66988499	66991137	SBDS	Intron
chr7	66991137	66991301	SBDS	Exon/CDS
chr7	66991301	66993217	SBDS	Intron
chr7	66993217	66993417	SBDS	Exon/CDS
chr7	66993417	66994212	SBDS	Intron
chr7	66994212	66994341	SBDS	Exon/CDS
chr7	66994341	66995290	SBDS	Intron
chr7	66995290	66995417	SBDS	Exon/CDS
chr7	66995417	66996693	SBDS	Flanking Down
chr5	217303	218356	SDHA	Flanking Up
chr5	218356	218418	SDHA	Exon/CDS
chr5	218418	223482	SDHA	Intron
chr5	223482	223568	SDHA	Exon/CDS
chr5	223568	224360	SDHA	Intron
chr5	224360	224521	SDHA	Exon/CDS
chr5	224521	225419	SDHA	Intron
chr5	225419	225562	SDHA	Exon/CDS
chr5	225562	225883	SDHA	Intron
chr5	225883	226047	SDHA	Exon/CDS
chr5	226047	228185	SDHA	Intron
chr5	228185	228333	SDHA	Exon/CDS
chr5	228333	230876	SDHA	Intron
chr5	230876	231000	SDHA	Exon/CDS
chr5	231000	233477	SDHA	Intron
chr5	233477	233645	SDHA	Exon/CDS
chr5	233645	235144	SDHA	Intron
chr5	235144	235339	SDHA	Exon/CDS
chr5	235339	236428	SDHA	Intron
chr5	236428	236599	SDHA	Exon/CDS
chr5	236599	240358	SDHA	Intron
chr5	240358	240476	SDHA	Exon/CDS
chr5	240476	250992	SDHA	Intron
chr5	250992	251103	SDHA	Exon/CDS
chr5	251103	251338	SDHA	Intron
chr5	251338	251468	SDHA	Exon/CDS
chr5	251468	254393	SDHA	Intron
chr5	254393	254506	SDHA	Exon/CDS
chr5	254506	256334	SDHA	Intron
chr5	256334	256420	SDHA	Exon/CDS
chr5	256420	257082	SDHA	Flanking Down
chr11	61429042	61430147	SDHAF2	Flanking Up
chr11	61430147	61430182	SDHAF2	Exon/CDS
chr11	61430182	61437625	SDHAF2	Intron
chr11	61437625	61437848	SDHAF2	Exon/CDS
chr11	61437848	61438004	SDHAF2	Intron
chr11	61438004	61438113	SDHAF2	Exon/CDS
chr11	61438113	61445941	SDHAF2	Intron
chr11	61445941	61446071	SDHAF2	Exon/CDS
chr11	61446071	61446733	SDHAF2	Flanking Down
chr1	17018664	17018881	SDHB	Flanking Up
chr1	17018881	17018958	SDHB	Exon/CDS
chr1	17018958	17022608	SDHB	Intron
chr1	17022608	17022730	SDHB	Exon/CDS
chr1	17022730	17023973	SDHB	Intron
chr1	17023973	17024074	SDHB	Exon/CDS
chr1	17024074	17027749	SDHB	Intron
chr1	17027749	17027865	SDHB	Exon/CDS
chr1	17027865	17028600	SDHB	Intron
chr1	17028600	17028736	SDHB	Exon/CDS
chr1	17028736	17033060	SDHB	Intron
chr1	17033060	17033145	SDHB	Exon/CDS
chr1	17033145	17044761	SDHB	Intron
chr1	17044761	17044888	SDHB	Exon/CDS
chr1	17044888	17053948	SDHB	Intron
chr1	17053948	17054019	SDHB	Exon/CDS
chr1	17054019	17055032	SDHB	Flanking Down
chr1	161313381	161314406	SDHC	Flanking Up
chr1	161314406	161314425	SDHC	Exon/CDS
chr1	161314425	161323614	SDHC	Intron
chr1	161323614	161323670	SDHC	Exon/CDS
chr1	161323670	161328396	SDHC	Intron
chr1	161328396	161328497	SDHC	Exon/CDS
chr1	161328497	161340594	SDHC	Intron
chr1	161340594	161340655	SDHC	Exon/CDS
chr1	161340655	161356677	SDHC	Intron
chr1	161356677	161356840	SDHC	Exon/CDS
chr1	161356840	161362329	SDHC	Intron
chr1	161362329	161362433	SDHC	Exon/CDS
chr1	161362433	161363206	SDHC	Flanking Down
chr11	112085824	112086908	SDHD	Flanking Up
chr11	112086908	112086959	SDHD	Exon/CDS
chr11	112086959	112087857	SDHD	Intron
chr11	112087857	112087973	SDHD	Exon/CDS
chr11	112087973	112088867	SDHD	Intron
chr11	112088867	112089011	SDHD	Exon/CDS
chr11	112089011	112094805	SDHD	Intron
chr11	112094805	112094970	SDHD	Exon/CDS
chr11	112094970	112120016	SDHD	Flanking Down
chr18	44679173	44701347	SETBP1	Flanking Up
chr18	44701347	44701832	SETBP1	Exon/CDS
chr18	44701832	44869230	SETBP1	Intron
chr18	44869230	44869283	SETBP1	Exon/CDS
chr18	44869283	44949881	SETBP1	Intron
chr18	44949881	44953340	SETBP1	Exon/CDS
chr18	44953340	45038485	SETBP1	Intron
chr18	45038485	45038655	SETBP1	Exon/CDS
chr18	45038655	45063079	SETBP1	Intron
chr18	45063079	45063698	SETBP1	Exon/CDS
chr18	45063698	45068510	SETBP1	Flanking Down
chr12	111404923	111418146	SH2B3	Flanking Up
chr12	111418146	111418877	SH2B3	Exon/CDS
chr12	111418877	111446753	SH2B3	Intron
chr12	111446753	111446854	SH2B3	Exon/CDS
chr12	111446854	111446942	SH2B3	Intron
chr12	111446942	111447033	SH2B3	Exon/CDS
chr12	111447033	111447125	SH2B3	Intron
chr12	111447125	111447219	SH2B3	Exon/CDS
chr12	111447219	111447330	SH2B3	Intron
chr12	111447330	111447544	SH2B3	Exon/CDS
chr12	111447544	111447656	SH2B3	Intron
chr12	111447656	111447827	SH2B3	Exon/CDS
chr12	111447827	111447983	SH2B3	Intron
chr12	111447983	111448302	SH2B3	Exon/CDS
chr12	111448302	111451623	SH2B3	Flanking Down
chrX	124226868	124346643	SH2D1A	Flanking Up
chrX	124346643	124346779	SH2D1A	Exon/CDS
chrX	124346779	124365761	SH2D1A	Intron
chrX	124365761	124365824	SH2D1A	Exon/CDS
chrX	124365824	124370176	SH2D1A	Intron
chrX	124370176	124370320	SH2D1A	Exon/CDS
chrX	124370320	124371351	SH2D1A	Intron
chrX	124371351	124371391	SH2D1A	Exon/CDS
chrX	124371391	124373197	SH2D1A	Flanking Down
chr10	110918367	110964359	SHOC2	Flanking Up
chr10	110964359	110965061	SHOC2	Exon/CDS
chr10	110965061	110985628	SHOC2	Intron
chr10	110985628	110985765	SHOC2	Exon/CDS
chr10	110985765	111000415	SHOC2	Intron
chr10	111000415	111000545	SHOC2	Exon/CDS
chr10	111000545	111004606	SHOC2	Intron
chr10	111004606	111004794	SHOC2	Exon/CDS
chr10	111004794	111007531	SHOC2	Intron
chr10	111007531	111007653	SHOC2	Exon/CDS
chr10	111007653	111009248	SHOC2	Intron
chr10	111009248	111009385	SHOC2	Exon/CDS
chr10	111009385	111009713	SHOC2	Intron
chr10	111009713	111009830	SHOC2	Exon/CDS
chr10	111009830	111011610	SHOC2	Intron
chr10	111011610	111011818	SHOC2	Exon/CDS
chr10	111011818	111017307	SHOC2	Flanking Down
chr16	3581181	3582342	SLX4	Flanking Up
chr16	3582342	3582693	SLX4	Exon/CDS
chr16	3582693	3583097	SLX4	Intron
chr16	3583097	3583510	SLX4	Exon/CDS
chr16	3583510	3584769	SLX4	Intron
chr16	3584769	3584871	SLX4	Exon/CDS
chr16	3584871	3589002	SLX4	Intron
chr16	3589002	3591310	SLX4	Exon/CDS
chr16	3591310	3592699	SLX4	Intron
chr16	3592699	3592865	SLX4	Exon/CDS
chr16	3592865	3594453	SLX4	Intron
chr16	3594453	3594599	SLX4	Exon/CDS
chr16	3594599	3595605	SLX4	Intron
chr16	3595605	3595693	SLX4	Exon/CDS
chr16	3595693	3596153	SLX4	Intron
chr16	3596153	3596393	SLX4	Exon/CDS
chr16	3596393	3597379	SLX4	Intron
chr16	3597379	3597695	SLX4	Exon/CDS
chr16	3597695	3597797	SLX4	Intron
chr16	3597797	3597999	SLX4	Exon/CDS
chr16	3597999	3600979	SLX4	Intron
chr16	3600979	3601191	SLX4	Exon/CDS
chr16	3601191	3602118	SLX4	Intron
chr16	3602118	3602307	SLX4	Exon/CDS
chr16	3602307	3606474	SLX4	Intron
chr16	3606474	3606698	SLX4	Exon/CDS
chr16	3606698	3608430	SLX4	Intron
chr16	3608430	3608964	SLX4	Exon/CDS
chr16	3608964	3612606	SLX4	Flanking Down
chr18	51027528	51047047	SMAD4	Flanking Up
chr18	51047047	51047295	SMAD4	Exon/CDS
chr18	51047295	51048686	SMAD4	Intron
chr18	51048686	51048860	SMAD4	Exon/CDS
chr18	51048860	51049295	SMAD4	Intron
chr18	51049295	51049324	SMAD4	Exon/CDS
chr18	51049324	51054781	SMAD4	Intron
chr18	51054781	51054993	SMAD4	Exon/CDS
chr18	51054993	51058125	SMAD4	Intron
chr18	51058125	51058244	SMAD4	Exon/CDS
chr18	51058244	51058340	SMAD4	Intron
chr18	51058340	51058456	SMAD4	Exon/CDS
chr18	51058456	51059866	SMAD4	Intron
chr18	51059866	51059916	SMAD4	Exon/CDS
chr18	51059916	51065423	SMAD4	Intron
chr18	51065423	51065606	SMAD4	Exon/CDS
chr18	51065606	51067019	SMAD4	Intron
chr18	51067019	51067187	SMAD4	Exon/CDS
chr18	51067187	51076638	SMAD4	Intron
chr18	51076638	51076776	SMAD4	Exon/CDS
chr18	51076776	51078256	SMAD4	Intron
chr18	51078256	51078467	SMAD4	Exon/CDS
chr18	51078467	51085045	SMAD4	Flanking Down
chr19	10959932	10984152	SMARCA4	Flanking Up
chr19	10984152	10984373	SMARCA4	Exon/CDS
chr19	10984373	10985273	SMARCA4	Intron
chr19	10985273	10985405	SMARCA4	Exon/CDS
chr19	10985405	10986189	SMARCA4	Intron
chr19	10986189	10986593	SMARCA4	Exon/CDS
chr19	10986593	10986905	SMARCA4	Intron
chr19	10986905	10987003	SMARCA4	Exon/CDS
chr19	10987003	10987666	SMARCA4	Intron
chr19	10987666	10987924	SMARCA4	Exon/CDS
chr19	10987924	10989317	SMARCA4	Intron
chr19	10989317	10989443	SMARCA4	Exon/CDS
chr19	10989443	10991150	SMARCA4	Intron
chr19	10991150	10991323	SMARCA4	Exon/CDS
chr19	10991323	10994828	SMARCA4	Intron
chr19	10994828	10995001	SMARCA4	Exon/CDS
chr19	10995001	10996213	SMARCA4	Intron
chr19	10996213	10996380	SMARCA4	Exon/CDS
chr19	10996380	10996494	SMARCA4	Intron
chr19	10996494	10996544	SMARCA4	Exon/CDS
chr19	10996544	11003029	SMARCA4	Intron
chr19	11003029	11003159	SMARCA4	Exon/CDS
chr19	11003159	11003340	SMARCA4	Intron
chr19	11003340	11003397	SMARCA4	Exon/CDS
chr19	11003397	11007902	SMARCA4	Intron
chr19	11007902	11008023	SMARCA4	Exon/CDS
chr19	11008023	11010381	SMARCA4	Intron
chr19	11010381	11010531	SMARCA4	Exon/CDS
chr19	11010531	11012949	SMARCA4	Intron
chr19	11012949	11013112	SMARCA4	Exon/CDS
chr19	11013112	11018957	SMARCA4	Intron
chr19	11018957	11019023	SMARCA4	Exon/CDS
chr19	11019023	11019591	SMARCA4	Intron
chr19	11019591	11019701	SMARCA4	Exon/CDS
chr19	11019701	11021725	SMARCA4	Intron
chr19	11021725	11021967	SMARCA4	Exon/CDS
chr19	11021967	11023518	SMARCA4	Intron
chr19	11023518	11023631	SMARCA4	Exon/CDS
chr19	11023631	11024331	SMARCA4	Intron
chr19	11024331	11024438	SMARCA4	Exon/CDS
chr19	11024438	11025422	SMARCA4	Intron
chr19	11025422	11025508	SMARCA4	Exon/CDS
chr19	11025508	11026300	SMARCA4	Intron
chr19	11026300	11026346	SMARCA4	Exon/CDS
chr19	11026346	11027784	SMARCA4	Intron
chr19	11027784	11027950	SMARCA4	Exon/CDS
chr19	11027950	11030730	SMARCA4	Intron
chr19	11030730	11030893	SMARCA4	Exon/CDS
chr19	11030893	11033290	SMARCA4	Intron
chr19	11033290	11033517	SMARCA4	Exon/CDS
chr19	11033517	11033767	SMARCA4	Intron
chr19	11033767	11033865	SMARCA4	Exon/CDS
chr19	11033865	11034123	SMARCA4	Intron
chr19	11034123	11034200	SMARCA4	Exon/CDS
chr19	11034200	11034914	SMARCA4	Intron
chr19	11034914	11035132	SMARCA4	Exon/CDS
chr19	11035132	11041307	SMARCA4	Intron
chr19	11041307	11041560	SMARCA4	Exon/CDS
chr19	11041560	11058255	SMARCA4	Intron
chr19	11058255	11058363	SMARCA4	Exon/CDS
chr19	11058363	11058788	SMARCA4	Intron
chr19	11058788	11058889	SMARCA4	Exon/CDS
chr19	11058889	11059753	SMARCA4	Intron
chr19	11059753	11059885	SMARCA4	Exon/CDS
chr19	11059885	11060045	SMARCA4	Intron
chr19	11060045	11060187	SMARCA4	Exon/CDS
chr19	11060187	11061784	SMARCA4	Intron
chr19	11061784	11061816	SMARCA4	Exon/CDS
chr19	11061816	11079426	SMARCA4	Flanking Down
chr22	23785931	23787170	SMARCB1	Flanking Up
chr22	23787170	23787262	SMARCB1	Exon/CDS
chr22	23787262	23791756	SMARCB1	Intron
chr22	23791756	23791894	SMARCB1	Exon/CDS
chr22	23791894	23793559	SMARCB1	Intron
chr22	23793559	23793688	SMARCB1	Exon/CDS
chr22	23793688	23800944	SMARCB1	Intron
chr22	23800944	23801081	SMARCB1	Exon/CDS
chr22	23801081	23803295	SMARCB1	Intron
chr22	23803295	23803422	SMARCB1	Exon/CDS
chr22	23803422	23816770	SMARCB1	Intron
chr22	23816770	23816936	SMARCB1	Exon/CDS
chr22	23816936	23825225	SMARCB1	Intron
chr22	23825225	23825415	SMARCB1	Exon/CDS
chr22	23825415	23833572	SMARCB1	Intron
chr22	23833572	23833703	SMARCB1	Exon/CDS
chr22	23833703	23834141	SMARCB1	Intron
chr22	23834141	23834180	SMARCB1	Exon/CDS
chr22	23834180	23838009	SMARCB1	Flanking Down
chr17	40624962	40628785	SMARCE1	Flanking Up
chr17	40628785	40628993	SMARCE1	Exon/CDS
chr17	40628993	40630714	SMARCE1	Intron
chr17	40630714	40630924	SMARCE1	Exon/CDS
chr17	40630924	40631592	SMARCE1	Intron
chr17	40631592	40631693	SMARCE1	Exon/CDS
chr17	40631693	40632195	SMARCE1	Intron
chr17	40632195	40632367	SMARCE1	Exon/CDS
chr17	40632367	40635931	SMARCE1	Intron
chr17	40635931	40636102	SMARCE1	Exon/CDS
chr17	40636102	40636395	SMARCE1	Intron
chr17	40636395	40636526	SMARCE1	Exon/CDS
chr17	40636526	40637492	SMARCE1	Intron
chr17	40637492	40637572	SMARCE1	Exon/CDS
chr17	40637572	40642455	SMARCE1	Intron
chr17	40642455	40642559	SMARCE1	Exon/CDS
chr17	40642559	40645576	SMARCE1	Intron
chr17	40645576	40645619	SMARCE1	Exon/CDS
chr17	40645619	40645796	SMARCE1	Intron
chr17	40645796	40645802	SMARCE1	Exon/CDS
chr17	40645802	40649654	SMARCE1	Flanking Down
chr2	38962206	38985824	SOS1	Flanking Up
chr2	38985824	38986315	SOS1	Exon/CDS
chr2	38986315	38987473	SOS1	Intron
chr2	38987473	38987591	SOS1	Exon/CDS
chr2	38987591	38989270	SOS1	Intron
chr2	38989270	38989314	SOS1	Exon/CDS
chr2	38989314	38995123	SOS1	Intron
chr2	38995123	38995387	SOS1	Exon/CDS
chr2	38995387	38996922	SOS1	Intron
chr2	38996922	38997038	SOS1	Exon/CDS
chr2	38997038	38997253	SOS1	Intron
chr2	38997253	38997425	SOS1	Exon/CDS
chr2	38997425	39006412	SOS1	Intron
chr2	39006412	39006529	SOS1	Exon/CDS
chr2	39006529	39007031	SOS1	Intron
chr2	39007031	39007193	SOS1	Exon/CDS
chr2	39007193	39010584	SOS1	Intron
chr2	39010584	39010703	SOS1	Exon/CDS
chr2	39010703	39012126	SOS1	Intron
chr2	39012126	39012348	SOS1	Exon/CDS
chr2	39012348	39013460	SOS1	Intron
chr2	39013460	39013563	SOS1	Exon/CDS
chr2	39013563	39013867	SOS1	Intron
chr2	39013867	39013989	SOS1	Exon/CDS
chr2	39013989	39014765	SOS1	Intron
chr2	39014765	39014846	SOS1	Exon/CDS
chr2	39014846	39022570	SOS1	Intron
chr2	39022570	39023225	SOS1	Exon/CDS
chr2	39023225	39024010	SOS1	Intron
chr2	39024010	39024137	SOS1	Exon/CDS
chr2	39024137	39035212	SOS1	Intron
chr2	39035212	39035310	SOS1	Exon/CDS
chr2	39035310	39035390	SOS1	Intron
chr2	39035390	39035500	SOS1	Exon/CDS
chr2	39035500	39051144	SOS1	Intron
chr2	39051144	39051287	SOS1	Exon/CDS
chr2	39051287	39054614	SOS1	Intron
chr2	39054614	39054823	SOS1	Exon/CDS
chr2	39054823	39056702	SOS1	Intron
chr2	39056702	39056866	SOS1	Exon/CDS
chr2	39056866	39058673	SOS1	Intron
chr2	39058673	39058804	SOS1	Exon/CDS
chr2	39058804	39067628	SOS1	Intron
chr2	39067628	39067753	SOS1	Exon/CDS
chr2	39067753	39120336	SOS1	Intron
chr2	39120336	39120422	SOS1	Exon/CDS
chr2	39120422	39125345	SOS1	Flanking Down
chr5	147824572	147824661	SPINK1	Flanking Up
chr5	147824661	147824706	SPINK1	Exon/CDS
chr5	147824706	147828022	SPINK1	Intron
chr5	147828022	147828128	SPINK1	Exon/CDS
chr5	147828128	147829599	SPINK1	Intron
chr5	147829599	147829630	SPINK1	Exon/CDS
chr5	147829630	147831523	SPINK1	Intron
chr5	147831523	147831577	SPINK1	Exon/CDS
chr5	147831577	147832671	SPINK1	Flanking Down
chr15	38251836	38253186	SPRED1	Flanking Up
chr15	38253186	38253217	SPRED1	Exon/CDS
chr15	38253217	38299373	SPRED1	Intron
chr15	38299373	38299547	SPRED1	Exon/CDS
chr15	38299547	38322241	SPRED1	Intron
chr15	38322241	38322409	SPRED1	Exon/CDS
chr15	38322409	38324763	SPRED1	Intron
chr15	38324763	38324809	SPRED1	Exon/CDS
chr15	38324809	38339737	SPRED1	Intron
chr15	38339737	38339895	SPRED1	Exon/CDS
chr15	38339895	38349422	SPRED1	Intron
chr15	38349422	38349523	SPRED1	Exon/CDS
chr15	38349523	38351014	SPRED1	Intron
chr15	38351014	38351664	SPRED1	Exon/CDS
chr15	38351664	38357249	SPRED1	Flanking Down
chr5	179805398	179820937	SQSTM1	Flanking Up
chr5	179820937	179821141	SQSTM1	Exon/CDS
chr5	179821141	179822958	SQSTM1	Intron
chr5	179822958	179823053	SQSTM1	Exon/CDS
chr5	179823053	179823858	SQSTM1	Intron
chr5	179823858	179824087	SQSTM1	Exon/CDS
chr5	179824087	179824182	SQSTM1	Intron
chr5	179824182	179824323	SQSTM1	Exon/CDS
chr5	179824323	179825146	SQSTM1	Intron
chr5	179825146	179825226	SQSTM1	Exon/CDS
chr5	179825226	179833032	SQSTM1	Intron
chr5	179833032	179833246	SQSTM1	Exon/CDS
chr5	179833246	179833587	SQSTM1	Intron
chr5	179833587	179833782	SQSTM1	Exon/CDS
chr5	179833782	179836436	SQSTM1	Intron
chr5	179836436	179836593	SQSTM1	Exon/CDS
chr5	179836593	179838078	SQSTM1	Flanking Down
chr4	56466617	56467636	SRP72	Flanking Up
chr4	56467636	56467744	SRP72	Exon/CDS
chr4	56467744	56469653	SRP72	Intron
chr4	56469653	56469773	SRP72	Exon/CDS
chr4	56469773	56471720	SRP72	Intron
chr4	56471720	56471843	SRP72	Exon/CDS
chr4	56471843	56474054	SRP72	Intron
chr4	56474054	56474197	SRP72	Exon/CDS
chr4	56474197	56474280	SRP72	Intron
chr4	56474280	56474391	SRP72	Exon/CDS
chr4	56474391	56476671	SRP72	Intron
chr4	56476671	56476702	SRP72	Exon/CDS
chr4	56476702	56478379	SRP72	Intron
chr4	56478379	56478503	SRP72	Exon/CDS
chr4	56478503	56478592	SRP72	Intron
chr4	56478592	56478649	SRP72	Exon/CDS
chr4	56478649	56483139	SRP72	Intron
chr4	56483139	56483270	SRP72	Exon/CDS
chr4	56483270	56484736	SRP72	Intron
chr4	56484736	56484864	SRP72	Exon/CDS
chr4	56484864	56486325	SRP72	Intron
chr4	56486325	56486397	SRP72	Exon/CDS
chr4	56486397	56487949	SRP72	Intron
chr4	56487949	56488013	SRP72	Exon/CDS
chr4	56488013	56489388	SRP72	Intron
chr4	56489388	56489483	SRP72	Exon/CDS
chr4	56489483	56490333	SRP72	Intron
chr4	56490333	56490436	SRP72	Exon/CDS
chr4	56490436	56490568	SRP72	Intron
chr4	56490568	56490645	SRP72	Exon/CDS
chr4	56490645	56491431	SRP72	Intron
chr4	56491431	56491568	SRP72	Exon/CDS
chr4	56491568	56495357	SRP72	Intron
chr4	56495357	56495394	SRP72	Exon/CDS
chr4	56495394	56500536	SRP72	Intron
chr4	56500536	56500695	SRP72	Exon/CDS
chr4	56500695	56501684	SRP72	Intron
chr4	56501684	56501861	SRP72	Exon/CDS
chr4	56501861	56503681	SRP72	Flanking Down
chrY	2786855	2786989	SRY	Flanking Up
chrY	2786989	2787603	SRY	Exon/CDS
chrY	2787603	2788682	SRY	Flanking Down
chr17	42313324	42315745	STAT3	Flanking Up
chr17	42315745	42315800	STAT3	Exon/CDS
chr17	42315800	42316789	STAT3	Intron
chr17	42316789	42316901	STAT3	Exon/CDS
chr17	42316901	42317182	STAT3	Intron
chr17	42317182	42317224	STAT3	Exon/CDS
chr17	42317224	42322282	STAT3	Intron
chr17	42322282	42322494	STAT3	Exon/CDS
chr17	42322494	42323004	STAT3	Intron
chr17	42323004	42323143	STAT3	Exon/CDS
chr17	42323143	42323260	STAT3	Intron
chr17	42323260	42323354	STAT3	Exon/CDS
chr17	42323354	42323573	STAT3	Intron
chr17	42323573	42323625	STAT3	Exon/CDS
chr17	42323625	42324711	STAT3	Intron
chr17	42324711	42324846	STAT3	Exon/CDS
chr17	42324846	42324963	STAT3	Intron
chr17	42324963	42325061	STAT3	Exon/CDS
chr17	42325061	42326116	STAT3	Intron
chr17	42326116	42326199	STAT3	Exon/CDS
chr17	42326199	42329410	STAT3	Intron
chr17	42329410	42329457	STAT3	Exon/CDS
chr17	42329457	42329554	STAT3	Intron
chr17	42329554	42329647	STAT3	Exon/CDS
chr17	42329647	42329747	STAT3	Intron
chr17	42329747	42329776	STAT3	Exon/CDS
chr17	42329776	42331472	STAT3	Intron
chr17	42331472	42331531	STAT3	Exon/CDS
chr17	42331531	42333673	STAT3	Intron
chr17	42333673	42333765	STAT3	Exon/CDS
chr17	42333765	42333891	STAT3	Intron
chr17	42333891	42334049	STAT3	Exon/CDS
chr17	42334049	42337435	STAT3	Intron
chr17	42337435	42337586	STAT3	Exon/CDS
chr17	42337586	42337763	STAT3	Intron
chr17	42337763	42337857	STAT3	Exon/CDS
chr17	42337857	42338731	STAT3	Intron
chr17	42338731	42338812	STAT3	Exon/CDS
chr17	42338812	42339314	STAT3	Intron
chr17	42339314	42339409	STAT3	Exon/CDS
chr17	42339409	42345559	STAT3	Intron
chr17	42345559	42345657	STAT3	Exon/CDS
chr17	42345657	42346569	STAT3	Intron
chr17	42346569	42346713	STAT3	Exon/CDS
chr17	42346713	42348389	STAT3	Intron
chr17	42348389	42348516	STAT3	Exon/CDS
chr17	42348516	42389540	STAT3	Flanking Down
chr19	1176558	1206914	STK11	Flanking Up
chr19	1206914	1207203	STK11	Exon/CDS
chr19	1207203	1218417	STK11	Intron
chr19	1218417	1218500	STK11	Exon/CDS
chr19	1218500	1219324	STK11	Intron
chr19	1219324	1219413	STK11	Exon/CDS
chr19	1219413	1220373	STK11	Intron
chr19	1220373	1220505	STK11	Exon/CDS
chr19	1220505	1220581	STK11	Intron
chr19	1220581	1220717	STK11	Exon/CDS
chr19	1220717	1221213	STK11	Intron
chr19	1221213	1221340	STK11	Exon/CDS
chr19	1221340	1221949	STK11	Intron
chr19	1221949	1222006	STK11	Exon/CDS
chr19	1222006	1222985	STK11	Intron
chr19	1222985	1223172	STK11	Exon/CDS
chr19	1223172	1226454	STK11	Intron
chr19	1226454	1226647	STK11	Exon/CDS
chr19	1226647	1228431	STK11	Flanking Down
chr10	103856806	103882684	STN1	Flanking Up
chr10	103882684	103882841	STN1	Exon/CDS
chr10	103882841	103889072	STN1	Intron
chr10	103889072	103889144	STN1	Exon/CDS
chr10	103889144	103892130	STN1	Intron
chr10	103892130	103892252	STN1	Exon/CDS
chr10	103892252	103897548	STN1	Intron
chr10	103897548	103897719	STN1	Exon/CDS
chr10	103897719	103898877	STN1	Intron
chr10	103898877	103899000	STN1	Exon/CDS
chr10	103899000	103900062	STN1	Intron
chr10	103900062	103900223	STN1	Exon/CDS
chr10	103900223	103905091	STN1	Intron
chr10	103905091	103905156	STN1	Exon/CDS
chr10	103905156	103910527	STN1	Intron
chr10	103910527	103910622	STN1	Exon/CDS
chr10	103910622	103917462	STN1	Intron
chr10	103917462	103917594	STN1	Exon/CDS
chr10	103917594	103919332	STN1	Flanking Down
chr10	102502972	102504153	SUFU	Flanking Up
chr10	102504153	102504334	SUFU	Exon/CDS
chr10	102504334	102509169	SUFU	Intron
chr10	102509169	102509303	SUFU	Exon/CDS
chr10	102509303	102549970	SUFU	Intron
chr10	102549970	102550106	SUFU	Exon/CDS
chr10	102550106	102592582	SUFU	Intron
chr10	102592582	102592724	SUFU	Exon/CDS
chr10	102592724	102593636	SUFU	Intron
chr10	102593636	102593721	SUFU	Exon/CDS
chr10	102593721	102593993	SUFU	Intron
chr10	102593993	102594065	SUFU	Exon/CDS
chr10	102594065	102597140	SUFU	Intron
chr10	102597140	102597293	SUFU	Exon/CDS
chr10	102597293	102599433	SUFU	Intron
chr10	102599433	102599544	SUFU	Exon/CDS
chr10	102599544	102615268	SUFU	Intron
chr10	102615268	102615402	SUFU	Exon/CDS
chr10	102615402	102617290	SUFU	Intron
chr10	102617290	102617428	SUFU	Exon/CDS
chr10	102617428	102627175	SUFU	Intron
chr10	102627175	102627243	SUFU	Exon/CDS
chr10	102627243	102630066	SUFU	Intron
chr10	102630066	102630155	SUFU	Exon/CDS
chr10	102630155	102633535	SUFU	Flanking Down
chr6	166157656	166158315	TBXT	Flanking Up
chr6	166158315	166158588	TBXT	Exon/CDS
chr6	166158588	166160837	TBXT	Intron
chr6	166160837	166160966	TBXT	Exon/CDS
chr6	166160966	166162447	TBXT	Intron
chr6	166162447	166162623	TBXT	Exon/CDS
chr6	166162623	166164605	TBXT	Intron
chr6	166164605	166164666	TBXT	Exon/CDS
chr6	166164666	166164800	TBXT	Intron
chr6	166164800	166164861	TBXT	Exon/CDS
chr6	166164861	166165706	TBXT	Intron
chr6	166165706	166165840	TBXT	Exon/CDS
chr6	166165840	166166592	TBXT	Intron
chr6	166166592	166166856	TBXT	Exon/CDS
chr6	166166856	166167386	TBXT	Intron
chr6	166167386	166167591	TBXT	Exon/CDS
chr6	166167591	166169700	TBXT	Flanking Down
chr3	169764520	169766060	TERC	Gene Body
chr16	75646773	75647883	TERF2IP	Flanking Up
chr16	75647883	75648552	TERF2IP	Exon/CDS
chr16	75648552	75654273	TERF2IP	Intron
chr16	75654273	75654397	TERF2IP	Exon/CDS
chr16	75654397	75656207	TERF2IP	Intron
chr16	75656207	75656611	TERF2IP	Exon/CDS
chr16	75656611	75761872	TERF2IP	Flanking Down
chr5	1250147	1253728	TERT	Flanking Up
chr5	1253728	1253831	TERT	Exon/CDS
chr5	1253831	1254368	TERT	Intron
chr5	1254368	1254505	TERT	Exon/CDS
chr5	1254505	1255287	TERT	Intron
chr5	1255287	1255411	TERT	Exon/CDS
chr5	1255411	1258598	TERT	Intron
chr5	1258598	1258659	TERT	Exon/CDS
chr5	1258659	1260474	TERT	Intron
chr5	1260474	1260600	TERT	Exon/CDS
chr5	1260600	1264404	TERT	Intron
chr5	1264404	1264592	TERT	Exon/CDS
chr5	1264592	1266464	TERT	Intron
chr5	1266464	1266535	TERT	Exon/CDS
chr5	1266535	1268520	TERT	Intron
chr5	1268520	1268633	TERT	Exon/CDS
chr5	1268633	1271119	TERT	Intron
chr5	1271119	1271204	TERT	Exon/CDS
chr5	1271204	1272185	TERT	Intron
chr5	1272185	1272280	TERT	Exon/CDS
chr5	1272280	1278641	TERT	Intron
chr5	1278641	1278796	TERT	Exon/CDS
chr5	1278796	1279291	TERT	Intron
chr5	1279291	1279470	TERT	Exon/CDS
chr5	1279470	1280158	TERT	Intron
chr5	1280158	1280338	TERT	Exon/CDS
chr5	1280338	1282429	TERT	Intron
chr5	1282429	1282624	TERT	Exon/CDS
chr5	1282624	1293313	TERT	Intron
chr5	1293313	1294666	TERT	Exon/CDS
chr5	1294666	1294771	TERT	Intron
chr5	1294771	1294989	TERT	Exon/CDS
chr5	1294989	1296068	TERT	Flanking Down
chr14	24238286	24239797	TINF2	Flanking Up
chr14	24239797	24239931	TINF2	Exon/CDS
chr14	24239931	24240064	TINF2	Intron
chr14	24240064	24240155	TINF2	Exon/CDS
chr14	24240155	24240263	TINF2	Intron
chr14	24240263	24240330	TINF2	Exon/CDS
chr14	24240330	24240419	TINF2	Intron
chr14	24240419	24240875	TINF2	Exon/CDS
chr14	24240875	24241020	TINF2	Intron
chr14	24241020	24241116	TINF2	Exon/CDS
chr14	24241116	24241204	TINF2	Intron
chr14	24241204	24241311	TINF2	Exon/CDS
chr14	24241311	24241675	TINF2	Intron
chr14	24241675	24241776	TINF2	Exon/CDS
chr14	24241776	24241890	TINF2	Intron
chr14	24241890	24241994	TINF2	Exon/CDS
chr14	24241994	24242141	TINF2	Intron
chr14	24242141	24242332	TINF2	Exon/CDS
chr14	24242332	24243663	TINF2	Flanking Down
chr2	96248514	96253808	TMEM127	Flanking Up
chr2	96253808	96254115	TMEM127	Exon/CDS
chr2	96254115	96254833	TMEM127	Intron
chr2	96254833	96254997	TMEM127	Exon/CDS
chr2	96254997	96265138	TMEM127	Intron
chr2	96265138	96265381	TMEM127	Exon/CDS
chr2	96265381	96266997	TMEM127	Flanking Down
chr17	7661779	7669609	TP53	Flanking Up
chr17	7669609	7669690	TP53	Exon/CDS
chr17	7669690	7670609	TP53	Intron
chr17	7670609	7670715	TP53	Exon/CDS
chr17	7670715	7673535	TP53	Intron
chr17	7673535	7673608	TP53	Exon/CDS
chr17	7673608	7673701	TP53	Intron
chr17	7673701	7673837	TP53	Exon/CDS
chr17	7673837	7674181	TP53	Intron
chr17	7674181	7674290	TP53	Exon/CDS
chr17	7674290	7674859	TP53	Intron
chr17	7674859	7674971	TP53	Exon/CDS
chr17	7674971	7675053	TP53	Intron
chr17	7675053	7675236	TP53	Exon/CDS
chr17	7675236	7675994	TP53	Intron
chr17	7675994	7676272	TP53	Exon/CDS
chr17	7676272	7676382	TP53	Intron
chr17	7676382	7676403	TP53	Exon/CDS
chr17	7676403	7676521	TP53	Intron
chr17	7676521	7676594	TP53	Exon/CDS
chr17	7676594	7712372	TP53	Flanking Down
chr19	58543064	58544758	TRIM28	Flanking Up
chr19	58544758	58545097	TRIM28	Exon/CDS
chr19	58545097	58545425	TRIM28	Intron
chr19	58545425	58545537	TRIM28	Exon/CDS
chr19	58545537	58545764	TRIM28	Intron
chr19	58545764	58545896	TRIM28	Exon/CDS
chr19	58545896	58547376	TRIM28	Intron
chr19	58547376	58547511	TRIM28	Exon/CDS
chr19	58547511	58547597	TRIM28	Intron
chr19	58547597	58547713	TRIM28	Exon/CDS
chr19	58547713	58547792	TRIM28	Intron
chr19	58547792	58547906	TRIM28	Exon/CDS
chr19	58547906	58548034	TRIM28	Intron
chr19	58548034	58548180	TRIM28	Exon/CDS
chr19	58548180	58548294	TRIM28	Intron
chr19	58548294	58548408	TRIM28	Exon/CDS
chr19	58548408	58548486	TRIM28	Intron
chr19	58548486	58548592	TRIM28	Exon/CDS
chr19	58548592	58548740	TRIM28	Intron
chr19	58548740	58548776	TRIM28	Exon/CDS
chr19	58548776	58548862	TRIM28	Intron
chr19	58548862	58548910	TRIM28	Exon/CDS
chr19	58548910	58548988	TRIM28	Intron
chr19	58548988	58549240	TRIM28	Exon/CDS
chr19	58549240	58549331	TRIM28	Intron
chr19	58549331	58549650	TRIM28	Exon/CDS
chr19	58549650	58549737	TRIM28	Intron
chr19	58549737	58549860	TRIM28	Exon/CDS
chr19	58549860	58549949	TRIM28	Intron
chr19	58549949	58550035	TRIM28	Exon/CDS
chr19	58550035	58550147	TRIM28	Intron
chr19	58550147	58550284	TRIM28	Exon/CDS
chr19	58550284	58550377	TRIM28	Intron
chr19	58550377	58550553	TRIM28	Exon/CDS
chr19	58550553	58550722	TRIM28	Flanking Down
chr17	58982638	58999377	TRIM37	Flanking Up
chr17	58999377	58999459	TRIM37	Exon/CDS
chr17	58999459	59001598	TRIM37	Intron
chr17	59001598	59001714	TRIM37	Exon/CDS
chr17	59001714	59012328	TRIM37	Intron
chr17	59012328	59012446	TRIM37	Exon/CDS
chr17	59012446	59015610	TRIM37	Intron
chr17	59015610	59015799	TRIM37	Exon/CDS
chr17	59015799	59017296	TRIM37	Intron
chr17	59017296	59017424	TRIM37	Exon/CDS
chr17	59017424	59028415	TRIM37	Intron
chr17	59028415	59028723	TRIM37	Exon/CDS
chr17	59028723	59031896	TRIM37	Intron
chr17	59031896	59032090	TRIM37	Exon/CDS
chr17	59032090	59041813	TRIM37	Intron
chr17	59041813	59041898	TRIM37	Exon/CDS
chr17	59041898	59047683	TRIM37	Intron
chr17	59047683	59047819	TRIM37	Exon/CDS
chr17	59047819	59049178	TRIM37	Intron
chr17	59049178	59049393	TRIM37	Exon/CDS
chr17	59049393	59051214	TRIM37	Intron
chr17	59051214	59051328	TRIM37	Exon/CDS
chr17	59051328	59056875	TRIM37	Intron
chr17	59056875	59057054	TRIM37	Exon/CDS
chr17	59057054	59061032	TRIM37	Intron
chr17	59061032	59061108	TRIM37	Exon/CDS
chr17	59061108	59062567	TRIM37	Intron
chr17	59062567	59062648	TRIM37	Exon/CDS
chr17	59062648	59064355	TRIM37	Intron
chr17	59064355	59064405	TRIM37	Exon/CDS
chr17	59064405	59070823	TRIM37	Intron
chr17	59070823	59070947	TRIM37	Exon/CDS
chr17	59070947	59075647	TRIM37	Intron
chr17	59075647	59075714	TRIM37	Exon/CDS
chr17	59075714	59079754	TRIM37	Intron
chr17	59079754	59079877	TRIM37	Exon/CDS
chr17	59079877	59081097	TRIM37	Intron
chr17	59081097	59081219	TRIM37	Exon/CDS
chr17	59081219	59084002	TRIM37	Intron
chr17	59084002	59084089	TRIM37	Exon/CDS
chr17	59084089	59088291	TRIM37	Intron
chr17	59088291	59088407	TRIM37	Exon/CDS
chr17	59088407	59091300	TRIM37	Intron
chr17	59091300	59091340	TRIM37	Exon/CDS
chr17	59091340	59104293	TRIM37	Intron
chr17	59104293	59104394	TRIM37	Exon/CDS
chr17	59104394	59106441	TRIM37	Intron
chr17	59106441	59106461	TRIM37	Exon/CDS
chr17	59106461	59107921	TRIM37	Flanking Down
chr5	891884	892999	TRIP13	Flanking Up
chr5	892999	893090	TRIP13	Exon/CDS
chr5	893090	894787	TRIP13	Intron
chr5	894787	894952	TRIP13	Exon/CDS
chr5	894952	896665	TRIP13	Intron
chr5	896665	896794	TRIP13	Exon/CDS
chr5	896794	900494	TRIP13	Intron
chr5	900494	900549	TRIP13	Exon/CDS
chr5	900549	901341	TRIP13	Intron
chr5	901341	901431	TRIP13	Exon/CDS
chr5	901431	904148	TRIP13	Intron
chr5	904148	904220	TRIP13	Exon/CDS
chr5	904220	907130	TRIP13	Intron
chr5	907130	907193	TRIP13	Exon/CDS
chr5	907193	907988	TRIP13	Intron
chr5	907988	908074	TRIP13	Exon/CDS
chr5	908074	908355	TRIP13	Intron
chr5	908355	908461	TRIP13	Exon/CDS
chr5	908461	911843	TRIP13	Intron
chr5	911843	911996	TRIP13	Exon/CDS
chr5	911996	914465	TRIP13	Intron
chr5	914465	914577	TRIP13	Exon/CDS
chr5	914577	915904	TRIP13	Intron
chr5	915904	915973	TRIP13	Exon/CDS
chr5	915973	917008	TRIP13	Intron
chr5	917008	917103	TRIP13	Exon/CDS
chr5	917103	919357	TRIP13	Flanking Down
chr9	132891348	132896235	TSC1	Flanking Up
chr9	132896235	132896754	TSC1	Exon/CDS
chr9	132896754	132897184	TSC1	Intron
chr9	132897184	132897345	TSC1	Exon/CDS
chr9	132897345	132897423	TSC1	Intron
chr9	132897423	132897610	TSC1	Exon/CDS
chr9	132897610	132900715	TSC1	Intron
chr9	132900715	132900837	TSC1	Exon/CDS
chr9	132900837	132901589	TSC1	Intron
chr9	132901589	132901699	TSC1	Exon/CDS
chr9	132901699	132902605	TSC1	Intron
chr9	132902605	132902787	TSC1	Exon/CDS
chr9	132902787	132903651	TSC1	Intron
chr9	132903651	132903817	TSC1	Exon/CDS
chr9	132903817	132904411	TSC1	Intron
chr9	132904411	132904454	TSC1	Exon/CDS
chr9	132904454	132905581	TSC1	Intron
chr9	132905581	132906139	TSC1	Exon/CDS
chr9	132906139	132906731	TSC1	Intron
chr9	132906731	132906835	TSC1	Exon/CDS
chr9	132906835	132907301	TSC1	Intron
chr9	132907301	132907370	TSC1	Exon/CDS
chr9	132907370	132910571	TSC1	Intron
chr9	132910571	132910692	TSC1	Exon/CDS
chr9	132910692	132911002	TSC1	Intron
chr9	132911002	132911113	TSC1	Exon/CDS
chr9	132911113	132911453	TSC1	Intron
chr9	132911453	132911568	TSC1	Exon/CDS
chr9	132911568	132912282	TSC1	Intron
chr9	132912282	132912457	TSC1	Exon/CDS
chr9	132912457	132921363	TSC1	Intron
chr9	132921363	132921436	TSC1	Exon/CDS
chr9	132921436	132921819	TSC1	Intron
chr9	132921819	132921973	TSC1	Exon/CDS
chr9	132921973	132923348	TSC1	Intron
chr9	132923348	132923492	TSC1	Exon/CDS
chr9	132923492	132925587	TSC1	Intron
chr9	132925587	132925739	TSC1	Exon/CDS
chr9	132925739	132927201	TSC1	Intron
chr9	132927201	132927304	TSC1	Exon/CDS
chr9	132927304	132928767	TSC1	Intron
chr9	132928767	132928872	TSC1	Exon/CDS
chr9	132928872	132947874	TSC1	Flanking Down
chr16	2046967	2048616	TSC2	Flanking Up
chr16	2048616	2048753	TSC2	Exon/CDS
chr16	2048753	2050400	TSC2	Intron
chr16	2050400	2050486	TSC2	Exon/CDS
chr16	2050486	2053342	TSC2	Intron
chr16	2053342	2053452	TSC2	Exon/CDS
chr16	2053452	2054296	TSC2	Intron
chr16	2054296	2054440	TSC2	Exon/CDS
chr16	2054440	2055402	TSC2	Intron
chr16	2055402	2055519	TSC2	Exon/CDS
chr16	2055519	2056196	TSC2	Intron
chr16	2056196	2056244	TSC2	Exon/CDS
chr16	2056244	2056644	TSC2	Intron
chr16	2056644	2056769	TSC2	Exon/CDS
chr16	2056769	2057105	TSC2	Intron
chr16	2057105	2057178	TSC2	Exon/CDS
chr16	2057178	2058747	TSC2	Intron
chr16	2058747	2058873	TSC2	Exon/CDS
chr16	2058873	2060670	TSC2	Intron
chr16	2060670	2060813	TSC2	Exon/CDS
chr16	2060813	2061871	TSC2	Intron
chr16	2061871	2062008	TSC2	Exon/CDS
chr16	2062008	2062497	TSC2	Intron
chr16	2062497	2062600	TSC2	Exon/CDS
chr16	2062600	2062972	TSC2	Intron
chr16	2062972	2063053	TSC2	Exon/CDS
chr16	2063053	2064272	TSC2	Intron
chr16	2064272	2064427	TSC2	Exon/CDS
chr16	2064427	2065519	TSC2	Intron
chr16	2065519	2065635	TSC2	Exon/CDS
chr16	2065635	2070456	TSC2	Intron
chr16	2070456	2070578	TSC2	Exon/CDS
chr16	2070578	2071510	TSC2	Intron
chr16	2071510	2071616	TSC2	Exon/CDS
chr16	2071616	2071784	TSC2	Intron
chr16	2071784	2071934	TSC2	Exon/CDS
chr16	2071934	2072241	TSC2	Intron
chr16	2072241	2072363	TSC2	Exon/CDS
chr16	2072363	2072849	TSC2	Intron
chr16	2072849	2072983	TSC2	Exon/CDS
chr16	2072983	2074200	TSC2	Intron
chr16	2074200	2074389	TSC2	Exon/CDS
chr16	2074389	2075799	TSC2	Intron
chr16	2075799	2075892	TSC2	Exon/CDS
chr16	2075892	2076068	TSC2	Intron
chr16	2076068	2076170	TSC2	Exon/CDS
chr16	2076170	2076491	TSC2	Intron
chr16	2076491	2076585	TSC2	Exon/CDS
chr16	2076585	2077598	TSC2	Intron
chr16	2077598	2077726	TSC2	Exon/CDS
chr16	2077726	2079032	TSC2	Intron
chr16	2079032	2079196	TSC2	Exon/CDS
chr16	2079196	2079276	TSC2	Intron
chr16	2079276	2079428	TSC2	Exon/CDS
chr16	2079428	2079557	TSC2	Intron
chr16	2079557	2079669	TSC2	Exon/CDS
chr16	2079669	2080165	TSC2	Intron
chr16	2080165	2080377	TSC2	Exon/CDS
chr16	2080377	2081595	TSC2	Intron
chr16	2081595	2081798	TSC2	Exon/CDS
chr16	2081798	2082436	TSC2	Intron
chr16	2082436	2082504	TSC2	Exon/CDS
chr16	2082504	2083695	TSC2	Intron
chr16	2083695	2083816	TSC2	Exon/CDS
chr16	2083816	2084228	TSC2	Intron
chr16	2084228	2084715	TSC2	Exon/CDS
chr16	2084715	2084951	TSC2	Intron
chr16	2084951	2085026	TSC2	Exon/CDS
chr16	2085026	2085230	TSC2	Intron
chr16	2085230	2085322	TSC2	Exon/CDS
chr16	2085322	2086193	TSC2	Intron
chr16	2086193	2086379	TSC2	Exon/CDS
chr16	2086379	2086732	TSC2	Intron
chr16	2086732	2086871	TSC2	Exon/CDS
chr16	2086871	2087863	TSC2	Intron
chr16	2087863	2087941	TSC2	Exon/CDS
chr16	2087941	2088048	TSC2	Intron
chr16	2088048	2088139	TSC2	Exon/CDS
chr16	2088139	2088227	TSC2	Intron
chr16	2088227	2088325	TSC2	Exon/CDS
chr16	2088325	2088446	TSC2	Intron
chr16	2088446	2088610	TSC2	Exon/CDS
chr16	2088610	2089491	TSC2	Flanking Down
chrX	54439404	54440422	TSR2	Flanking Up
chrX	54440422	54440502	TSR2	Exon/CDS
chrX	54440502	54440690	TSR2	Intron
chrX	54440690	54440780	TSR2	Exon/CDS
chrX	54440780	54443400	TSR2	Intron
chrX	54443400	54443491	TSR2	Exon/CDS
chrX	54443491	54444008	TSR2	Intron
chrX	54444008	54444184	TSR2	Exon/CDS
chrX	54444184	54444416	TSR2	Intron
chrX	54444416	54444550	TSR2	Exon/CDS
chrX	54444550	54448032	TSR2	Flanking Down
chr1	202331544	202331835	UBE2T	Flanking Up
chr1	202331835	202331960	UBE2T	Exon/CDS
chr1	202331960	202333010	UBE2T	Intron
chr1	202333010	202333093	UBE2T	Exon/CDS
chr1	202333093	202333237	UBE2T	Intron
chr1	202333237	202333335	UBE2T	Exon/CDS
chr1	202333335	202333450	UBE2T	Intron
chr1	202333450	202333555	UBE2T	Exon/CDS
chr1	202333555	202334989	UBE2T	Intron
chr1	202334989	202335058	UBE2T	Exon/CDS
chr1	202335058	202335646	UBE2T	Intron
chr1	202335646	202335754	UBE2T	Exon/CDS
chr1	202335754	202342984	UBE2T	Flanking Down
chr1	45009950	45012266	UROD	Flanking Up
chr1	45012266	45012285	UROD	Exon/CDS
chr1	45012285	45012907	UROD	Intron
chr1	45012907	45013019	UROD	Exon/CDS
chr1	45013019	45013136	UROD	Intron
chr1	45013136	45013215	UROD	Exon/CDS
chr1	45013215	45013292	UROD	Intron
chr1	45013292	45013354	UROD	Exon/CDS
chr1	45013354	45013594	UROD	Intron
chr1	45013594	45013791	UROD	Exon/CDS
chr1	45013791	45013909	UROD	Intron
chr1	45013909	45014070	UROD	Exon/CDS
chr1	45014070	45014439	UROD	Intron
chr1	45014439	45014576	UROD	Exon/CDS
chr1	45014576	45014736	UROD	Intron
chr1	45014736	45014836	UROD	Exon/CDS
chr1	45014836	45014940	UROD	Intron
chr1	45014940	45015006	UROD	Exon/CDS
chr1	45015006	45015337	UROD	Intron
chr1	45015337	45015498	UROD	Exon/CDS
chr1	45015498	45015575	UROD	Flanking Down
chr3	10140778	10141848	VHL	Flanking Up
chr3	10141848	10142187	VHL	Exon/CDS
chr3	10142187	10146514	VHL	Intron
chr3	10146514	10146636	VHL	Exon/CDS
chr3	10146636	10149787	VHL	Intron
chr3	10149787	10149965	VHL	Exon/CDS
chr3	10149965	10153667	VHL	Flanking Down
chrX	48675596	48683854	WAS	Flanking Up
chrX	48683854	48683985	WAS	Exon/CDS
chrX	48683985	48684283	WAS	Intron
chrX	48684283	48684423	WAS	Exon/CDS
chrX	48684423	48685547	WAS	Intron
chrX	48685547	48685633	WAS	Exon/CDS
chrX	48685633	48685734	WAS	Intron
chrX	48685734	48685836	WAS	Exon/CDS
chrX	48685836	48685946	WAS	Intron
chrX	48685946	48685987	WAS	Exon/CDS
chrX	48685987	48686081	WAS	Intron
chrX	48686081	48686134	WAS	Exon/CDS
chrX	48686134	48686781	WAS	Intron
chrX	48686781	48686955	WAS	Exon/CDS
chrX	48686955	48688054	WAS	Intron
chrX	48688054	48688096	WAS	Exon/CDS
chrX	48688096	48688300	WAS	Intron
chrX	48688300	48688453	WAS	Exon/CDS
chrX	48688453	48688660	WAS	Intron
chrX	48688660	48689066	WAS	Exon/CDS
chrX	48689066	48689320	WAS	Intron
chrX	48689320	48689434	WAS	Exon/CDS
chrX	48689434	48691107	WAS	Intron
chrX	48691107	48691162	WAS	Exon/CDS
chrX	48691162	48691431	WAS	Flanking Down
chr17	7685071	7688649	WRAP53	Flanking Up
chr17	7688649	7689079	WRAP53	Exon/CDS
chr17	7689079	7689224	WRAP53	Intron
chr17	7689224	7689322	WRAP53	Exon/CDS
chr17	7689322	7689590	WRAP53	Intron
chr17	7689590	7689701	WRAP53	Exon/CDS
chr17	7689701	7700741	WRAP53	Intron
chr17	7700741	7700829	WRAP53	Exon/CDS
chr17	7700829	7701459	WRAP53	Intron
chr17	7701459	7701549	WRAP53	Exon/CDS
chr17	7701549	7701657	WRAP53	Intron
chr17	7701657	7701789	WRAP53	Exon/CDS
chr17	7701789	7702344	WRAP53	Intron
chr17	7702344	7702552	WRAP53	Exon/CDS
chr17	7702552	7702743	WRAP53	Intron
chr17	7702743	7702846	WRAP53	Exon/CDS
chr17	7702846	7702993	WRAP53	Intron
chr17	7702993	7703127	WRAP53	Exon/CDS
chr17	7703127	7703243	WRAP53	Intron
chr17	7703243	7703486	WRAP53	Exon/CDS
chr17	7703486	7703502	WRAP53	Flanking Down
chr8	31032788	31058448	WRN	Flanking Up
chr8	31058448	31058543	WRN	Exon/CDS
chr8	31058543	31059153	WRN	Intron
chr8	31059153	31059265	WRN	Exon/CDS
chr8	31059265	31064289	WRN	Intron
chr8	31064289	31064434	WRN	Exon/CDS
chr8	31064434	31064915	WRN	Intron
chr8	31064915	31065063	WRN	Exon/CDS
chr8	31065063	31067033	WRN	Intron
chr8	31067033	31067182	WRN	Exon/CDS
chr8	31067182	31068258	WRN	Intron
chr8	31068258	31068327	WRN	Exon/CDS
chr8	31068327	31076173	WRN	Intron
chr8	31076173	31076287	WRN	Exon/CDS
chr8	31076287	31080867	WRN	Intron
chr8	31080867	31081296	WRN	Exon/CDS
chr8	31081296	31083699	WRN	Intron
chr8	31083699	31083779	WRN	Exon/CDS
chr8	31083779	31085166	WRN	Intron
chr8	31085166	31085246	WRN	Exon/CDS
chr8	31085246	31087776	WRN	Intron
chr8	31087776	31087920	WRN	Exon/CDS
chr8	31087920	31088890	WRN	Intron
chr8	31088890	31088965	WRN	Exon/CDS
chr8	31088965	31090465	WRN	Intron
chr8	31090465	31090532	WRN	Exon/CDS
chr8	31090532	31090834	WRN	Intron
chr8	31090834	31090942	WRN	Exon/CDS
chr8	31090942	31091830	WRN	Intron
chr8	31091830	31091898	WRN	Exon/CDS
chr8	31091898	31096768	WRN	Intron
chr8	31096768	31096850	WRN	Exon/CDS
chr8	31096850	31100849	WRN	Intron
chr8	31100849	31100955	WRN	Exon/CDS
chr8	31100955	31111615	WRN	Intron
chr8	31111615	31111799	WRN	Exon/CDS
chr8	31111799	31116354	WRN	Intron
chr8	31116354	31116528	WRN	Exon/CDS
chr8	31116528	31120243	WRN	Intron
chr8	31120243	31120424	WRN	Exon/CDS
chr8	31120424	31124522	WRN	Intron
chr8	31124522	31124623	WRN	Exon/CDS
chr8	31124623	31124908	WRN	Intron
chr8	31124908	31125000	WRN	Exon/CDS
chr8	31125000	31132365	WRN	Intron
chr8	31132365	31132506	WRN	Exon/CDS
chr8	31132506	31141430	WRN	Intron
chr8	31141430	31141600	WRN	Exon/CDS
chr8	31141600	31141681	WRN	Intron
chr8	31141681	31141775	WRN	Exon/CDS
chr8	31141775	31142626	WRN	Intron
chr8	31142626	31142701	WRN	Exon/CDS
chr8	31142701	31143550	WRN	Intron
chr8	31143550	31143623	WRN	Exon/CDS
chr8	31143623	31147053	WRN	Intron
chr8	31147053	31147128	WRN	Exon/CDS
chr8	31147128	31147364	WRN	Intron
chr8	31147364	31147476	WRN	Exon/CDS
chr8	31147476	31150341	WRN	Intron
chr8	31150341	31150455	WRN	Exon/CDS
chr8	31150455	31154624	WRN	Intron
chr8	31154624	31154755	WRN	Exon/CDS
chr8	31154755	31157368	WRN	Intron
chr8	31157368	31157530	WRN	Exon/CDS
chr8	31157530	31167022	WRN	Intron
chr8	31167022	31167230	WRN	Exon/CDS
chr8	31167230	31172995	WRN	Intron
chr8	31172995	31173102	WRN	Exon/CDS
chr8	31173102	31176138	WRN	Flanking Down
chr11	32387775	32389058	WT1	Flanking Up
chr11	32389058	32389179	WT1	Exon/CDS
chr11	32389179	32391972	WT1	Intron
chr11	32391972	32392064	WT1	Exon/CDS
chr11	32392064	32392666	WT1	Intron
chr11	32392666	32392755	WT1	Exon/CDS
chr11	32392755	32396257	WT1	Intron
chr11	32396257	32396407	WT1	Exon/CDS
chr11	32396407	32399948	WT1	Intron
chr11	32399948	32400044	WT1	Exon/CDS
chr11	32400044	32416490	WT1	Intron
chr11	32416490	32416540	WT1	Exon/CDS
chr11	32416540	32417577	WT1	Intron
chr11	32417577	32417654	WT1	Exon/CDS
chr11	32417654	32427956	WT1	Intron
chr11	32427956	32428058	WT1	Exon/CDS
chr11	32428058	32428497	WT1	Intron
chr11	32428497	32428619	WT1	Exon/CDS
chr11	32428619	32434700	WT1	Intron
chr11	32434700	32435360	WT1	Exon/CDS
chr11	32435360	32436564	WT1	Flanking Down
chr9	97674909	97675439	XPA	Flanking Up
chr9	97675439	97675587	XPA	Exon/CDS
chr9	97675587	97684923	XPA	Intron
chr9	97684923	97685040	XPA	Exon/CDS
chr9	97685040	97687096	XPA	Intron
chr9	97687096	97687261	XPA	Exon/CDS
chr9	97687261	97689534	XPA	Intron
chr9	97689534	97689639	XPA	Exon/CDS
chr9	97689639	97693649	XPA	Intron
chr9	97693649	97693759	XPA	Exon/CDS
chr9	97693759	97697121	XPA	Intron
chr9	97697121	97697292	XPA	Exon/CDS
chr9	97697292	97698340	XPA	Flanking Down
chr3	14145147	14145941	XPC	Flanking Up
chr3	14145941	14146159	XPC	Exon/CDS
chr3	14146159	14147290	XPC	Intron
chr3	14147290	14147379	XPC	Exon/CDS
chr3	14147379	14147908	XPC	Intron
chr3	14147908	14148001	XPC	Exon/CDS
chr3	14148001	14148562	XPC	Intron
chr3	14148562	14148731	XPC	Exon/CDS
chr3	14148731	14148814	XPC	Intron
chr3	14148814	14148948	XPC	Exon/CDS
chr3	14148948	14152335	XPC	Intron
chr3	14152335	14152416	XPC	Exon/CDS
chr3	14152416	14156335	XPC	Intron
chr3	14156335	14156495	XPC	Exon/CDS
chr3	14156495	14158011	XPC	Intron
chr3	14158011	14158892	XPC	Exon/CDS
chr3	14158892	14159741	XPC	Intron
chr3	14159741	14159830	XPC	Exon/CDS
chr3	14159830	14164813	XPC	Intron
chr3	14164813	14164933	XPC	Exon/CDS
chr3	14164933	14165428	XPC	Intron
chr3	14165428	14165585	XPC	Exon/CDS
chr3	14165585	14167169	XPC	Intron
chr3	14167169	14167253	XPC	Exon/CDS
chr3	14167253	14168257	XPC	Intron
chr3	14168257	14168380	XPC	Exon/CDS
chr3	14168380	14170438	XPC	Intron
chr3	14170438	14170550	XPC	Exon/CDS
chr3	14170550	14172867	XPC	Intron
chr3	14172867	14173062	XPC	Exon/CDS
chr3	14173062	14178466	XPC	Intron
chr3	14178466	14178568	XPC	Exon/CDS
chr3	14178568	14179621	XPC	Flanking Down
chr7	152644776	152648642	XRCC2	Flanking Up
chr7	152648642	152649363	XRCC2	Exon/CDS
chr7	152649363	152660701	XRCC2	Intron
chr7	152660701	152660782	XRCC2	Exon/CDS
chr7	152660782	152676041	XRCC2	Intron
chr7	152676041	152676079	XRCC2	Exon/CDS
chr7	152676079	152677193	XRCC2	Flanking Down
chr12	122471600	122473497	ZCCHC8	Flanking Up
chr12	122473497	122474275	ZCCHC8	Exon/CDS
chr12	122474275	122477841	ZCCHC8	Intron
chr12	122477841	122477958	ZCCHC8	Exon/CDS
chr12	122477958	122478206	ZCCHC8	Intron
chr12	122478206	122478292	ZCCHC8	Exon/CDS
chr12	122478292	122480190	ZCCHC8	Intron
chr12	122480190	122480311	ZCCHC8	Exon/CDS
chr12	122480311	122481522	ZCCHC8	Intron
chr12	122481522	122481664	ZCCHC8	Exon/CDS
chr12	122481664	122481945	ZCCHC8	Intron
chr12	122481945	122482087	ZCCHC8	Exon/CDS
chr12	122482087	122482635	ZCCHC8	Intron
chr12	122482635	122482695	ZCCHC8	Exon/CDS
chr12	122482695	122483279	ZCCHC8	Intron
chr12	122483279	122483344	ZCCHC8	Exon/CDS
chr12	122483344	122483460	ZCCHC8	Intron
chr12	122483460	122483563	ZCCHC8	Exon/CDS
chr12	122483563	122489386	ZCCHC8	Intron
chr12	122489386	122489463	ZCCHC8	Exon/CDS
chr12	122489463	122490462	ZCCHC8	Intron
chr12	122490462	122490567	ZCCHC8	Exon/CDS
chr12	122490567	122492715	ZCCHC8	Intron
chr12	122492715	122492789	ZCCHC8	Exon/CDS
chr12	122492789	122498827	ZCCHC8	Intron
chr12	122498827	122498869	ZCCHC8	Exon/CDS
chr12	122498869	122500642	ZCCHC8	Intron
chr12	122500642	122500840	ZCCHC8	Exon/CDS
chr12	122500840	122501932	ZCCHC8	Flanking Down
